{"asctime": "2024-12-18T15:59:56", "msecs": 92.0, "levelname": "INFO", "correlation_id": "-", "name": "uvicorn.error", "lineno": 62, "message": "Application startup complete."}
{"asctime": "2024-12-18T15:59:56", "msecs": 98.0, "levelname": "INFO", "correlation_id": "-", "name": "uvicorn.error", "lineno": 214, "message": "Uvicorn running on http://127.0.0.1:8000 (Press CTRL+C to quit)", "color_message": "Uvicorn running on \u001b[1m%s://%s:%d\u001b[0m (Press CTRL+C to quit)"}
{"asctime": "2024-12-18T16:00:27", "msecs": 20.0, "levelname": "INFO", "correlation_id": "-", "name": "uvicorn.error", "lineno": 258, "message": "Shutting down"}
{"asctime": "2024-12-18T16:00:27", "msecs": 130.0, "levelname": "INFO", "correlation_id": "-", "name": "uvicorn.error", "lineno": 67, "message": "Waiting for application shutdown."}
{"asctime": "2024-12-18T16:00:27", "msecs": 134.0, "levelname": "INFO", "correlation_id": "-", "name": "uvicorn.error", "lineno": 76, "message": "Application shutdown complete."}
{"asctime": "2024-12-18T16:00:27", "msecs": 137.0, "levelname": "INFO", "correlation_id": "-", "name": "uvicorn.error", "lineno": 92, "message": "Finished server process [5704]", "color_message": "Finished server process [\u001b[36m%d\u001b[0m]"}
{"asctime": "2024-12-18T16:00:54", "msecs": 358.0, "levelname": "INFO", "correlation_id": "-", "name": "uvicorn.error", "lineno": 62, "message": "Application startup complete."}
{"asctime": "2024-12-18T16:00:54", "msecs": 362.0, "levelname": "INFO", "correlation_id": "-", "name": "uvicorn.error", "lineno": 214, "message": "Uvicorn running on http://127.0.0.1:8000 (Press CTRL+C to quit)", "color_message": "Uvicorn running on \u001b[1m%s://%s:%d\u001b[0m (Press CTRL+C to quit)"}
{"asctime": "2024-12-18T16:03:48", "msecs": 757.0, "levelname": "INFO", "correlation_id": "-", "name": "uvicorn.error", "lineno": 258, "message": "Shutting down"}
{"asctime": "2024-12-18T16:03:48", "msecs": 868.0, "levelname": "INFO", "correlation_id": "-", "name": "uvicorn.error", "lineno": 67, "message": "Waiting for application shutdown."}
{"asctime": "2024-12-18T16:03:48", "msecs": 872.0, "levelname": "INFO", "correlation_id": "-", "name": "uvicorn.error", "lineno": 76, "message": "Application shutdown complete."}
{"asctime": "2024-12-18T16:03:48", "msecs": 874.0, "levelname": "INFO", "correlation_id": "-", "name": "uvicorn.error", "lineno": 92, "message": "Finished server process [25080]", "color_message": "Finished server process [\u001b[36m%d\u001b[0m]"}
{"asctime": "2024-12-18T16:04:08", "msecs": 494.0, "levelname": "INFO", "correlation_id": "-", "name": "uvicorn.error", "lineno": 62, "message": "Application startup complete."}
{"asctime": "2024-12-18T16:04:08", "msecs": 498.0, "levelname": "INFO", "correlation_id": "-", "name": "uvicorn.error", "lineno": 214, "message": "Uvicorn running on http://127.0.0.1:8000 (Press CTRL+C to quit)", "color_message": "Uvicorn running on \u001b[1m%s://%s:%d\u001b[0m (Press CTRL+C to quit)"}
{"asctime": "2024-12-18T16:04:53", "msecs": 744.0, "levelname": "INFO", "correlation_id": "-", "name": "uvicorn.error", "lineno": 258, "message": "Shutting down"}
{"asctime": "2024-12-18T16:04:53", "msecs": 859.0, "levelname": "INFO", "correlation_id": "-", "name": "uvicorn.error", "lineno": 67, "message": "Waiting for application shutdown."}
{"asctime": "2024-12-18T16:04:53", "msecs": 861.0, "levelname": "INFO", "correlation_id": "-", "name": "uvicorn.error", "lineno": 76, "message": "Application shutdown complete."}
{"asctime": "2024-12-18T16:04:53", "msecs": 863.0, "levelname": "INFO", "correlation_id": "-", "name": "uvicorn.error", "lineno": 92, "message": "Finished server process [8692]", "color_message": "Finished server process [\u001b[36m%d\u001b[0m]"}
{"asctime": "2024-12-18T16:11:00", "msecs": 800.0, "levelname": "INFO", "correlation_id": "-", "name": "integration.main", "lineno": 43, "message": "Hello World"}
{"asctime": "2024-12-18T16:11:00", "msecs": 804.0, "levelname": "INFO", "correlation_id": "-", "name": "uvicorn.error", "lineno": 62, "message": "Application startup complete."}
{"asctime": "2024-12-18T16:11:00", "msecs": 807.0, "levelname": "INFO", "correlation_id": "-", "name": "uvicorn.error", "lineno": 214, "message": "Uvicorn running on http://127.0.0.1:8000 (Press CTRL+C to quit)", "color_message": "Uvicorn running on \u001b[1m%s://%s:%d\u001b[0m (Press CTRL+C to quit)"}
{"asctime": "2024-12-18T16:11:22", "msecs": 596.0, "levelname": "INFO", "correlation_id": "-", "name": "uvicorn.error", "lineno": 258, "message": "Shutting down"}
{"asctime": "2024-12-18T16:11:22", "msecs": 707.0, "levelname": "INFO", "correlation_id": "-", "name": "uvicorn.error", "lineno": 67, "message": "Waiting for application shutdown."}
{"asctime": "2024-12-18T16:11:22", "msecs": 709.0, "levelname": "INFO", "correlation_id": "-", "name": "uvicorn.error", "lineno": 76, "message": "Application shutdown complete."}
{"asctime": "2024-12-18T16:11:22", "msecs": 712.0, "levelname": "INFO", "correlation_id": "-", "name": "uvicorn.error", "lineno": 92, "message": "Finished server process [24620]", "color_message": "Finished server process [\u001b[36m%d\u001b[0m]"}
{"asctime": "2024-12-18T16:11:25", "msecs": 699.0, "levelname": "INFO", "correlation_id": "-", "name": "integration.main", "lineno": 43, "message": "Hello World"}
{"asctime": "2024-12-18T16:11:25", "msecs": 704.0, "levelname": "INFO", "correlation_id": "-", "name": "integration.main", "lineno": 22, "message": "Fetching events at start time --> 2024-12-18 16:11:15.704077"}
{"asctime": "2024-12-18T16:11:25", "msecs": 706.0, "levelname": "INFO", "correlation_id": "-", "name": "uvicorn.error", "lineno": 62, "message": "Application startup complete."}
{"asctime": "2024-12-18T16:11:25", "msecs": 710.0, "levelname": "INFO", "correlation_id": "-", "name": "uvicorn.error", "lineno": 214, "message": "Uvicorn running on http://127.0.0.1:8000 (Press CTRL+C to quit)", "color_message": "Uvicorn running on \u001b[1m%s://%s:%d\u001b[0m (Press CTRL+C to quit)"}
{"asctime": "2024-12-18T16:11:26", "msecs": 701.0, "levelname": "INFO", "correlation_id": "-", "name": "integration.handlers.get_events_handler", "lineno": 10, "message": "getting events starting from 2024-12-18 16:11:15.704077"}
{"asctime": "2024-12-18T16:11:36", "msecs": 720.0, "levelname": "INFO", "correlation_id": "-", "name": "integration.main", "lineno": 22, "message": "Fetching events at start time --> 2024-12-18 16:11:26.720093"}
{"asctime": "2024-12-18T16:11:37", "msecs": 727.0, "levelname": "INFO", "correlation_id": "-", "name": "integration.handlers.get_events_handler", "lineno": 10, "message": "getting events starting from 2024-12-18 16:11:26.720093"}
{"asctime": "2024-12-18T16:11:41", "msecs": 696.0, "levelname": "INFO", "correlation_id": "-", "name": "integration.handlers.all_events_handler", "lineno": 11, "message": "Handled events ['event1', 'event2'] starting from 2024-12-18 16:11:15.704077"}
{"asctime": "2024-12-18T16:11:47", "msecs": 745.0, "levelname": "INFO", "correlation_id": "-", "name": "integration.main", "lineno": 22, "message": "Fetching events at start time --> 2024-12-18 16:11:37.745862"}
{"asctime": "2024-12-18T16:11:48", "msecs": 754.0, "levelname": "INFO", "correlation_id": "-", "name": "integration.handlers.get_events_handler", "lineno": 10, "message": "getting events starting from 2024-12-18 16:11:37.745862"}
{"asctime": "2024-12-18T16:11:52", "msecs": 740.0, "levelname": "INFO", "correlation_id": "-", "name": "integration.handlers.all_events_handler", "lineno": 11, "message": "Handled events ['event1', 'event2'] starting from 2024-12-18 16:11:26.720093"}
{"asctime": "2024-12-18T16:11:58", "msecs": 749.0, "levelname": "INFO", "correlation_id": "-", "name": "integration.main", "lineno": 22, "message": "Fetching events at start time --> 2024-12-18 16:11:48.749479"}
{"asctime": "2024-12-18T16:11:59", "msecs": 751.0, "levelname": "INFO", "correlation_id": "-", "name": "integration.handlers.get_events_handler", "lineno": 10, "message": "getting events starting from 2024-12-18 16:11:48.749479"}
{"asctime": "2024-12-18T16:12:03", "msecs": 747.0, "levelname": "INFO", "correlation_id": "-", "name": "integration.handlers.all_events_handler", "lineno": 11, "message": "Handled events ['event1', 'event2'] starting from 2024-12-18 16:11:37.745862"}
{"asctime": "2024-12-18T16:12:09", "msecs": 747.0, "levelname": "INFO", "correlation_id": "-", "name": "integration.main", "lineno": 22, "message": "Fetching events at start time --> 2024-12-18 16:11:59.747990"}
{"asctime": "2024-12-18T16:12:10", "msecs": 755.0, "levelname": "INFO", "correlation_id": "-", "name": "integration.handlers.get_events_handler", "lineno": 10, "message": "getting events starting from 2024-12-18 16:11:59.747990"}
{"asctime": "2024-12-18T16:12:14", "msecs": 767.0, "levelname": "INFO", "correlation_id": "-", "name": "integration.handlers.all_events_handler", "lineno": 11, "message": "Handled events ['event1', 'event2'] starting from 2024-12-18 16:11:48.749479"}
{"asctime": "2024-12-18T16:12:20", "msecs": 768.0, "levelname": "INFO", "correlation_id": "-", "name": "integration.main", "lineno": 22, "message": "Fetching events at start time --> 2024-12-18 16:12:10.768048"}
{"asctime": "2024-12-18T16:12:21", "msecs": 765.0, "levelname": "INFO", "correlation_id": "-", "name": "integration.handlers.get_events_handler", "lineno": 10, "message": "getting events starting from 2024-12-18 16:12:10.768048"}
{"asctime": "2024-12-18T16:12:25", "msecs": 784.0, "levelname": "INFO", "correlation_id": "-", "name": "integration.handlers.all_events_handler", "lineno": 11, "message": "Handled events ['event1', 'event2'] starting from 2024-12-18 16:11:59.747990"}
{"asctime": "2024-12-18T16:12:31", "msecs": 779.0, "levelname": "INFO", "correlation_id": "-", "name": "integration.main", "lineno": 22, "message": "Fetching events at start time --> 2024-12-18 16:12:21.779381"}
{"asctime": "2024-12-18T16:12:32", "msecs": 776.0, "levelname": "INFO", "correlation_id": "-", "name": "integration.handlers.get_events_handler", "lineno": 10, "message": "getting events starting from 2024-12-18 16:12:21.779381"}
{"asctime": "2024-12-18T16:12:36", "msecs": 0.0, "levelname": "INFO", "correlation_id": "-", "name": "uvicorn.error", "lineno": 258, "message": "Shutting down"}
{"asctime": "2024-12-18T16:12:36", "msecs": 111.0, "levelname": "INFO", "correlation_id": "-", "name": "uvicorn.error", "lineno": 67, "message": "Waiting for application shutdown."}
{"asctime": "2024-12-18T16:12:36", "msecs": 115.0, "levelname": "INFO", "correlation_id": "-", "name": "uvicorn.error", "lineno": 76, "message": "Application shutdown complete."}
{"asctime": "2024-12-18T16:12:36", "msecs": 117.0, "levelname": "INFO", "correlation_id": "-", "name": "uvicorn.error", "lineno": 92, "message": "Finished server process [11308]", "color_message": "Finished server process [\u001b[36m%d\u001b[0m]"}
{"asctime": "2024-12-18T16:12:56", "msecs": 771.0, "levelname": "INFO", "correlation_id": "-", "name": "integration.main", "lineno": 43, "message": "Hello World"}
{"asctime": "2024-12-18T16:12:56", "msecs": 776.0, "levelname": "INFO", "correlation_id": "-", "name": "integration.main", "lineno": 22, "message": "Fetching events at start time --> 2024-12-18 16:12:46.776208"}
{"asctime": "2024-12-18T16:12:56", "msecs": 778.0, "levelname": "INFO", "correlation_id": "-", "name": "uvicorn.error", "lineno": 62, "message": "Application startup complete."}
{"asctime": "2024-12-18T16:12:56", "msecs": 780.0, "levelname": "INFO", "correlation_id": "-", "name": "uvicorn.error", "lineno": 214, "message": "Uvicorn running on http://127.0.0.1:8000 (Press CTRL+C to quit)", "color_message": "Uvicorn running on \u001b[1m%s://%s:%d\u001b[0m (Press CTRL+C to quit)"}
{"asctime": "2024-12-18T16:12:57", "msecs": 774.0, "levelname": "INFO", "correlation_id": "-", "name": "integration.handlers.get_events_handler", "lineno": 10, "message": "getting events starting from 2024-12-18 16:12:46.776208"}
{"asctime": "2024-12-18T16:13:07", "msecs": 796.0, "levelname": "INFO", "correlation_id": "-", "name": "integration.main", "lineno": 22, "message": "Fetching events at start time --> 2024-12-18 16:12:57.796879"}
{"asctime": "2024-12-18T16:13:08", "msecs": 796.0, "levelname": "INFO", "correlation_id": "-", "name": "integration.handlers.get_events_handler", "lineno": 10, "message": "getting events starting from 2024-12-18 16:12:57.796879"}
{"asctime": "2024-12-18T16:13:18", "msecs": 793.0, "levelname": "INFO", "correlation_id": "-", "name": "integration.main", "lineno": 22, "message": "Fetching events at start time --> 2024-12-18 16:13:08.793450"}
{"asctime": "2024-12-18T16:13:19", "msecs": 794.0, "levelname": "INFO", "correlation_id": "-", "name": "integration.handlers.get_events_handler", "lineno": 10, "message": "getting events starting from 2024-12-18 16:13:08.793450"}
{"asctime": "2024-12-18T16:13:27", "msecs": 784.0, "levelname": "INFO", "correlation_id": "-", "name": "integration.handlers.all_events_handler", "lineno": 11, "message": "Handled events ['event1', 'event2'] starting from 2024-12-18 16:12:46.776208"}
{"asctime": "2024-12-18T16:13:29", "msecs": 803.0, "levelname": "INFO", "correlation_id": "-", "name": "integration.main", "lineno": 22, "message": "Fetching events at start time --> 2024-12-18 16:13:19.803777"}
{"asctime": "2024-12-18T16:13:30", "msecs": 818.0, "levelname": "INFO", "correlation_id": "-", "name": "integration.handlers.get_events_handler", "lineno": 10, "message": "getting events starting from 2024-12-18 16:13:19.803777"}
{"asctime": "2024-12-18T16:13:38", "msecs": 794.0, "levelname": "INFO", "correlation_id": "-", "name": "integration.handlers.all_events_handler", "lineno": 11, "message": "Handled events ['event1', 'event2'] starting from 2024-12-18 16:12:57.796879"}
{"asctime": "2024-12-18T16:13:40", "msecs": 847.0, "levelname": "INFO", "correlation_id": "-", "name": "integration.main", "lineno": 22, "message": "Fetching events at start time --> 2024-12-18 16:13:30.847624"}
{"asctime": "2024-12-18T16:13:41", "msecs": 852.0, "levelname": "INFO", "correlation_id": "-", "name": "integration.handlers.get_events_handler", "lineno": 10, "message": "getting events starting from 2024-12-18 16:13:30.847624"}
{"asctime": "2024-12-18T16:13:49", "msecs": 804.0, "levelname": "INFO", "correlation_id": "-", "name": "integration.handlers.all_events_handler", "lineno": 11, "message": "Handled events ['event1', 'event2'] starting from 2024-12-18 16:13:08.793450"}
{"asctime": "2024-12-18T16:13:51", "msecs": 865.0, "levelname": "INFO", "correlation_id": "-", "name": "integration.main", "lineno": 22, "message": "Fetching events at start time --> 2024-12-18 16:13:41.865590"}
{"asctime": "2024-12-18T16:13:52", "msecs": 873.0, "levelname": "INFO", "correlation_id": "-", "name": "integration.handlers.get_events_handler", "lineno": 10, "message": "getting events starting from 2024-12-18 16:13:41.865590"}
{"asctime": "2024-12-18T16:14:00", "msecs": 831.0, "levelname": "INFO", "correlation_id": "-", "name": "integration.handlers.all_events_handler", "lineno": 11, "message": "Handled events ['event1', 'event2'] starting from 2024-12-18 16:13:19.803777"}
{"asctime": "2024-12-18T16:14:02", "msecs": 869.0, "levelname": "INFO", "correlation_id": "-", "name": "integration.main", "lineno": 22, "message": "Fetching events at start time --> 2024-12-18 16:13:52.869935"}
{"asctime": "2024-12-18T16:14:03", "msecs": 873.0, "levelname": "INFO", "correlation_id": "-", "name": "integration.handlers.get_events_handler", "lineno": 10, "message": "getting events starting from 2024-12-18 16:13:52.869935"}
{"asctime": "2024-12-18T16:14:11", "msecs": 864.0, "levelname": "INFO", "correlation_id": "-", "name": "integration.handlers.all_events_handler", "lineno": 11, "message": "Handled events ['event1', 'event2'] starting from 2024-12-18 16:13:30.847624"}
{"asctime": "2024-12-18T16:14:13", "msecs": 874.0, "levelname": "INFO", "correlation_id": "-", "name": "integration.main", "lineno": 22, "message": "Fetching events at start time --> 2024-12-18 16:14:03.874561"}
{"asctime": "2024-12-18T16:14:14", "msecs": 876.0, "levelname": "INFO", "correlation_id": "-", "name": "integration.handlers.get_events_handler", "lineno": 10, "message": "getting events starting from 2024-12-18 16:14:03.874561"}
{"asctime": "2024-12-18T16:14:17", "msecs": 12.0, "levelname": "INFO", "correlation_id": "-", "name": "uvicorn.error", "lineno": 258, "message": "Shutting down"}
{"asctime": "2024-12-18T16:14:17", "msecs": 129.0, "levelname": "INFO", "correlation_id": "-", "name": "uvicorn.error", "lineno": 67, "message": "Waiting for application shutdown."}
{"asctime": "2024-12-18T16:14:17", "msecs": 131.0, "levelname": "INFO", "correlation_id": "-", "name": "uvicorn.error", "lineno": 76, "message": "Application shutdown complete."}
{"asctime": "2024-12-18T16:14:17", "msecs": 133.0, "levelname": "INFO", "correlation_id": "-", "name": "uvicorn.error", "lineno": 92, "message": "Finished server process [22108]", "color_message": "Finished server process [\u001b[36m%d\u001b[0m]"}
{"asctime": "2024-12-18T16:17:21", "msecs": 710.0, "levelname": "INFO", "correlation_id": "-", "name": "integration.main", "lineno": 43, "message": "Hello World"}
{"asctime": "2024-12-18T16:17:21", "msecs": 714.0, "levelname": "INFO", "correlation_id": "-", "name": "integration.main", "lineno": 22, "message": "Fetching events at start time --> 2024-12-18 16:17:11.714829"}
{"asctime": "2024-12-18T16:17:21", "msecs": 716.0, "levelname": "INFO", "correlation_id": "-", "name": "uvicorn.error", "lineno": 62, "message": "Application startup complete."}
{"asctime": "2024-12-18T16:17:21", "msecs": 719.0, "levelname": "INFO", "correlation_id": "-", "name": "uvicorn.error", "lineno": 214, "message": "Uvicorn running on http://127.0.0.1:8000 (Press CTRL+C to quit)", "color_message": "Uvicorn running on \u001b[1m%s://%s:%d\u001b[0m (Press CTRL+C to quit)"}
{"asctime": "2024-12-18T16:17:22", "msecs": 740.0, "levelname": "INFO", "correlation_id": "-", "name": "integration.handlers.get_events_handler", "lineno": 10, "message": "getting events starting from 2024-12-18 16:17:11.714829"}
{"asctime": "2024-12-18T16:17:32", "msecs": 745.0, "levelname": "INFO", "correlation_id": "-", "name": "integration.main", "lineno": 22, "message": "Fetching events at start time --> 2024-12-18 16:17:22.745438"}
{"asctime": "2024-12-18T16:17:33", "msecs": 770.0, "levelname": "INFO", "correlation_id": "-", "name": "integration.handlers.get_events_handler", "lineno": 10, "message": "getting events starting from 2024-12-18 16:17:22.745438"}
{"asctime": "2024-12-18T16:17:43", "msecs": 778.0, "levelname": "INFO", "correlation_id": "-", "name": "integration.main", "lineno": 22, "message": "Fetching events at start time --> 2024-12-18 16:17:33.778050"}
{"asctime": "2024-12-18T16:17:44", "msecs": 776.0, "levelname": "INFO", "correlation_id": "-", "name": "integration.handlers.get_events_handler", "lineno": 10, "message": "getting events starting from 2024-12-18 16:17:33.778050"}
{"asctime": "2024-12-18T16:17:52", "msecs": 760.0, "levelname": "INFO", "correlation_id": "-", "name": "integration.handlers.all_events_handler", "lineno": 11, "message": "Handled events ['event1', 'event2'] starting from 2024-12-18 16:17:11.714829"}
{"asctime": "2024-12-18T16:17:54", "msecs": 761.0, "levelname": "INFO", "correlation_id": "-", "name": "integration.main", "lineno": 22, "message": "Fetching events at start time --> 2024-12-18 16:17:44.761079"}
{"asctime": "2024-12-18T16:17:55", "msecs": 779.0, "levelname": "INFO", "correlation_id": "-", "name": "integration.handlers.get_events_handler", "lineno": 10, "message": "getting events starting from 2024-12-18 16:17:44.761079"}
{"asctime": "2024-12-18T16:18:03", "msecs": 780.0, "levelname": "INFO", "correlation_id": "-", "name": "integration.handlers.all_events_handler", "lineno": 11, "message": "Handled events ['event1', 'event2'] starting from 2024-12-18 16:17:22.745438"}
{"asctime": "2024-12-18T16:18:05", "msecs": 783.0, "levelname": "INFO", "correlation_id": "-", "name": "integration.main", "lineno": 22, "message": "Fetching events at start time --> 2024-12-18 16:17:55.783679"}
{"asctime": "2024-12-18T16:18:06", "msecs": 784.0, "levelname": "INFO", "correlation_id": "-", "name": "integration.handlers.get_events_handler", "lineno": 10, "message": "getting events starting from 2024-12-18 16:17:55.783679"}
{"asctime": "2024-12-18T16:18:14", "msecs": 768.0, "levelname": "INFO", "correlation_id": "-", "name": "integration.handlers.all_events_handler", "lineno": 11, "message": "Handled events ['event1', 'event2'] starting from 2024-12-18 16:17:33.778050"}
{"asctime": "2024-12-18T16:18:16", "msecs": 787.0, "levelname": "INFO", "correlation_id": "-", "name": "integration.main", "lineno": 22, "message": "Fetching events at start time --> 2024-12-18 16:18:06.787591"}
{"asctime": "2024-12-18T16:18:17", "msecs": 792.0, "levelname": "INFO", "correlation_id": "-", "name": "integration.handlers.get_events_handler", "lineno": 10, "message": "getting events starting from 2024-12-18 16:18:06.787591"}
{"asctime": "2024-12-18T16:18:25", "msecs": 785.0, "levelname": "INFO", "correlation_id": "-", "name": "integration.handlers.all_events_handler", "lineno": 11, "message": "Handled events ['event1', 'event2'] starting from 2024-12-18 16:17:44.761079"}
{"asctime": "2024-12-18T16:18:27", "msecs": 808.0, "levelname": "INFO", "correlation_id": "-", "name": "integration.main", "lineno": 22, "message": "Fetching events at start time --> 2024-12-18 16:18:17.808918"}
{"asctime": "2024-12-18T16:18:28", "msecs": 822.0, "levelname": "INFO", "correlation_id": "-", "name": "integration.handlers.get_events_handler", "lineno": 10, "message": "getting events starting from 2024-12-18 16:18:17.808918"}
{"asctime": "2024-12-18T16:18:36", "msecs": 165.0, "levelname": "INFO", "correlation_id": "-", "name": "uvicorn.error", "lineno": 258, "message": "Shutting down"}
{"asctime": "2024-12-18T16:18:36", "msecs": 268.0, "levelname": "INFO", "correlation_id": "-", "name": "uvicorn.error", "lineno": 67, "message": "Waiting for application shutdown."}
{"asctime": "2024-12-18T16:18:36", "msecs": 272.0, "levelname": "INFO", "correlation_id": "-", "name": "uvicorn.error", "lineno": 76, "message": "Application shutdown complete."}
{"asctime": "2024-12-18T16:18:36", "msecs": 273.0, "levelname": "INFO", "correlation_id": "-", "name": "uvicorn.error", "lineno": 92, "message": "Finished server process [19820]", "color_message": "Finished server process [\u001b[36m%d\u001b[0m]"}
{"asctime": "2024-12-18T16:19:00", "msecs": 748.0, "levelname": "INFO", "correlation_id": "-", "name": "integration.main", "lineno": 43, "message": "Hello World"}
{"asctime": "2024-12-18T16:19:00", "msecs": 753.0, "levelname": "INFO", "correlation_id": "-", "name": "integration.main", "lineno": 22, "message": "Fetching events at start time --> 2024-12-18 16:18:50.753296"}
{"asctime": "2024-12-18T16:19:00", "msecs": 755.0, "levelname": "INFO", "correlation_id": "-", "name": "uvicorn.error", "lineno": 62, "message": "Application startup complete."}
{"asctime": "2024-12-18T16:19:00", "msecs": 759.0, "levelname": "INFO", "correlation_id": "-", "name": "uvicorn.error", "lineno": 214, "message": "Uvicorn running on http://127.0.0.1:8000 (Press CTRL+C to quit)", "color_message": "Uvicorn running on \u001b[1m%s://%s:%d\u001b[0m (Press CTRL+C to quit)"}
{"asctime": "2024-12-18T16:19:01", "msecs": 764.0, "levelname": "INFO", "correlation_id": "-", "name": "integration.handlers.get_events_handler", "lineno": 10, "message": "getting events starting from 2024-12-18 16:18:50.753296"}
{"asctime": "2024-12-18T16:19:11", "msecs": 767.0, "levelname": "INFO", "correlation_id": "-", "name": "integration.main", "lineno": 22, "message": "Fetching events at start time --> 2024-12-18 16:19:01.767445"}
{"asctime": "2024-12-18T16:19:12", "msecs": 763.0, "levelname": "INFO", "correlation_id": "-", "name": "integration.handlers.get_events_handler", "lineno": 10, "message": "getting events starting from 2024-12-18 16:19:01.767445"}
{"asctime": "2024-12-18T16:19:22", "msecs": 768.0, "levelname": "INFO", "correlation_id": "-", "name": "integration.main", "lineno": 22, "message": "Fetching events at start time --> 2024-12-18 16:19:12.768911"}
{"asctime": "2024-12-18T16:19:23", "msecs": 769.0, "levelname": "INFO", "correlation_id": "-", "name": "integration.handlers.get_events_handler", "lineno": 10, "message": "getting events starting from 2024-12-18 16:19:12.768911"}
{"asctime": "2024-12-18T16:19:33", "msecs": 784.0, "levelname": "INFO", "correlation_id": "-", "name": "integration.main", "lineno": 22, "message": "Fetching events at start time --> 2024-12-18 16:19:23.784232"}
{"asctime": "2024-12-18T16:19:34", "msecs": 782.0, "levelname": "INFO", "correlation_id": "-", "name": "integration.handlers.get_events_handler", "lineno": 10, "message": "getting events starting from 2024-12-18 16:19:23.784232"}
{"asctime": "2024-12-18T16:19:43", "msecs": 822.0, "levelname": "INFO", "correlation_id": "-", "name": "uvicorn.error", "lineno": 258, "message": "Shutting down"}
{"asctime": "2024-12-18T16:19:43", "msecs": 934.0, "levelname": "INFO", "correlation_id": "-", "name": "uvicorn.error", "lineno": 67, "message": "Waiting for application shutdown."}
{"asctime": "2024-12-18T16:19:43", "msecs": 937.0, "levelname": "INFO", "correlation_id": "-", "name": "uvicorn.error", "lineno": 76, "message": "Application shutdown complete."}
{"asctime": "2024-12-18T16:19:43", "msecs": 939.0, "levelname": "INFO", "correlation_id": "-", "name": "uvicorn.error", "lineno": 92, "message": "Finished server process [25884]", "color_message": "Finished server process [\u001b[36m%d\u001b[0m]"}
{"asctime": "2024-12-18T16:31:39", "msecs": 205.0, "levelname": "INFO", "correlation_id": "-", "name": "integration.main", "lineno": 45, "message": "Hello World"}
{"asctime": "2024-12-18T16:31:39", "msecs": 209.0, "levelname": "INFO", "correlation_id": "-", "name": "integration.main", "lineno": 24, "message": "Fetching events at start time --> 2024-12-18 16:31:29.209005"}
{"asctime": "2024-12-18T16:31:39", "msecs": 211.0, "levelname": "INFO", "correlation_id": "-", "name": "uvicorn.error", "lineno": 62, "message": "Application startup complete."}
{"asctime": "2024-12-18T16:31:39", "msecs": 213.0, "levelname": "INFO", "correlation_id": "-", "name": "uvicorn.error", "lineno": 214, "message": "Uvicorn running on http://127.0.0.1:8000 (Press CTRL+C to quit)", "color_message": "Uvicorn running on \u001b[1m%s://%s:%d\u001b[0m (Press CTRL+C to quit)"}
{"asctime": "2024-12-18T16:31:40", "msecs": 192.0, "levelname": "INFO", "correlation_id": "-", "name": "integration.handlers.get_events_handler", "lineno": 10, "message": "getting events starting from 2024-12-18 16:31:29.209005"}
{"asctime": "2024-12-18T16:31:50", "msecs": 204.0, "levelname": "INFO", "correlation_id": "-", "name": "integration.main", "lineno": 24, "message": "Fetching events at start time --> 2024-12-18 16:31:40.204734"}
{"asctime": "2024-12-18T16:31:51", "msecs": 199.0, "levelname": "INFO", "correlation_id": "-", "name": "integration.handlers.get_events_handler", "lineno": 10, "message": "getting events starting from 2024-12-18 16:31:40.204734"}
{"asctime": "2024-12-18T16:32:01", "msecs": 197.0, "levelname": "INFO", "correlation_id": "-", "name": "integration.main", "lineno": 24, "message": "Fetching events at start time --> 2024-12-18 16:31:51.197013"}
{"asctime": "2024-12-18T16:32:02", "msecs": 190.0, "levelname": "INFO", "correlation_id": "-", "name": "integration.handlers.get_events_handler", "lineno": 10, "message": "getting events starting from 2024-12-18 16:31:51.197013"}
{"asctime": "2024-12-18T16:32:12", "msecs": 210.0, "levelname": "INFO", "correlation_id": "-", "name": "integration.main", "lineno": 24, "message": "Fetching events at start time --> 2024-12-18 16:32:02.210604"}
{"asctime": "2024-12-18T16:32:13", "msecs": 220.0, "levelname": "INFO", "correlation_id": "-", "name": "integration.handlers.get_events_handler", "lineno": 10, "message": "getting events starting from 2024-12-18 16:32:02.210604"}
{"asctime": "2024-12-18T16:32:23", "msecs": 228.0, "levelname": "INFO", "correlation_id": "-", "name": "integration.main", "lineno": 24, "message": "Fetching events at start time --> 2024-12-18 16:32:13.228208"}
{"asctime": "2024-12-18T16:32:24", "msecs": 231.0, "levelname": "INFO", "correlation_id": "-", "name": "integration.handlers.get_events_handler", "lineno": 10, "message": "getting events starting from 2024-12-18 16:32:13.228208"}
{"asctime": "2024-12-18T16:32:34", "msecs": 243.0, "levelname": "INFO", "correlation_id": "-", "name": "integration.main", "lineno": 24, "message": "Fetching events at start time --> 2024-12-18 16:32:24.243260"}
{"asctime": "2024-12-18T16:32:35", "msecs": 265.0, "levelname": "INFO", "correlation_id": "-", "name": "integration.handlers.get_events_handler", "lineno": 10, "message": "getting events starting from 2024-12-18 16:32:24.243260"}
{"asctime": "2024-12-18T16:32:45", "msecs": 264.0, "levelname": "INFO", "correlation_id": "-", "name": "integration.main", "lineno": 24, "message": "Fetching events at start time --> 2024-12-18 16:32:35.264565"}
{"asctime": "2024-12-18T16:32:46", "msecs": 264.0, "levelname": "INFO", "correlation_id": "-", "name": "integration.handlers.get_events_handler", "lineno": 10, "message": "getting events starting from 2024-12-18 16:32:35.264565"}
{"asctime": "2024-12-18T16:32:56", "msecs": 281.0, "levelname": "INFO", "correlation_id": "-", "name": "integration.main", "lineno": 24, "message": "Fetching events at start time --> 2024-12-18 16:32:46.281194"}
{"asctime": "2024-12-18T16:32:57", "msecs": 269.0, "levelname": "INFO", "correlation_id": "-", "name": "integration.handlers.get_events_handler", "lineno": 10, "message": "getting events starting from 2024-12-18 16:32:46.281194"}
{"asctime": "2024-12-18T16:33:04", "msecs": 116.0, "levelname": "INFO", "correlation_id": "-", "name": "uvicorn.error", "lineno": 258, "message": "Shutting down"}
{"asctime": "2024-12-18T16:33:04", "msecs": 224.0, "levelname": "INFO", "correlation_id": "-", "name": "uvicorn.error", "lineno": 67, "message": "Waiting for application shutdown."}
{"asctime": "2024-12-18T16:33:04", "msecs": 227.0, "levelname": "INFO", "correlation_id": "-", "name": "uvicorn.error", "lineno": 76, "message": "Application shutdown complete."}
{"asctime": "2024-12-18T16:33:04", "msecs": 229.0, "levelname": "INFO", "correlation_id": "-", "name": "uvicorn.error", "lineno": 92, "message": "Finished server process [21744]", "color_message": "Finished server process [\u001b[36m%d\u001b[0m]"}
{"asctime": "2024-12-18T18:44:24", "msecs": 979.0, "levelname": "INFO", "correlation_id": "-", "name": "integration.main", "lineno": 45, "message": "Hello World"}
{"asctime": "2024-12-18T18:44:24", "msecs": 984.0, "levelname": "INFO", "correlation_id": "-", "name": "integration.main", "lineno": 24, "message": "Fetching events at start time --> 2024-12-18 18:44:14.984388"}
{"asctime": "2024-12-18T18:44:24", "msecs": 986.0, "levelname": "INFO", "correlation_id": "-", "name": "integration.handlers.get_events_handler", "lineno": 10, "message": "getting events starting from 2024-12-18 18:44:14.984388"}
{"asctime": "2024-12-18T18:44:24", "msecs": 989.0, "levelname": "ERROR", "correlation_id": "-", "name": "integration.main", "lineno": 29, "message": "Error fetching events: 'module' object is not callable"}
{"asctime": "2024-12-18T18:44:24", "msecs": 991.0, "levelname": "INFO", "correlation_id": "-", "name": "uvicorn.error", "lineno": 62, "message": "Application startup complete."}
{"asctime": "2024-12-18T18:44:24", "msecs": 995.0, "levelname": "INFO", "correlation_id": "-", "name": "uvicorn.error", "lineno": 214, "message": "Uvicorn running on http://127.0.0.1:8000 (Press CTRL+C to quit)", "color_message": "Uvicorn running on \u001b[1m%s://%s:%d\u001b[0m (Press CTRL+C to quit)"}
{"asctime": "2024-12-18T18:44:34", "msecs": 999.0, "levelname": "INFO", "correlation_id": "-", "name": "integration.main", "lineno": 24, "message": "Fetching events at start time --> 2024-12-18 18:44:24.999621"}
{"asctime": "2024-12-18T18:44:35", "msecs": 1.0, "levelname": "INFO", "correlation_id": "-", "name": "integration.handlers.get_events_handler", "lineno": 10, "message": "getting events starting from 2024-12-18 18:44:24.999621"}
{"asctime": "2024-12-18T18:44:35", "msecs": 8.0, "levelname": "ERROR", "correlation_id": "-", "name": "integration.main", "lineno": 29, "message": "Error fetching events: 'module' object is not callable"}
{"asctime": "2024-12-18T18:44:45", "msecs": 11.0, "levelname": "INFO", "correlation_id": "-", "name": "integration.main", "lineno": 24, "message": "Fetching events at start time --> 2024-12-18 18:44:35.011524"}
{"asctime": "2024-12-18T18:44:45", "msecs": 14.0, "levelname": "INFO", "correlation_id": "-", "name": "integration.handlers.get_events_handler", "lineno": 10, "message": "getting events starting from 2024-12-18 18:44:35.011524"}
{"asctime": "2024-12-18T18:44:45", "msecs": 16.0, "levelname": "ERROR", "correlation_id": "-", "name": "integration.main", "lineno": 29, "message": "Error fetching events: 'module' object is not callable"}
{"asctime": "2024-12-18T18:44:49", "msecs": 353.0, "levelname": "INFO", "correlation_id": "-", "name": "uvicorn.error", "lineno": 258, "message": "Shutting down"}
{"asctime": "2024-12-18T18:44:49", "msecs": 464.0, "levelname": "INFO", "correlation_id": "-", "name": "uvicorn.error", "lineno": 67, "message": "Waiting for application shutdown."}
{"asctime": "2024-12-18T18:44:49", "msecs": 466.0, "levelname": "INFO", "correlation_id": "-", "name": "uvicorn.error", "lineno": 76, "message": "Application shutdown complete."}
{"asctime": "2024-12-18T18:44:49", "msecs": 469.0, "levelname": "INFO", "correlation_id": "-", "name": "uvicorn.error", "lineno": 92, "message": "Finished server process [20548]", "color_message": "Finished server process [\u001b[36m%d\u001b[0m]"}
{"asctime": "2024-12-18T18:44:52", "msecs": 131.0, "levelname": "INFO", "correlation_id": "-", "name": "integration.main", "lineno": 45, "message": "Hello World"}
{"asctime": "2024-12-18T18:44:52", "msecs": 135.0, "levelname": "INFO", "correlation_id": "-", "name": "integration.main", "lineno": 24, "message": "Fetching events at start time --> 2024-12-18 18:44:42.135002"}
{"asctime": "2024-12-18T18:44:52", "msecs": 137.0, "levelname": "INFO", "correlation_id": "-", "name": "integration.handlers.get_events_handler", "lineno": 10, "message": "getting events starting from 2024-12-18 18:44:42.135002"}
{"asctime": "2024-12-18T18:44:56", "msecs": 191.0, "levelname": "ERROR", "correlation_id": "-", "name": "integration.main", "lineno": 29, "message": "Error fetching events: 503: Service unavailable. HTTPConnectionPool(host='localhost', port=8267): Max retries exceeded with url: /events?start_at=2024-12-18+18%3A44%3A42.135002 (Caused by NewConnectionError('<urllib3.connection.HTTPConnection object at 0x0000019FD77FD880>: Failed to establish a new connection: [WinError 10061] No connection could be made because the target machine actively refused it'))"}
{"asctime": "2024-12-18T18:44:56", "msecs": 195.0, "levelname": "INFO", "correlation_id": "-", "name": "uvicorn.error", "lineno": 62, "message": "Application startup complete."}
{"asctime": "2024-12-18T18:44:56", "msecs": 197.0, "levelname": "INFO", "correlation_id": "-", "name": "uvicorn.error", "lineno": 214, "message": "Uvicorn running on http://127.0.0.1:8000 (Press CTRL+C to quit)", "color_message": "Uvicorn running on \u001b[1m%s://%s:%d\u001b[0m (Press CTRL+C to quit)"}
{"asctime": "2024-12-18T18:45:06", "msecs": 199.0, "levelname": "INFO", "correlation_id": "-", "name": "integration.main", "lineno": 24, "message": "Fetching events at start time --> 2024-12-18 18:44:56.199583"}
{"asctime": "2024-12-18T18:45:06", "msecs": 203.0, "levelname": "INFO", "correlation_id": "-", "name": "integration.handlers.get_events_handler", "lineno": 10, "message": "getting events starting from 2024-12-18 18:44:56.199583"}
{"asctime": "2024-12-18T18:45:10", "msecs": 258.0, "levelname": "ERROR", "correlation_id": "-", "name": "integration.main", "lineno": 29, "message": "Error fetching events: 503: Service unavailable. HTTPConnectionPool(host='localhost', port=8267): Max retries exceeded with url: /events?start_at=2024-12-18+18%3A44%3A56.199583 (Caused by NewConnectionError('<urllib3.connection.HTTPConnection object at 0x0000019FD9D87140>: Failed to establish a new connection: [WinError 10061] No connection could be made because the target machine actively refused it'))"}
{"asctime": "2024-12-18T18:45:20", "msecs": 276.0, "levelname": "INFO", "correlation_id": "-", "name": "integration.main", "lineno": 24, "message": "Fetching events at start time --> 2024-12-18 18:45:10.276550"}
{"asctime": "2024-12-18T18:45:20", "msecs": 278.0, "levelname": "INFO", "correlation_id": "-", "name": "integration.handlers.get_events_handler", "lineno": 10, "message": "getting events starting from 2024-12-18 18:45:10.276550"}
{"asctime": "2024-12-18T18:45:24", "msecs": 328.0, "levelname": "ERROR", "correlation_id": "-", "name": "integration.main", "lineno": 29, "message": "Error fetching events: 503: Service unavailable. HTTPConnectionPool(host='localhost', port=8267): Max retries exceeded with url: /events?start_at=2024-12-18+18%3A45%3A10.276550 (Caused by NewConnectionError('<urllib3.connection.HTTPConnection object at 0x0000019FD9DBCD40>: Failed to establish a new connection: [WinError 10061] No connection could be made because the target machine actively refused it'))"}
{"asctime": "2024-12-18T18:45:34", "msecs": 337.0, "levelname": "INFO", "correlation_id": "-", "name": "integration.main", "lineno": 24, "message": "Fetching events at start time --> 2024-12-18 18:45:24.337992"}
{"asctime": "2024-12-18T18:45:34", "msecs": 341.0, "levelname": "INFO", "correlation_id": "-", "name": "integration.handlers.get_events_handler", "lineno": 10, "message": "getting events starting from 2024-12-18 18:45:24.337992"}
{"asctime": "2024-12-18T18:45:38", "msecs": 392.0, "levelname": "ERROR", "correlation_id": "-", "name": "integration.main", "lineno": 29, "message": "Error fetching events: 503: Service unavailable. HTTPConnectionPool(host='localhost', port=8267): Max retries exceeded with url: /events?start_at=2024-12-18+18%3A45%3A24.337992 (Caused by NewConnectionError('<urllib3.connection.HTTPConnection object at 0x0000019FD9DBD160>: Failed to establish a new connection: [WinError 10061] No connection could be made because the target machine actively refused it'))"}
{"asctime": "2024-12-18T18:45:48", "msecs": 404.0, "levelname": "INFO", "correlation_id": "-", "name": "integration.main", "lineno": 24, "message": "Fetching events at start time --> 2024-12-18 18:45:38.404246"}
{"asctime": "2024-12-18T18:45:48", "msecs": 407.0, "levelname": "INFO", "correlation_id": "-", "name": "integration.handlers.get_events_handler", "lineno": 10, "message": "getting events starting from 2024-12-18 18:45:38.404246"}
{"asctime": "2024-12-18T18:45:52", "msecs": 460.0, "levelname": "ERROR", "correlation_id": "-", "name": "integration.main", "lineno": 29, "message": "Error fetching events: 503: Service unavailable. HTTPConnectionPool(host='localhost', port=8267): Max retries exceeded with url: /events?start_at=2024-12-18+18%3A45%3A38.404246 (Caused by NewConnectionError('<urllib3.connection.HTTPConnection object at 0x0000019FD9DBDF40>: Failed to establish a new connection: [WinError 10061] No connection could be made because the target machine actively refused it'))"}
{"asctime": "2024-12-18T18:45:52", "msecs": 465.0, "levelname": "INFO", "correlation_id": "-", "name": "uvicorn.error", "lineno": 258, "message": "Shutting down"}
{"asctime": "2024-12-18T18:45:52", "msecs": 570.0, "levelname": "INFO", "correlation_id": "-", "name": "uvicorn.error", "lineno": 92, "message": "Finished server process [13140]", "color_message": "Finished server process [\u001b[36m%d\u001b[0m]"}
{"asctime": "2024-12-18T18:45:52", "msecs": 730.0, "levelname": "ERROR", "correlation_id": "-", "name": "uvicorn.error", "lineno": 134, "message": "Traceback (most recent call last):\n  File \"C:\\Python312\\Lib\\asyncio\\runners.py\", line 194, in run\n    return runner.run(main)\n           ^^^^^^^^^^^^^^^^\n  File \"C:\\Python312\\Lib\\asyncio\\runners.py\", line 118, in run\n    return self._loop.run_until_complete(task)\n           ^^^^^^^^^^^^^^^^^^^^^^^^^^^^^^^^^^^\n  File \"C:\\Python312\\Lib\\asyncio\\base_events.py\", line 651, in run_until_complete\n    self.run_forever()\n  File \"C:\\Python312\\Lib\\asyncio\\windows_events.py\", line 321, in run_forever\n    super().run_forever()\n  File \"C:\\Python312\\Lib\\asyncio\\base_events.py\", line 618, in run_forever\n    self._run_once()\n  File \"C:\\Python312\\Lib\\asyncio\\base_events.py\", line 1951, in _run_once\n    handle._run()\n  File \"C:\\Python312\\Lib\\asyncio\\events.py\", line 84, in _run\n    self._context.run(self._callback, *self._args)\n  File \"E:\\EdgeTier\\Advance\\EdgeTier-Integration-Challenge\\venv\\Lib\\site-packages\\uvicorn\\server.py\", line 68, in serve\n    with self.capture_signals():\n  File \"C:\\Python312\\Lib\\contextlib.py\", line 144, in __exit__\n    next(self.gen)\n  File \"E:\\EdgeTier\\Advance\\EdgeTier-Integration-Challenge\\venv\\Lib\\site-packages\\uvicorn\\server.py\", line 328, in capture_signals\n    signal.raise_signal(captured_signal)\n  File \"C:\\Python312\\Lib\\asyncio\\runners.py\", line 157, in _on_sigint\n    raise KeyboardInterrupt()\nKeyboardInterrupt\n\nDuring handling of the above exception, another exception occurred:\n\nTraceback (most recent call last):\n  File \"E:\\EdgeTier\\Advance\\EdgeTier-Integration-Challenge\\venv\\Lib\\site-packages\\starlette\\routing.py\", line 741, in lifespan\n    await receive()\n  File \"E:\\EdgeTier\\Advance\\EdgeTier-Integration-Challenge\\venv\\Lib\\site-packages\\uvicorn\\lifespan\\on.py\", line 137, in receive\n    return await self.receive_queue.get()\n           ^^^^^^^^^^^^^^^^^^^^^^^^^^^^^^\n  File \"C:\\Python312\\Lib\\asyncio\\queues.py\", line 158, in get\n    await getter\nasyncio.exceptions.CancelledError\n"}
{"asctime": "2024-12-18T18:45:55", "msecs": 837.0, "levelname": "INFO", "correlation_id": "-", "name": "integration.main", "lineno": 45, "message": "Hello World"}
{"asctime": "2024-12-18T18:45:55", "msecs": 842.0, "levelname": "INFO", "correlation_id": "-", "name": "integration.main", "lineno": 24, "message": "Fetching events at start time --> 2024-12-18 18:45:45.842192"}
{"asctime": "2024-12-18T18:45:55", "msecs": 844.0, "levelname": "INFO", "correlation_id": "-", "name": "integration.handlers.get_events_handler", "lineno": 10, "message": "getting events starting from 2024-12-18 18:45:45.842192"}
{"asctime": "2024-12-18T18:45:59", "msecs": 921.0, "levelname": "ERROR", "correlation_id": "-", "name": "integration.main", "lineno": 29, "message": "Error fetching events: 503: Service unavailable. HTTPConnectionPool(host='localhost', port=8267): Max retries exceeded with url: /events?start_at=2024-12-18+18%3A45%3A45.842192 (Caused by NewConnectionError('<urllib3.connection.HTTPConnection object at 0x000001DB137EFD70>: Failed to establish a new connection: [WinError 10061] No connection could be made because the target machine actively refused it'))"}
{"asctime": "2024-12-18T18:45:59", "msecs": 927.0, "levelname": "INFO", "correlation_id": "-", "name": "uvicorn.error", "lineno": 62, "message": "Application startup complete."}
{"asctime": "2024-12-18T18:45:59", "msecs": 929.0, "levelname": "INFO", "correlation_id": "-", "name": "uvicorn.error", "lineno": 214, "message": "Uvicorn running on http://127.0.0.1:8000 (Press CTRL+C to quit)", "color_message": "Uvicorn running on \u001b[1m%s://%s:%d\u001b[0m (Press CTRL+C to quit)"}
{"asctime": "2024-12-18T18:46:09", "msecs": 922.0, "levelname": "INFO", "correlation_id": "-", "name": "integration.main", "lineno": 24, "message": "Fetching events at start time --> 2024-12-18 18:45:59.922611"}
{"asctime": "2024-12-18T18:46:09", "msecs": 924.0, "levelname": "INFO", "correlation_id": "-", "name": "integration.handlers.get_events_handler", "lineno": 10, "message": "getting events starting from 2024-12-18 18:45:59.922611"}
{"asctime": "2024-12-18T18:46:13", "msecs": 978.0, "levelname": "ERROR", "correlation_id": "-", "name": "integration.main", "lineno": 29, "message": "Error fetching events: 503: Service unavailable. HTTPConnectionPool(host='localhost', port=8267): Max retries exceeded with url: /events?start_at=2024-12-18+18%3A45%3A59.922611 (Caused by NewConnectionError('<urllib3.connection.HTTPConnection object at 0x000001DB13D575F0>: Failed to establish a new connection: [WinError 10061] No connection could be made because the target machine actively refused it'))"}
{"asctime": "2024-12-18T18:46:23", "msecs": 969.0, "levelname": "INFO", "correlation_id": "-", "name": "integration.main", "lineno": 24, "message": "Fetching events at start time --> 2024-12-18 18:46:13.969502"}
{"asctime": "2024-12-18T18:46:23", "msecs": 971.0, "levelname": "INFO", "correlation_id": "-", "name": "integration.handlers.get_events_handler", "lineno": 10, "message": "getting events starting from 2024-12-18 18:46:13.969502"}
{"asctime": "2024-12-18T18:46:28", "msecs": 28.0, "levelname": "ERROR", "correlation_id": "-", "name": "integration.main", "lineno": 29, "message": "Error fetching events: 503: Service unavailable. HTTPConnectionPool(host='localhost', port=8267): Max retries exceeded with url: /events?start_at=2024-12-18+18%3A46%3A13.969502 (Caused by NewConnectionError('<urllib3.connection.HTTPConnection object at 0x000001DB13D8C5F0>: Failed to establish a new connection: [WinError 10061] No connection could be made because the target machine actively refused it'))"}
{"asctime": "2024-12-18T18:46:38", "msecs": 24.0, "levelname": "INFO", "correlation_id": "-", "name": "integration.main", "lineno": 24, "message": "Fetching events at start time --> 2024-12-18 18:46:28.024592"}
{"asctime": "2024-12-18T18:46:38", "msecs": 27.0, "levelname": "INFO", "correlation_id": "-", "name": "integration.handlers.get_events_handler", "lineno": 10, "message": "getting events starting from 2024-12-18 18:46:28.024592"}
{"asctime": "2024-12-18T18:46:42", "msecs": 69.0, "levelname": "ERROR", "correlation_id": "-", "name": "integration.main", "lineno": 29, "message": "Error fetching events: 503: Service unavailable. HTTPConnectionPool(host='localhost', port=8267): Max retries exceeded with url: /events?start_at=2024-12-18+18%3A46%3A28.024592 (Caused by NewConnectionError('<urllib3.connection.HTTPConnection object at 0x000001DB13D8C1D0>: Failed to establish a new connection: [WinError 10061] No connection could be made because the target machine actively refused it'))"}
{"asctime": "2024-12-18T18:46:52", "msecs": 72.0, "levelname": "INFO", "correlation_id": "-", "name": "integration.main", "lineno": 24, "message": "Fetching events at start time --> 2024-12-18 18:46:42.072972"}
{"asctime": "2024-12-18T18:46:52", "msecs": 75.0, "levelname": "INFO", "correlation_id": "-", "name": "integration.handlers.get_events_handler", "lineno": 10, "message": "getting events starting from 2024-12-18 18:46:42.072972"}
{"asctime": "2024-12-18T18:46:56", "msecs": 143.0, "levelname": "ERROR", "correlation_id": "-", "name": "integration.main", "lineno": 29, "message": "Error fetching events: 503: Service unavailable. HTTPConnectionPool(host='localhost', port=8267): Max retries exceeded with url: /events?start_at=2024-12-18+18%3A46%3A42.072972 (Caused by NewConnectionError('<urllib3.connection.HTTPConnection object at 0x000001DB13D8E990>: Failed to establish a new connection: [WinError 10061] No connection could be made because the target machine actively refused it'))"}
{"asctime": "2024-12-18T18:47:06", "msecs": 156.0, "levelname": "INFO", "correlation_id": "-", "name": "integration.main", "lineno": 24, "message": "Fetching events at start time --> 2024-12-18 18:46:56.156131"}
{"asctime": "2024-12-18T18:47:06", "msecs": 158.0, "levelname": "INFO", "correlation_id": "-", "name": "integration.handlers.get_events_handler", "lineno": 10, "message": "getting events starting from 2024-12-18 18:46:56.156131"}
{"asctime": "2024-12-18T18:47:10", "msecs": 209.0, "levelname": "ERROR", "correlation_id": "-", "name": "integration.main", "lineno": 29, "message": "Error fetching events: 503: Service unavailable. HTTPConnectionPool(host='localhost', port=8267): Max retries exceeded with url: /events?start_at=2024-12-18+18%3A46%3A56.156131 (Caused by NewConnectionError('<urllib3.connection.HTTPConnection object at 0x000001DB13D8D850>: Failed to establish a new connection: [WinError 10061] No connection could be made because the target machine actively refused it'))"}
{"asctime": "2024-12-18T18:47:12", "msecs": 723.0, "levelname": "INFO", "correlation_id": "-", "name": "uvicorn.error", "lineno": 258, "message": "Shutting down"}
{"asctime": "2024-12-18T18:47:12", "msecs": 838.0, "levelname": "INFO", "correlation_id": "-", "name": "uvicorn.error", "lineno": 67, "message": "Waiting for application shutdown."}
{"asctime": "2024-12-18T18:47:12", "msecs": 840.0, "levelname": "INFO", "correlation_id": "-", "name": "uvicorn.error", "lineno": 76, "message": "Application shutdown complete."}
{"asctime": "2024-12-18T18:47:12", "msecs": 842.0, "levelname": "INFO", "correlation_id": "-", "name": "uvicorn.error", "lineno": 92, "message": "Finished server process [23232]", "color_message": "Finished server process [\u001b[36m%d\u001b[0m]"}
{"asctime": "2024-12-18T18:47:15", "msecs": 618.0, "levelname": "INFO", "correlation_id": "-", "name": "integration.main", "lineno": 45, "message": "Hello World"}
{"asctime": "2024-12-18T18:47:15", "msecs": 622.0, "levelname": "INFO", "correlation_id": "-", "name": "integration.main", "lineno": 24, "message": "Fetching events at start time --> 2024-12-18 18:47:05.622619"}
{"asctime": "2024-12-18T18:47:15", "msecs": 624.0, "levelname": "INFO", "correlation_id": "-", "name": "integration.handlers.get_events_handler", "lineno": 10, "message": "getting events starting from 2024-12-18 18:47:05.622619"}
{"asctime": "2024-12-18T18:47:15", "msecs": 627.0, "levelname": "ERROR", "correlation_id": "-", "name": "integration.main", "lineno": 29, "message": "Error fetching events: 500: Internal server error. 'dict' object has no attribute 'status_code'"}
{"asctime": "2024-12-18T18:47:15", "msecs": 629.0, "levelname": "INFO", "correlation_id": "-", "name": "uvicorn.error", "lineno": 62, "message": "Application startup complete."}
{"asctime": "2024-12-18T18:47:15", "msecs": 632.0, "levelname": "INFO", "correlation_id": "-", "name": "uvicorn.error", "lineno": 214, "message": "Uvicorn running on http://127.0.0.1:8000 (Press CTRL+C to quit)", "color_message": "Uvicorn running on \u001b[1m%s://%s:%d\u001b[0m (Press CTRL+C to quit)"}
{"asctime": "2024-12-18T18:47:25", "msecs": 639.0, "levelname": "INFO", "correlation_id": "-", "name": "integration.main", "lineno": 24, "message": "Fetching events at start time --> 2024-12-18 18:47:15.639509"}
{"asctime": "2024-12-18T18:47:25", "msecs": 641.0, "levelname": "INFO", "correlation_id": "-", "name": "integration.handlers.get_events_handler", "lineno": 10, "message": "getting events starting from 2024-12-18 18:47:15.639509"}
{"asctime": "2024-12-18T18:47:25", "msecs": 644.0, "levelname": "ERROR", "correlation_id": "-", "name": "integration.main", "lineno": 29, "message": "Error fetching events: 500: Internal server error. 'dict' object has no attribute 'status_code'"}
{"asctime": "2024-12-18T18:47:35", "msecs": 661.0, "levelname": "INFO", "correlation_id": "-", "name": "integration.main", "lineno": 24, "message": "Fetching events at start time --> 2024-12-18 18:47:25.661796"}
{"asctime": "2024-12-18T18:47:35", "msecs": 666.0, "levelname": "INFO", "correlation_id": "-", "name": "integration.handlers.get_events_handler", "lineno": 10, "message": "getting events starting from 2024-12-18 18:47:25.661796"}
{"asctime": "2024-12-18T18:47:35", "msecs": 669.0, "levelname": "ERROR", "correlation_id": "-", "name": "integration.main", "lineno": 29, "message": "Error fetching events: 500: Internal server error. 'dict' object has no attribute 'status_code'"}
{"asctime": "2024-12-18T18:47:45", "msecs": 682.0, "levelname": "INFO", "correlation_id": "-", "name": "integration.main", "lineno": 24, "message": "Fetching events at start time --> 2024-12-18 18:47:35.682417"}
{"asctime": "2024-12-18T18:47:45", "msecs": 686.0, "levelname": "INFO", "correlation_id": "-", "name": "integration.handlers.get_events_handler", "lineno": 10, "message": "getting events starting from 2024-12-18 18:47:35.682417"}
{"asctime": "2024-12-18T18:47:45", "msecs": 689.0, "levelname": "ERROR", "correlation_id": "-", "name": "integration.main", "lineno": 29, "message": "Error fetching events: 500: Internal server error. 'dict' object has no attribute 'status_code'"}
{"asctime": "2024-12-18T18:47:55", "msecs": 710.0, "levelname": "INFO", "correlation_id": "-", "name": "integration.main", "lineno": 24, "message": "Fetching events at start time --> 2024-12-18 18:47:45.710574"}
{"asctime": "2024-12-18T18:47:55", "msecs": 713.0, "levelname": "INFO", "correlation_id": "-", "name": "integration.handlers.get_events_handler", "lineno": 10, "message": "getting events starting from 2024-12-18 18:47:45.710574"}
{"asctime": "2024-12-18T18:47:55", "msecs": 716.0, "levelname": "ERROR", "correlation_id": "-", "name": "integration.main", "lineno": 29, "message": "Error fetching events: 500: Internal server error. 'dict' object has no attribute 'status_code'"}
{"asctime": "2024-12-18T18:48:05", "msecs": 737.0, "levelname": "INFO", "correlation_id": "-", "name": "integration.main", "lineno": 24, "message": "Fetching events at start time --> 2024-12-18 18:47:55.737745"}
{"asctime": "2024-12-18T18:48:05", "msecs": 740.0, "levelname": "INFO", "correlation_id": "-", "name": "integration.handlers.get_events_handler", "lineno": 10, "message": "getting events starting from 2024-12-18 18:47:55.737745"}
{"asctime": "2024-12-18T18:48:05", "msecs": 743.0, "levelname": "ERROR", "correlation_id": "-", "name": "integration.main", "lineno": 29, "message": "Error fetching events: 500: Internal server error. 'dict' object has no attribute 'status_code'"}
{"asctime": "2024-12-18T18:48:15", "msecs": 758.0, "levelname": "INFO", "correlation_id": "-", "name": "integration.main", "lineno": 24, "message": "Fetching events at start time --> 2024-12-18 18:48:05.758451"}
{"asctime": "2024-12-18T18:48:15", "msecs": 761.0, "levelname": "INFO", "correlation_id": "-", "name": "integration.handlers.get_events_handler", "lineno": 10, "message": "getting events starting from 2024-12-18 18:48:05.758451"}
{"asctime": "2024-12-18T18:48:15", "msecs": 764.0, "levelname": "ERROR", "correlation_id": "-", "name": "integration.main", "lineno": 29, "message": "Error fetching events: 500: Internal server error. 'dict' object has no attribute 'status_code'"}
{"asctime": "2024-12-18T18:48:25", "msecs": 786.0, "levelname": "INFO", "correlation_id": "-", "name": "integration.main", "lineno": 24, "message": "Fetching events at start time --> 2024-12-18 18:48:15.786809"}
{"asctime": "2024-12-18T18:48:25", "msecs": 789.0, "levelname": "INFO", "correlation_id": "-", "name": "integration.handlers.get_events_handler", "lineno": 10, "message": "getting events starting from 2024-12-18 18:48:15.786809"}
{"asctime": "2024-12-18T18:48:25", "msecs": 791.0, "levelname": "ERROR", "correlation_id": "-", "name": "integration.main", "lineno": 29, "message": "Error fetching events: 500: Internal server error. 'dict' object has no attribute 'status_code'"}
{"asctime": "2024-12-18T18:48:35", "msecs": 806.0, "levelname": "INFO", "correlation_id": "-", "name": "integration.main", "lineno": 24, "message": "Fetching events at start time --> 2024-12-18 18:48:25.806354"}
{"asctime": "2024-12-18T18:48:35", "msecs": 809.0, "levelname": "INFO", "correlation_id": "-", "name": "integration.handlers.get_events_handler", "lineno": 10, "message": "getting events starting from 2024-12-18 18:48:25.806354"}
{"asctime": "2024-12-18T18:48:35", "msecs": 812.0, "levelname": "ERROR", "correlation_id": "-", "name": "integration.main", "lineno": 29, "message": "Error fetching events: 500: Internal server error. 'dict' object has no attribute 'status_code'"}
{"asctime": "2024-12-18T18:48:45", "msecs": 823.0, "levelname": "INFO", "correlation_id": "-", "name": "integration.main", "lineno": 24, "message": "Fetching events at start time --> 2024-12-18 18:48:35.823971"}
{"asctime": "2024-12-18T18:48:45", "msecs": 826.0, "levelname": "INFO", "correlation_id": "-", "name": "integration.handlers.get_events_handler", "lineno": 10, "message": "getting events starting from 2024-12-18 18:48:35.823971"}
{"asctime": "2024-12-18T18:48:45", "msecs": 829.0, "levelname": "ERROR", "correlation_id": "-", "name": "integration.main", "lineno": 29, "message": "Error fetching events: 500: Internal server error. 'dict' object has no attribute 'status_code'"}
{"asctime": "2024-12-18T18:48:55", "msecs": 833.0, "levelname": "INFO", "correlation_id": "-", "name": "integration.main", "lineno": 24, "message": "Fetching events at start time --> 2024-12-18 18:48:45.833179"}
{"asctime": "2024-12-18T18:48:55", "msecs": 835.0, "levelname": "INFO", "correlation_id": "-", "name": "integration.handlers.get_events_handler", "lineno": 10, "message": "getting events starting from 2024-12-18 18:48:45.833179"}
{"asctime": "2024-12-18T18:48:55", "msecs": 839.0, "levelname": "ERROR", "correlation_id": "-", "name": "integration.main", "lineno": 29, "message": "Error fetching events: 500: Internal server error. 'dict' object has no attribute 'status_code'"}
{"asctime": "2024-12-18T18:49:05", "msecs": 858.0, "levelname": "INFO", "correlation_id": "-", "name": "integration.main", "lineno": 24, "message": "Fetching events at start time --> 2024-12-18 18:48:55.858326"}
{"asctime": "2024-12-18T18:49:05", "msecs": 864.0, "levelname": "INFO", "correlation_id": "-", "name": "integration.handlers.get_events_handler", "lineno": 10, "message": "getting events starting from 2024-12-18 18:48:55.858326"}
{"asctime": "2024-12-18T18:49:05", "msecs": 867.0, "levelname": "ERROR", "correlation_id": "-", "name": "integration.main", "lineno": 29, "message": "Error fetching events: 500: Internal server error. 'dict' object has no attribute 'status_code'"}
{"asctime": "2024-12-18T18:49:15", "msecs": 873.0, "levelname": "INFO", "correlation_id": "-", "name": "integration.main", "lineno": 24, "message": "Fetching events at start time --> 2024-12-18 18:49:05.873785"}
{"asctime": "2024-12-18T18:49:15", "msecs": 876.0, "levelname": "INFO", "correlation_id": "-", "name": "integration.handlers.get_events_handler", "lineno": 10, "message": "getting events starting from 2024-12-18 18:49:05.873785"}
{"asctime": "2024-12-18T18:49:15", "msecs": 879.0, "levelname": "ERROR", "correlation_id": "-", "name": "integration.main", "lineno": 29, "message": "Error fetching events: 500: Internal server error. 'dict' object has no attribute 'status_code'"}
{"asctime": "2024-12-18T18:49:25", "msecs": 892.0, "levelname": "INFO", "correlation_id": "-", "name": "integration.main", "lineno": 24, "message": "Fetching events at start time --> 2024-12-18 18:49:15.892697"}
{"asctime": "2024-12-18T18:49:25", "msecs": 894.0, "levelname": "INFO", "correlation_id": "-", "name": "integration.handlers.get_events_handler", "lineno": 10, "message": "getting events starting from 2024-12-18 18:49:15.892697"}
{"asctime": "2024-12-18T18:49:25", "msecs": 897.0, "levelname": "ERROR", "correlation_id": "-", "name": "integration.main", "lineno": 29, "message": "Error fetching events: 500: Internal server error. 'dict' object has no attribute 'status_code'"}
{"asctime": "2024-12-18T18:49:35", "msecs": 914.0, "levelname": "INFO", "correlation_id": "-", "name": "integration.main", "lineno": 24, "message": "Fetching events at start time --> 2024-12-18 18:49:25.914095"}
{"asctime": "2024-12-18T18:49:35", "msecs": 918.0, "levelname": "INFO", "correlation_id": "-", "name": "integration.handlers.get_events_handler", "lineno": 10, "message": "getting events starting from 2024-12-18 18:49:25.914095"}
{"asctime": "2024-12-18T18:49:35", "msecs": 922.0, "levelname": "ERROR", "correlation_id": "-", "name": "integration.main", "lineno": 29, "message": "Error fetching events: 500: Internal server error. 'dict' object has no attribute 'status_code'"}
{"asctime": "2024-12-18T18:49:45", "msecs": 939.0, "levelname": "INFO", "correlation_id": "-", "name": "integration.main", "lineno": 24, "message": "Fetching events at start time --> 2024-12-18 18:49:35.939851"}
{"asctime": "2024-12-18T18:49:45", "msecs": 941.0, "levelname": "INFO", "correlation_id": "-", "name": "integration.handlers.get_events_handler", "lineno": 10, "message": "getting events starting from 2024-12-18 18:49:35.939851"}
{"asctime": "2024-12-18T18:49:45", "msecs": 944.0, "levelname": "ERROR", "correlation_id": "-", "name": "integration.main", "lineno": 29, "message": "Error fetching events: 500: Internal server error. 'dict' object has no attribute 'status_code'"}
{"asctime": "2024-12-18T18:49:55", "msecs": 944.0, "levelname": "INFO", "correlation_id": "-", "name": "integration.main", "lineno": 24, "message": "Fetching events at start time --> 2024-12-18 18:49:45.944817"}
{"asctime": "2024-12-18T18:49:55", "msecs": 948.0, "levelname": "INFO", "correlation_id": "-", "name": "integration.handlers.get_events_handler", "lineno": 10, "message": "getting events starting from 2024-12-18 18:49:45.944817"}
{"asctime": "2024-12-18T18:49:55", "msecs": 952.0, "levelname": "ERROR", "correlation_id": "-", "name": "integration.main", "lineno": 29, "message": "Error fetching events: 500: Internal server error. 'dict' object has no attribute 'status_code'"}
{"asctime": "2024-12-18T18:50:05", "msecs": 950.0, "levelname": "INFO", "correlation_id": "-", "name": "integration.main", "lineno": 24, "message": "Fetching events at start time --> 2024-12-18 18:49:55.950850"}
{"asctime": "2024-12-18T18:50:05", "msecs": 954.0, "levelname": "INFO", "correlation_id": "-", "name": "integration.handlers.get_events_handler", "lineno": 10, "message": "getting events starting from 2024-12-18 18:49:55.950850"}
{"asctime": "2024-12-18T18:50:05", "msecs": 958.0, "levelname": "ERROR", "correlation_id": "-", "name": "integration.main", "lineno": 29, "message": "Error fetching events: 500: Internal server error. 'dict' object has no attribute 'status_code'"}
{"asctime": "2024-12-18T18:50:15", "msecs": 977.0, "levelname": "INFO", "correlation_id": "-", "name": "integration.main", "lineno": 24, "message": "Fetching events at start time --> 2024-12-18 18:50:05.977316"}
{"asctime": "2024-12-18T18:50:15", "msecs": 979.0, "levelname": "INFO", "correlation_id": "-", "name": "integration.handlers.get_events_handler", "lineno": 10, "message": "getting events starting from 2024-12-18 18:50:05.977316"}
{"asctime": "2024-12-18T18:50:15", "msecs": 981.0, "levelname": "ERROR", "correlation_id": "-", "name": "integration.main", "lineno": 29, "message": "Error fetching events: 500: Internal server error. 'dict' object has no attribute 'status_code'"}
{"asctime": "2024-12-18T18:50:25", "msecs": 989.0, "levelname": "INFO", "correlation_id": "-", "name": "integration.main", "lineno": 24, "message": "Fetching events at start time --> 2024-12-18 18:50:15.989488"}
{"asctime": "2024-12-18T18:50:25", "msecs": 992.0, "levelname": "INFO", "correlation_id": "-", "name": "integration.handlers.get_events_handler", "lineno": 10, "message": "getting events starting from 2024-12-18 18:50:15.989488"}
{"asctime": "2024-12-18T18:50:25", "msecs": 995.0, "levelname": "ERROR", "correlation_id": "-", "name": "integration.main", "lineno": 29, "message": "Error fetching events: 500: Internal server error. 'dict' object has no attribute 'status_code'"}
{"asctime": "2024-12-18T18:50:36", "msecs": 17.0, "levelname": "INFO", "correlation_id": "-", "name": "integration.main", "lineno": 24, "message": "Fetching events at start time --> 2024-12-18 18:50:26.017455"}
{"asctime": "2024-12-18T18:50:36", "msecs": 19.0, "levelname": "INFO", "correlation_id": "-", "name": "integration.handlers.get_events_handler", "lineno": 10, "message": "getting events starting from 2024-12-18 18:50:26.017455"}
{"asctime": "2024-12-18T18:50:36", "msecs": 22.0, "levelname": "ERROR", "correlation_id": "-", "name": "integration.main", "lineno": 29, "message": "Error fetching events: 500: Internal server error. 'dict' object has no attribute 'status_code'"}
{"asctime": "2024-12-18T18:50:46", "msecs": 37.0, "levelname": "INFO", "correlation_id": "-", "name": "integration.main", "lineno": 24, "message": "Fetching events at start time --> 2024-12-18 18:50:36.037288"}
{"asctime": "2024-12-18T18:50:46", "msecs": 40.0, "levelname": "INFO", "correlation_id": "-", "name": "integration.handlers.get_events_handler", "lineno": 10, "message": "getting events starting from 2024-12-18 18:50:36.037288"}
{"asctime": "2024-12-18T18:50:46", "msecs": 43.0, "levelname": "ERROR", "correlation_id": "-", "name": "integration.main", "lineno": 29, "message": "Error fetching events: 500: Internal server error. 'dict' object has no attribute 'status_code'"}
{"asctime": "2024-12-18T18:50:56", "msecs": 40.0, "levelname": "INFO", "correlation_id": "-", "name": "integration.main", "lineno": 24, "message": "Fetching events at start time --> 2024-12-18 18:50:46.040814"}
{"asctime": "2024-12-18T18:50:56", "msecs": 42.0, "levelname": "INFO", "correlation_id": "-", "name": "integration.handlers.get_events_handler", "lineno": 10, "message": "getting events starting from 2024-12-18 18:50:46.040814"}
{"asctime": "2024-12-18T18:50:56", "msecs": 44.0, "levelname": "ERROR", "correlation_id": "-", "name": "integration.main", "lineno": 29, "message": "Error fetching events: 500: Internal server error. 'dict' object has no attribute 'status_code'"}
{"asctime": "2024-12-18T18:51:06", "msecs": 46.0, "levelname": "INFO", "correlation_id": "-", "name": "integration.main", "lineno": 24, "message": "Fetching events at start time --> 2024-12-18 18:50:56.046093"}
{"asctime": "2024-12-18T18:51:06", "msecs": 49.0, "levelname": "INFO", "correlation_id": "-", "name": "integration.handlers.get_events_handler", "lineno": 10, "message": "getting events starting from 2024-12-18 18:50:56.046093"}
{"asctime": "2024-12-18T18:51:06", "msecs": 52.0, "levelname": "ERROR", "correlation_id": "-", "name": "integration.main", "lineno": 29, "message": "Error fetching events: 500: Internal server error. 'dict' object has no attribute 'status_code'"}
{"asctime": "2024-12-18T18:51:16", "msecs": 83.0, "levelname": "INFO", "correlation_id": "-", "name": "integration.main", "lineno": 24, "message": "Fetching events at start time --> 2024-12-18 18:51:06.083765"}
{"asctime": "2024-12-18T18:51:16", "msecs": 86.0, "levelname": "INFO", "correlation_id": "-", "name": "integration.handlers.get_events_handler", "lineno": 10, "message": "getting events starting from 2024-12-18 18:51:06.083765"}
{"asctime": "2024-12-18T18:51:16", "msecs": 88.0, "levelname": "ERROR", "correlation_id": "-", "name": "integration.main", "lineno": 29, "message": "Error fetching events: 500: Internal server error. 'dict' object has no attribute 'status_code'"}
{"asctime": "2024-12-18T18:51:26", "msecs": 99.0, "levelname": "INFO", "correlation_id": "-", "name": "integration.main", "lineno": 24, "message": "Fetching events at start time --> 2024-12-18 18:51:16.099582"}
{"asctime": "2024-12-18T18:51:26", "msecs": 102.0, "levelname": "INFO", "correlation_id": "-", "name": "integration.handlers.get_events_handler", "lineno": 10, "message": "getting events starting from 2024-12-18 18:51:16.099582"}
{"asctime": "2024-12-18T18:51:26", "msecs": 105.0, "levelname": "ERROR", "correlation_id": "-", "name": "integration.main", "lineno": 29, "message": "Error fetching events: 500: Internal server error. 'dict' object has no attribute 'status_code'"}
{"asctime": "2024-12-18T18:51:36", "msecs": 115.0, "levelname": "INFO", "correlation_id": "-", "name": "integration.main", "lineno": 24, "message": "Fetching events at start time --> 2024-12-18 18:51:26.115152"}
{"asctime": "2024-12-18T18:51:36", "msecs": 117.0, "levelname": "INFO", "correlation_id": "-", "name": "integration.handlers.get_events_handler", "lineno": 10, "message": "getting events starting from 2024-12-18 18:51:26.115152"}
{"asctime": "2024-12-18T18:51:36", "msecs": 120.0, "levelname": "ERROR", "correlation_id": "-", "name": "integration.main", "lineno": 29, "message": "Error fetching events: 500: Internal server error. 'dict' object has no attribute 'status_code'"}
{"asctime": "2024-12-18T18:51:46", "msecs": 134.0, "levelname": "INFO", "correlation_id": "-", "name": "integration.main", "lineno": 24, "message": "Fetching events at start time --> 2024-12-18 18:51:36.134805"}
{"asctime": "2024-12-18T18:51:46", "msecs": 136.0, "levelname": "INFO", "correlation_id": "-", "name": "integration.handlers.get_events_handler", "lineno": 10, "message": "getting events starting from 2024-12-18 18:51:36.134805"}
{"asctime": "2024-12-18T18:51:46", "msecs": 140.0, "levelname": "ERROR", "correlation_id": "-", "name": "integration.main", "lineno": 29, "message": "Error fetching events: 500: Internal server error. 'dict' object has no attribute 'status_code'"}
{"asctime": "2024-12-18T18:51:56", "msecs": 133.0, "levelname": "INFO", "correlation_id": "-", "name": "integration.main", "lineno": 24, "message": "Fetching events at start time --> 2024-12-18 18:51:46.133769"}
{"asctime": "2024-12-18T18:51:56", "msecs": 137.0, "levelname": "INFO", "correlation_id": "-", "name": "integration.handlers.get_events_handler", "lineno": 10, "message": "getting events starting from 2024-12-18 18:51:46.133769"}
{"asctime": "2024-12-18T18:51:56", "msecs": 139.0, "levelname": "ERROR", "correlation_id": "-", "name": "integration.main", "lineno": 29, "message": "Error fetching events: 500: Internal server error. 'dict' object has no attribute 'status_code'"}
{"asctime": "2024-12-18T18:52:06", "msecs": 141.0, "levelname": "INFO", "correlation_id": "-", "name": "integration.main", "lineno": 24, "message": "Fetching events at start time --> 2024-12-18 18:51:56.141750"}
{"asctime": "2024-12-18T18:52:06", "msecs": 144.0, "levelname": "INFO", "correlation_id": "-", "name": "integration.handlers.get_events_handler", "lineno": 10, "message": "getting events starting from 2024-12-18 18:51:56.141750"}
{"asctime": "2024-12-18T18:52:06", "msecs": 147.0, "levelname": "ERROR", "correlation_id": "-", "name": "integration.main", "lineno": 29, "message": "Error fetching events: 500: Internal server error. 'dict' object has no attribute 'status_code'"}
{"asctime": "2024-12-18T18:52:16", "msecs": 156.0, "levelname": "INFO", "correlation_id": "-", "name": "integration.main", "lineno": 24, "message": "Fetching events at start time --> 2024-12-18 18:52:06.156799"}
{"asctime": "2024-12-18T18:52:16", "msecs": 158.0, "levelname": "INFO", "correlation_id": "-", "name": "integration.handlers.get_events_handler", "lineno": 10, "message": "getting events starting from 2024-12-18 18:52:06.156799"}
{"asctime": "2024-12-18T18:52:16", "msecs": 161.0, "levelname": "ERROR", "correlation_id": "-", "name": "integration.main", "lineno": 29, "message": "Error fetching events: 500: Internal server error. 'dict' object has no attribute 'status_code'"}
{"asctime": "2024-12-18T18:52:26", "msecs": 180.0, "levelname": "INFO", "correlation_id": "-", "name": "integration.main", "lineno": 24, "message": "Fetching events at start time --> 2024-12-18 18:52:16.180527"}
{"asctime": "2024-12-18T18:52:26", "msecs": 182.0, "levelname": "INFO", "correlation_id": "-", "name": "integration.handlers.get_events_handler", "lineno": 10, "message": "getting events starting from 2024-12-18 18:52:16.180527"}
{"asctime": "2024-12-18T18:52:26", "msecs": 185.0, "levelname": "ERROR", "correlation_id": "-", "name": "integration.main", "lineno": 29, "message": "Error fetching events: 500: Internal server error. 'dict' object has no attribute 'status_code'"}
{"asctime": "2024-12-18T18:52:36", "msecs": 199.0, "levelname": "INFO", "correlation_id": "-", "name": "integration.main", "lineno": 24, "message": "Fetching events at start time --> 2024-12-18 18:52:26.198210"}
{"asctime": "2024-12-18T18:52:36", "msecs": 202.0, "levelname": "INFO", "correlation_id": "-", "name": "integration.handlers.get_events_handler", "lineno": 10, "message": "getting events starting from 2024-12-18 18:52:26.198210"}
{"asctime": "2024-12-18T18:52:36", "msecs": 204.0, "levelname": "ERROR", "correlation_id": "-", "name": "integration.main", "lineno": 29, "message": "Error fetching events: 500: Internal server error. 'dict' object has no attribute 'status_code'"}
{"asctime": "2024-12-18T18:52:46", "msecs": 220.0, "levelname": "INFO", "correlation_id": "-", "name": "integration.main", "lineno": 24, "message": "Fetching events at start time --> 2024-12-18 18:52:36.220567"}
{"asctime": "2024-12-18T18:52:46", "msecs": 223.0, "levelname": "INFO", "correlation_id": "-", "name": "integration.handlers.get_events_handler", "lineno": 10, "message": "getting events starting from 2024-12-18 18:52:36.220567"}
{"asctime": "2024-12-18T18:52:46", "msecs": 225.0, "levelname": "ERROR", "correlation_id": "-", "name": "integration.main", "lineno": 29, "message": "Error fetching events: 500: Internal server error. 'dict' object has no attribute 'status_code'"}
{"asctime": "2024-12-18T18:52:56", "msecs": 238.0, "levelname": "INFO", "correlation_id": "-", "name": "integration.main", "lineno": 24, "message": "Fetching events at start time --> 2024-12-18 18:52:46.238160"}
{"asctime": "2024-12-18T18:52:56", "msecs": 240.0, "levelname": "INFO", "correlation_id": "-", "name": "integration.handlers.get_events_handler", "lineno": 10, "message": "getting events starting from 2024-12-18 18:52:46.238160"}
{"asctime": "2024-12-18T18:52:56", "msecs": 243.0, "levelname": "ERROR", "correlation_id": "-", "name": "integration.main", "lineno": 29, "message": "Error fetching events: 500: Internal server error. 'dict' object has no attribute 'status_code'"}
{"asctime": "2024-12-18T18:53:06", "msecs": 245.0, "levelname": "INFO", "correlation_id": "-", "name": "integration.main", "lineno": 24, "message": "Fetching events at start time --> 2024-12-18 18:52:56.245505"}
{"asctime": "2024-12-18T18:53:06", "msecs": 248.0, "levelname": "INFO", "correlation_id": "-", "name": "integration.handlers.get_events_handler", "lineno": 10, "message": "getting events starting from 2024-12-18 18:52:56.245505"}
{"asctime": "2024-12-18T18:53:06", "msecs": 251.0, "levelname": "ERROR", "correlation_id": "-", "name": "integration.main", "lineno": 29, "message": "Error fetching events: 500: Internal server error. 'dict' object has no attribute 'status_code'"}
{"asctime": "2024-12-18T18:53:16", "msecs": 259.0, "levelname": "INFO", "correlation_id": "-", "name": "integration.main", "lineno": 24, "message": "Fetching events at start time --> 2024-12-18 18:53:06.258864"}
{"asctime": "2024-12-18T18:53:16", "msecs": 261.0, "levelname": "INFO", "correlation_id": "-", "name": "integration.handlers.get_events_handler", "lineno": 10, "message": "getting events starting from 2024-12-18 18:53:06.258864"}
{"asctime": "2024-12-18T18:53:16", "msecs": 263.0, "levelname": "ERROR", "correlation_id": "-", "name": "integration.main", "lineno": 29, "message": "Error fetching events: 500: Internal server error. 'dict' object has no attribute 'status_code'"}
{"asctime": "2024-12-18T18:53:26", "msecs": 272.0, "levelname": "INFO", "correlation_id": "-", "name": "integration.main", "lineno": 24, "message": "Fetching events at start time --> 2024-12-18 18:53:16.272234"}
{"asctime": "2024-12-18T18:53:26", "msecs": 274.0, "levelname": "INFO", "correlation_id": "-", "name": "integration.handlers.get_events_handler", "lineno": 10, "message": "getting events starting from 2024-12-18 18:53:16.272234"}
{"asctime": "2024-12-18T18:53:26", "msecs": 276.0, "levelname": "ERROR", "correlation_id": "-", "name": "integration.main", "lineno": 29, "message": "Error fetching events: 500: Internal server error. 'dict' object has no attribute 'status_code'"}
{"asctime": "2024-12-18T18:53:36", "msecs": 292.0, "levelname": "INFO", "correlation_id": "-", "name": "integration.main", "lineno": 24, "message": "Fetching events at start time --> 2024-12-18 18:53:26.292765"}
{"asctime": "2024-12-18T18:53:36", "msecs": 296.0, "levelname": "INFO", "correlation_id": "-", "name": "integration.handlers.get_events_handler", "lineno": 10, "message": "getting events starting from 2024-12-18 18:53:26.292765"}
{"asctime": "2024-12-18T18:53:36", "msecs": 299.0, "levelname": "ERROR", "correlation_id": "-", "name": "integration.main", "lineno": 29, "message": "Error fetching events: 500: Internal server error. 'dict' object has no attribute 'status_code'"}
{"asctime": "2024-12-18T18:53:46", "msecs": 323.0, "levelname": "INFO", "correlation_id": "-", "name": "integration.main", "lineno": 24, "message": "Fetching events at start time --> 2024-12-18 18:53:36.323067"}
{"asctime": "2024-12-18T18:53:46", "msecs": 326.0, "levelname": "INFO", "correlation_id": "-", "name": "integration.handlers.get_events_handler", "lineno": 10, "message": "getting events starting from 2024-12-18 18:53:36.323067"}
{"asctime": "2024-12-18T18:53:46", "msecs": 328.0, "levelname": "ERROR", "correlation_id": "-", "name": "integration.main", "lineno": 29, "message": "Error fetching events: 500: Internal server error. 'dict' object has no attribute 'status_code'"}
{"asctime": "2024-12-18T18:53:56", "msecs": 331.0, "levelname": "INFO", "correlation_id": "-", "name": "integration.main", "lineno": 24, "message": "Fetching events at start time --> 2024-12-18 18:53:46.331204"}
{"asctime": "2024-12-18T18:53:56", "msecs": 335.0, "levelname": "INFO", "correlation_id": "-", "name": "integration.handlers.get_events_handler", "lineno": 10, "message": "getting events starting from 2024-12-18 18:53:46.331204"}
{"asctime": "2024-12-18T18:53:56", "msecs": 339.0, "levelname": "ERROR", "correlation_id": "-", "name": "integration.main", "lineno": 29, "message": "Error fetching events: 500: Internal server error. 'dict' object has no attribute 'status_code'"}
{"asctime": "2024-12-18T18:54:06", "msecs": 359.0, "levelname": "INFO", "correlation_id": "-", "name": "integration.main", "lineno": 24, "message": "Fetching events at start time --> 2024-12-18 18:53:56.359364"}
{"asctime": "2024-12-18T18:54:06", "msecs": 360.0, "levelname": "INFO", "correlation_id": "-", "name": "integration.handlers.get_events_handler", "lineno": 10, "message": "getting events starting from 2024-12-18 18:53:56.359364"}
{"asctime": "2024-12-18T18:54:06", "msecs": 364.0, "levelname": "ERROR", "correlation_id": "-", "name": "integration.main", "lineno": 29, "message": "Error fetching events: 500: Internal server error. 'dict' object has no attribute 'status_code'"}
{"asctime": "2024-12-18T18:54:16", "msecs": 377.0, "levelname": "INFO", "correlation_id": "-", "name": "integration.main", "lineno": 24, "message": "Fetching events at start time --> 2024-12-18 18:54:06.377814"}
{"asctime": "2024-12-18T18:54:16", "msecs": 379.0, "levelname": "INFO", "correlation_id": "-", "name": "integration.handlers.get_events_handler", "lineno": 10, "message": "getting events starting from 2024-12-18 18:54:06.377814"}
{"asctime": "2024-12-18T18:54:16", "msecs": 382.0, "levelname": "ERROR", "correlation_id": "-", "name": "integration.main", "lineno": 29, "message": "Error fetching events: 500: Internal server error. 'dict' object has no attribute 'status_code'"}
{"asctime": "2024-12-18T18:54:26", "msecs": 384.0, "levelname": "INFO", "correlation_id": "-", "name": "integration.main", "lineno": 24, "message": "Fetching events at start time --> 2024-12-18 18:54:16.384398"}
{"asctime": "2024-12-18T18:54:26", "msecs": 387.0, "levelname": "INFO", "correlation_id": "-", "name": "integration.handlers.get_events_handler", "lineno": 10, "message": "getting events starting from 2024-12-18 18:54:16.384398"}
{"asctime": "2024-12-18T18:54:26", "msecs": 389.0, "levelname": "ERROR", "correlation_id": "-", "name": "integration.main", "lineno": 29, "message": "Error fetching events: 500: Internal server error. 'dict' object has no attribute 'status_code'"}
{"asctime": "2024-12-18T18:54:36", "msecs": 395.0, "levelname": "INFO", "correlation_id": "-", "name": "integration.main", "lineno": 24, "message": "Fetching events at start time --> 2024-12-18 18:54:26.395943"}
{"asctime": "2024-12-18T18:54:36", "msecs": 399.0, "levelname": "INFO", "correlation_id": "-", "name": "integration.handlers.get_events_handler", "lineno": 10, "message": "getting events starting from 2024-12-18 18:54:26.395943"}
{"asctime": "2024-12-18T18:54:36", "msecs": 401.0, "levelname": "ERROR", "correlation_id": "-", "name": "integration.main", "lineno": 29, "message": "Error fetching events: 500: Internal server error. 'dict' object has no attribute 'status_code'"}
{"asctime": "2024-12-18T18:54:46", "msecs": 407.0, "levelname": "INFO", "correlation_id": "-", "name": "integration.main", "lineno": 24, "message": "Fetching events at start time --> 2024-12-18 18:54:36.406870"}
{"asctime": "2024-12-18T18:54:46", "msecs": 410.0, "levelname": "INFO", "correlation_id": "-", "name": "integration.handlers.get_events_handler", "lineno": 10, "message": "getting events starting from 2024-12-18 18:54:36.406870"}
{"asctime": "2024-12-18T18:54:46", "msecs": 412.0, "levelname": "ERROR", "correlation_id": "-", "name": "integration.main", "lineno": 29, "message": "Error fetching events: 500: Internal server error. 'dict' object has no attribute 'status_code'"}
{"asctime": "2024-12-18T18:54:56", "msecs": 427.0, "levelname": "INFO", "correlation_id": "-", "name": "integration.main", "lineno": 24, "message": "Fetching events at start time --> 2024-12-18 18:54:46.427589"}
{"asctime": "2024-12-18T18:54:56", "msecs": 430.0, "levelname": "INFO", "correlation_id": "-", "name": "integration.handlers.get_events_handler", "lineno": 10, "message": "getting events starting from 2024-12-18 18:54:46.427589"}
{"asctime": "2024-12-18T18:54:56", "msecs": 434.0, "levelname": "ERROR", "correlation_id": "-", "name": "integration.main", "lineno": 29, "message": "Error fetching events: 500: Internal server error. 'dict' object has no attribute 'status_code'"}
{"asctime": "2024-12-18T18:55:06", "msecs": 441.0, "levelname": "INFO", "correlation_id": "-", "name": "integration.main", "lineno": 24, "message": "Fetching events at start time --> 2024-12-18 18:54:56.441746"}
{"asctime": "2024-12-18T18:55:06", "msecs": 443.0, "levelname": "INFO", "correlation_id": "-", "name": "integration.handlers.get_events_handler", "lineno": 10, "message": "getting events starting from 2024-12-18 18:54:56.441746"}
{"asctime": "2024-12-18T18:55:06", "msecs": 445.0, "levelname": "ERROR", "correlation_id": "-", "name": "integration.main", "lineno": 29, "message": "Error fetching events: 500: Internal server error. 'dict' object has no attribute 'status_code'"}
{"asctime": "2024-12-18T18:55:16", "msecs": 462.0, "levelname": "INFO", "correlation_id": "-", "name": "integration.main", "lineno": 24, "message": "Fetching events at start time --> 2024-12-18 18:55:06.462505"}
{"asctime": "2024-12-18T18:55:16", "msecs": 465.0, "levelname": "INFO", "correlation_id": "-", "name": "integration.handlers.get_events_handler", "lineno": 10, "message": "getting events starting from 2024-12-18 18:55:06.462505"}
{"asctime": "2024-12-18T18:55:16", "msecs": 468.0, "levelname": "ERROR", "correlation_id": "-", "name": "integration.main", "lineno": 29, "message": "Error fetching events: 500: Internal server error. 'dict' object has no attribute 'status_code'"}
{"asctime": "2024-12-18T18:55:26", "msecs": 489.0, "levelname": "INFO", "correlation_id": "-", "name": "integration.main", "lineno": 24, "message": "Fetching events at start time --> 2024-12-18 18:55:16.489356"}
{"asctime": "2024-12-18T18:55:26", "msecs": 491.0, "levelname": "INFO", "correlation_id": "-", "name": "integration.handlers.get_events_handler", "lineno": 10, "message": "getting events starting from 2024-12-18 18:55:16.489356"}
{"asctime": "2024-12-18T18:55:26", "msecs": 493.0, "levelname": "ERROR", "correlation_id": "-", "name": "integration.main", "lineno": 29, "message": "Error fetching events: 500: Internal server error. 'dict' object has no attribute 'status_code'"}
{"asctime": "2024-12-18T18:55:36", "msecs": 520.0, "levelname": "INFO", "correlation_id": "-", "name": "integration.main", "lineno": 24, "message": "Fetching events at start time --> 2024-12-18 18:55:26.520033"}
{"asctime": "2024-12-18T18:55:36", "msecs": 522.0, "levelname": "INFO", "correlation_id": "-", "name": "integration.handlers.get_events_handler", "lineno": 10, "message": "getting events starting from 2024-12-18 18:55:26.520033"}
{"asctime": "2024-12-18T18:55:36", "msecs": 526.0, "levelname": "ERROR", "correlation_id": "-", "name": "integration.main", "lineno": 29, "message": "Error fetching events: 500: Internal server error. 'dict' object has no attribute 'status_code'"}
{"asctime": "2024-12-18T18:55:46", "msecs": 548.0, "levelname": "INFO", "correlation_id": "-", "name": "integration.main", "lineno": 24, "message": "Fetching events at start time --> 2024-12-18 18:55:36.548206"}
{"asctime": "2024-12-18T18:55:46", "msecs": 550.0, "levelname": "INFO", "correlation_id": "-", "name": "integration.handlers.get_events_handler", "lineno": 10, "message": "getting events starting from 2024-12-18 18:55:36.548206"}
{"asctime": "2024-12-18T18:55:46", "msecs": 553.0, "levelname": "ERROR", "correlation_id": "-", "name": "integration.main", "lineno": 29, "message": "Error fetching events: 500: Internal server error. 'dict' object has no attribute 'status_code'"}
{"asctime": "2024-12-18T18:55:56", "msecs": 584.0, "levelname": "INFO", "correlation_id": "-", "name": "integration.main", "lineno": 24, "message": "Fetching events at start time --> 2024-12-18 18:55:46.584236"}
{"asctime": "2024-12-18T18:55:56", "msecs": 586.0, "levelname": "INFO", "correlation_id": "-", "name": "integration.handlers.get_events_handler", "lineno": 10, "message": "getting events starting from 2024-12-18 18:55:46.584236"}
{"asctime": "2024-12-18T18:55:56", "msecs": 589.0, "levelname": "ERROR", "correlation_id": "-", "name": "integration.main", "lineno": 29, "message": "Error fetching events: 500: Internal server error. 'dict' object has no attribute 'status_code'"}
{"asctime": "2024-12-18T18:56:06", "msecs": 611.0, "levelname": "INFO", "correlation_id": "-", "name": "integration.main", "lineno": 24, "message": "Fetching events at start time --> 2024-12-18 18:55:56.611923"}
{"asctime": "2024-12-18T18:56:06", "msecs": 613.0, "levelname": "INFO", "correlation_id": "-", "name": "integration.handlers.get_events_handler", "lineno": 10, "message": "getting events starting from 2024-12-18 18:55:56.611923"}
{"asctime": "2024-12-18T18:56:06", "msecs": 615.0, "levelname": "ERROR", "correlation_id": "-", "name": "integration.main", "lineno": 29, "message": "Error fetching events: 500: Internal server error. 'dict' object has no attribute 'status_code'"}
{"asctime": "2024-12-18T18:56:16", "msecs": 638.0, "levelname": "INFO", "correlation_id": "-", "name": "integration.main", "lineno": 24, "message": "Fetching events at start time --> 2024-12-18 18:56:06.638859"}
{"asctime": "2024-12-18T18:56:16", "msecs": 642.0, "levelname": "INFO", "correlation_id": "-", "name": "integration.handlers.get_events_handler", "lineno": 10, "message": "getting events starting from 2024-12-18 18:56:06.638859"}
{"asctime": "2024-12-18T18:56:16", "msecs": 645.0, "levelname": "ERROR", "correlation_id": "-", "name": "integration.main", "lineno": 29, "message": "Error fetching events: 500: Internal server error. 'dict' object has no attribute 'status_code'"}
{"asctime": "2024-12-18T18:56:26", "msecs": 635.0, "levelname": "INFO", "correlation_id": "-", "name": "integration.main", "lineno": 24, "message": "Fetching events at start time --> 2024-12-18 18:56:16.635650"}
{"asctime": "2024-12-18T18:56:26", "msecs": 638.0, "levelname": "INFO", "correlation_id": "-", "name": "integration.handlers.get_events_handler", "lineno": 10, "message": "getting events starting from 2024-12-18 18:56:16.635650"}
{"asctime": "2024-12-18T18:56:26", "msecs": 640.0, "levelname": "ERROR", "correlation_id": "-", "name": "integration.main", "lineno": 29, "message": "Error fetching events: 500: Internal server error. 'dict' object has no attribute 'status_code'"}
{"asctime": "2024-12-18T18:56:36", "msecs": 634.0, "levelname": "INFO", "correlation_id": "-", "name": "integration.main", "lineno": 24, "message": "Fetching events at start time --> 2024-12-18 18:56:26.634288"}
{"asctime": "2024-12-18T18:56:36", "msecs": 636.0, "levelname": "INFO", "correlation_id": "-", "name": "integration.handlers.get_events_handler", "lineno": 10, "message": "getting events starting from 2024-12-18 18:56:26.634288"}
{"asctime": "2024-12-18T18:56:36", "msecs": 638.0, "levelname": "ERROR", "correlation_id": "-", "name": "integration.main", "lineno": 29, "message": "Error fetching events: 500: Internal server error. 'dict' object has no attribute 'status_code'"}
{"asctime": "2024-12-18T18:56:46", "msecs": 646.0, "levelname": "INFO", "correlation_id": "-", "name": "integration.main", "lineno": 24, "message": "Fetching events at start time --> 2024-12-18 18:56:36.646847"}
{"asctime": "2024-12-18T18:56:46", "msecs": 649.0, "levelname": "INFO", "correlation_id": "-", "name": "integration.handlers.get_events_handler", "lineno": 10, "message": "getting events starting from 2024-12-18 18:56:36.646847"}
{"asctime": "2024-12-18T18:56:46", "msecs": 652.0, "levelname": "ERROR", "correlation_id": "-", "name": "integration.main", "lineno": 29, "message": "Error fetching events: 500: Internal server error. 'dict' object has no attribute 'status_code'"}
{"asctime": "2024-12-18T18:56:56", "msecs": 654.0, "levelname": "INFO", "correlation_id": "-", "name": "integration.main", "lineno": 24, "message": "Fetching events at start time --> 2024-12-18 18:56:46.654047"}
{"asctime": "2024-12-18T18:56:56", "msecs": 657.0, "levelname": "INFO", "correlation_id": "-", "name": "integration.handlers.get_events_handler", "lineno": 10, "message": "getting events starting from 2024-12-18 18:56:46.654047"}
{"asctime": "2024-12-18T18:56:56", "msecs": 660.0, "levelname": "ERROR", "correlation_id": "-", "name": "integration.main", "lineno": 29, "message": "Error fetching events: 500: Internal server error. 'dict' object has no attribute 'status_code'"}
{"asctime": "2024-12-18T18:57:06", "msecs": 674.0, "levelname": "INFO", "correlation_id": "-", "name": "integration.main", "lineno": 24, "message": "Fetching events at start time --> 2024-12-18 18:56:56.674511"}
{"asctime": "2024-12-18T18:57:06", "msecs": 677.0, "levelname": "INFO", "correlation_id": "-", "name": "integration.handlers.get_events_handler", "lineno": 10, "message": "getting events starting from 2024-12-18 18:56:56.674511"}
{"asctime": "2024-12-18T18:57:06", "msecs": 679.0, "levelname": "ERROR", "correlation_id": "-", "name": "integration.main", "lineno": 29, "message": "Error fetching events: 500: Internal server error. 'dict' object has no attribute 'status_code'"}
{"asctime": "2024-12-18T18:57:16", "msecs": 701.0, "levelname": "INFO", "correlation_id": "-", "name": "integration.main", "lineno": 24, "message": "Fetching events at start time --> 2024-12-18 18:57:06.701396"}
{"asctime": "2024-12-18T18:57:16", "msecs": 703.0, "levelname": "INFO", "correlation_id": "-", "name": "integration.handlers.get_events_handler", "lineno": 10, "message": "getting events starting from 2024-12-18 18:57:06.701396"}
{"asctime": "2024-12-18T18:57:16", "msecs": 706.0, "levelname": "ERROR", "correlation_id": "-", "name": "integration.main", "lineno": 29, "message": "Error fetching events: 500: Internal server error. 'dict' object has no attribute 'status_code'"}
{"asctime": "2024-12-18T18:57:26", "msecs": 719.0, "levelname": "INFO", "correlation_id": "-", "name": "integration.main", "lineno": 24, "message": "Fetching events at start time --> 2024-12-18 18:57:16.719348"}
{"asctime": "2024-12-18T18:57:26", "msecs": 721.0, "levelname": "INFO", "correlation_id": "-", "name": "integration.handlers.get_events_handler", "lineno": 10, "message": "getting events starting from 2024-12-18 18:57:16.719348"}
{"asctime": "2024-12-18T18:57:26", "msecs": 725.0, "levelname": "ERROR", "correlation_id": "-", "name": "integration.main", "lineno": 29, "message": "Error fetching events: 500: Internal server error. 'dict' object has no attribute 'status_code'"}
{"asctime": "2024-12-18T18:57:36", "msecs": 756.0, "levelname": "INFO", "correlation_id": "-", "name": "integration.main", "lineno": 24, "message": "Fetching events at start time --> 2024-12-18 18:57:26.756889"}
{"asctime": "2024-12-18T18:57:36", "msecs": 758.0, "levelname": "INFO", "correlation_id": "-", "name": "integration.handlers.get_events_handler", "lineno": 10, "message": "getting events starting from 2024-12-18 18:57:26.756889"}
{"asctime": "2024-12-18T18:57:36", "msecs": 761.0, "levelname": "ERROR", "correlation_id": "-", "name": "integration.main", "lineno": 29, "message": "Error fetching events: 500: Internal server error. 'dict' object has no attribute 'status_code'"}
{"asctime": "2024-12-18T18:57:46", "msecs": 766.0, "levelname": "INFO", "correlation_id": "-", "name": "integration.main", "lineno": 24, "message": "Fetching events at start time --> 2024-12-18 18:57:36.766526"}
{"asctime": "2024-12-18T18:57:46", "msecs": 768.0, "levelname": "INFO", "correlation_id": "-", "name": "integration.handlers.get_events_handler", "lineno": 10, "message": "getting events starting from 2024-12-18 18:57:36.766526"}
{"asctime": "2024-12-18T18:57:46", "msecs": 771.0, "levelname": "ERROR", "correlation_id": "-", "name": "integration.main", "lineno": 29, "message": "Error fetching events: 500: Internal server error. 'dict' object has no attribute 'status_code'"}
{"asctime": "2024-12-18T18:57:56", "msecs": 773.0, "levelname": "INFO", "correlation_id": "-", "name": "integration.main", "lineno": 24, "message": "Fetching events at start time --> 2024-12-18 18:57:46.773088"}
{"asctime": "2024-12-18T18:57:56", "msecs": 776.0, "levelname": "INFO", "correlation_id": "-", "name": "integration.handlers.get_events_handler", "lineno": 10, "message": "getting events starting from 2024-12-18 18:57:46.773088"}
{"asctime": "2024-12-18T18:57:56", "msecs": 778.0, "levelname": "ERROR", "correlation_id": "-", "name": "integration.main", "lineno": 29, "message": "Error fetching events: 500: Internal server error. 'dict' object has no attribute 'status_code'"}
{"asctime": "2024-12-18T18:58:06", "msecs": 769.0, "levelname": "INFO", "correlation_id": "-", "name": "integration.main", "lineno": 24, "message": "Fetching events at start time --> 2024-12-18 18:57:56.769592"}
{"asctime": "2024-12-18T18:58:06", "msecs": 772.0, "levelname": "INFO", "correlation_id": "-", "name": "integration.handlers.get_events_handler", "lineno": 10, "message": "getting events starting from 2024-12-18 18:57:56.769592"}
{"asctime": "2024-12-18T18:58:06", "msecs": 774.0, "levelname": "ERROR", "correlation_id": "-", "name": "integration.main", "lineno": 29, "message": "Error fetching events: 500: Internal server error. 'dict' object has no attribute 'status_code'"}
{"asctime": "2024-12-18T18:58:16", "msecs": 786.0, "levelname": "INFO", "correlation_id": "-", "name": "integration.main", "lineno": 24, "message": "Fetching events at start time --> 2024-12-18 18:58:06.786139"}
{"asctime": "2024-12-18T18:58:16", "msecs": 788.0, "levelname": "INFO", "correlation_id": "-", "name": "integration.handlers.get_events_handler", "lineno": 10, "message": "getting events starting from 2024-12-18 18:58:06.786139"}
{"asctime": "2024-12-18T18:58:16", "msecs": 792.0, "levelname": "ERROR", "correlation_id": "-", "name": "integration.main", "lineno": 29, "message": "Error fetching events: 500: Internal server error. 'dict' object has no attribute 'status_code'"}
{"asctime": "2024-12-18T18:58:26", "msecs": 810.0, "levelname": "INFO", "correlation_id": "-", "name": "integration.main", "lineno": 24, "message": "Fetching events at start time --> 2024-12-18 18:58:16.810752"}
{"asctime": "2024-12-18T18:58:26", "msecs": 813.0, "levelname": "INFO", "correlation_id": "-", "name": "integration.handlers.get_events_handler", "lineno": 10, "message": "getting events starting from 2024-12-18 18:58:16.810752"}
{"asctime": "2024-12-18T18:58:26", "msecs": 817.0, "levelname": "ERROR", "correlation_id": "-", "name": "integration.main", "lineno": 29, "message": "Error fetching events: 500: Internal server error. 'dict' object has no attribute 'status_code'"}
{"asctime": "2024-12-18T18:58:36", "msecs": 823.0, "levelname": "INFO", "correlation_id": "-", "name": "integration.main", "lineno": 24, "message": "Fetching events at start time --> 2024-12-18 18:58:26.823300"}
{"asctime": "2024-12-18T18:58:36", "msecs": 826.0, "levelname": "INFO", "correlation_id": "-", "name": "integration.handlers.get_events_handler", "lineno": 10, "message": "getting events starting from 2024-12-18 18:58:26.823300"}
{"asctime": "2024-12-18T18:58:36", "msecs": 829.0, "levelname": "ERROR", "correlation_id": "-", "name": "integration.main", "lineno": 29, "message": "Error fetching events: 500: Internal server error. 'dict' object has no attribute 'status_code'"}
{"asctime": "2024-12-18T18:58:46", "msecs": 840.0, "levelname": "INFO", "correlation_id": "-", "name": "integration.main", "lineno": 24, "message": "Fetching events at start time --> 2024-12-18 18:58:36.840151"}
{"asctime": "2024-12-18T18:58:46", "msecs": 842.0, "levelname": "INFO", "correlation_id": "-", "name": "integration.handlers.get_events_handler", "lineno": 10, "message": "getting events starting from 2024-12-18 18:58:36.840151"}
{"asctime": "2024-12-18T18:58:46", "msecs": 845.0, "levelname": "ERROR", "correlation_id": "-", "name": "integration.main", "lineno": 29, "message": "Error fetching events: 500: Internal server error. 'dict' object has no attribute 'status_code'"}
{"asctime": "2024-12-18T18:58:56", "msecs": 865.0, "levelname": "INFO", "correlation_id": "-", "name": "integration.main", "lineno": 24, "message": "Fetching events at start time --> 2024-12-18 18:58:46.865294"}
{"asctime": "2024-12-18T18:58:56", "msecs": 867.0, "levelname": "INFO", "correlation_id": "-", "name": "integration.handlers.get_events_handler", "lineno": 10, "message": "getting events starting from 2024-12-18 18:58:46.865294"}
{"asctime": "2024-12-18T18:58:56", "msecs": 869.0, "levelname": "ERROR", "correlation_id": "-", "name": "integration.main", "lineno": 29, "message": "Error fetching events: 500: Internal server error. 'dict' object has no attribute 'status_code'"}
{"asctime": "2024-12-18T18:58:59", "msecs": 572.0, "levelname": "INFO", "correlation_id": "-", "name": "uvicorn.error", "lineno": 258, "message": "Shutting down"}
{"asctime": "2024-12-18T18:58:59", "msecs": 684.0, "levelname": "INFO", "correlation_id": "-", "name": "uvicorn.error", "lineno": 67, "message": "Waiting for application shutdown."}
{"asctime": "2024-12-18T18:58:59", "msecs": 687.0, "levelname": "INFO", "correlation_id": "-", "name": "uvicorn.error", "lineno": 76, "message": "Application shutdown complete."}
{"asctime": "2024-12-18T18:58:59", "msecs": 689.0, "levelname": "INFO", "correlation_id": "-", "name": "uvicorn.error", "lineno": 92, "message": "Finished server process [10696]", "color_message": "Finished server process [\u001b[36m%d\u001b[0m]"}
{"asctime": "2024-12-18T19:00:03", "msecs": 855.0, "levelname": "INFO", "correlation_id": "-", "name": "integration.main", "lineno": 45, "message": "Hello World"}
{"asctime": "2024-12-18T19:00:03", "msecs": 859.0, "levelname": "INFO", "correlation_id": "-", "name": "integration.main", "lineno": 24, "message": "Fetching events at start time --> 2024-12-18 18:59:53.859713"}
{"asctime": "2024-12-18T19:00:03", "msecs": 861.0, "levelname": "INFO", "correlation_id": "-", "name": "integration.handlers.get_events_handler", "lineno": 10, "message": "getting events starting from 2024-12-18 18:59:53.859713"}
{"asctime": "2024-12-18T19:00:05", "msecs": 908.0, "levelname": "INFO", "correlation_id": "-", "name": "integration.services.get_events_service", "lineno": 42, "message": "No events found starting at 2024-12-18 18:59:53.859713"}
{"asctime": "2024-12-18T19:00:05", "msecs": 910.0, "levelname": "ERROR", "correlation_id": "-", "name": "integration.main", "lineno": 29, "message": "Error fetching events: not enough values to unpack (expected 2, got 0)"}
{"asctime": "2024-12-18T19:00:05", "msecs": 913.0, "levelname": "INFO", "correlation_id": "-", "name": "uvicorn.error", "lineno": 62, "message": "Application startup complete."}
{"asctime": "2024-12-18T19:00:05", "msecs": 915.0, "levelname": "INFO", "correlation_id": "-", "name": "uvicorn.error", "lineno": 214, "message": "Uvicorn running on http://127.0.0.1:8000 (Press CTRL+C to quit)", "color_message": "Uvicorn running on \u001b[1m%s://%s:%d\u001b[0m (Press CTRL+C to quit)"}
{"asctime": "2024-12-18T19:00:15", "msecs": 905.0, "levelname": "INFO", "correlation_id": "-", "name": "integration.main", "lineno": 24, "message": "Fetching events at start time --> 2024-12-18 19:00:05.905877"}
{"asctime": "2024-12-18T19:00:15", "msecs": 909.0, "levelname": "INFO", "correlation_id": "-", "name": "integration.handlers.get_events_handler", "lineno": 10, "message": "getting events starting from 2024-12-18 19:00:05.905877"}
{"asctime": "2024-12-18T19:00:17", "msecs": 970.0, "levelname": "INFO", "correlation_id": "-", "name": "integration.services.get_events_service", "lineno": 44, "message": "Events fetched successfully: 1 events found."}
{"asctime": "2024-12-18T19:00:17", "msecs": 973.0, "levelname": "ERROR", "correlation_id": "-", "name": "integration.main", "lineno": 29, "message": "Error fetching events: not enough values to unpack (expected 2, got 1)"}
{"asctime": "2024-12-18T19:00:20", "msecs": 832.0, "levelname": "INFO", "correlation_id": "-", "name": "uvicorn.error", "lineno": 258, "message": "Shutting down"}
{"asctime": "2024-12-18T19:00:20", "msecs": 943.0, "levelname": "INFO", "correlation_id": "-", "name": "uvicorn.error", "lineno": 67, "message": "Waiting for application shutdown."}
{"asctime": "2024-12-18T19:00:20", "msecs": 945.0, "levelname": "INFO", "correlation_id": "-", "name": "uvicorn.error", "lineno": 76, "message": "Application shutdown complete."}
{"asctime": "2024-12-18T19:00:20", "msecs": 947.0, "levelname": "INFO", "correlation_id": "-", "name": "uvicorn.error", "lineno": 92, "message": "Finished server process [12948]", "color_message": "Finished server process [\u001b[36m%d\u001b[0m]"}
{"asctime": "2024-12-18T19:02:02", "msecs": 657.0, "levelname": "INFO", "correlation_id": "-", "name": "integration.main", "lineno": 45, "message": "Hello World"}
{"asctime": "2024-12-18T19:02:02", "msecs": 661.0, "levelname": "INFO", "correlation_id": "-", "name": "integration.main", "lineno": 24, "message": "Fetching events at start time --> 2024-12-18 19:01:52.661917"}
{"asctime": "2024-12-18T19:02:02", "msecs": 665.0, "levelname": "INFO", "correlation_id": "-", "name": "integration.handlers.get_events_handler", "lineno": 10, "message": "getting events starting from 2024-12-18 19:01:52.661917"}
{"asctime": "2024-12-18T19:02:04", "msecs": 725.0, "levelname": "INFO", "correlation_id": "-", "name": "integration.services.get_events_service", "lineno": 44, "message": "Events fetched successfully: 3 events found."}
{"asctime": "2024-12-18T19:02:04", "msecs": 727.0, "levelname": "INFO", "correlation_id": "-", "name": "uvicorn.error", "lineno": 62, "message": "Application startup complete."}
{"asctime": "2024-12-18T19:02:04", "msecs": 730.0, "levelname": "INFO", "correlation_id": "-", "name": "uvicorn.error", "lineno": 214, "message": "Uvicorn running on http://127.0.0.1:8000 (Press CTRL+C to quit)", "color_message": "Uvicorn running on \u001b[1m%s://%s:%d\u001b[0m (Press CTRL+C to quit)"}
{"asctime": "2024-12-18T19:02:14", "msecs": 731.0, "levelname": "INFO", "correlation_id": "-", "name": "integration.main", "lineno": 24, "message": "Fetching events at start time --> 2024-12-18 19:02:04.731844"}
{"asctime": "2024-12-18T19:02:14", "msecs": 733.0, "levelname": "INFO", "correlation_id": "-", "name": "integration.handlers.get_events_handler", "lineno": 10, "message": "getting events starting from 2024-12-18 19:02:04.731844"}
{"asctime": "2024-12-18T19:02:16", "msecs": 765.0, "levelname": "INFO", "correlation_id": "-", "name": "integration.services.get_events_service", "lineno": 44, "message": "Events fetched successfully: 4 events found."}
{"asctime": "2024-12-18T19:02:26", "msecs": 760.0, "levelname": "INFO", "correlation_id": "-", "name": "integration.main", "lineno": 24, "message": "Fetching events at start time --> 2024-12-18 19:02:16.760433"}
{"asctime": "2024-12-18T19:02:26", "msecs": 763.0, "levelname": "INFO", "correlation_id": "-", "name": "integration.handlers.get_events_handler", "lineno": 10, "message": "getting events starting from 2024-12-18 19:02:16.760433"}
{"asctime": "2024-12-18T19:02:28", "msecs": 798.0, "levelname": "INFO", "correlation_id": "-", "name": "integration.services.get_events_service", "lineno": 44, "message": "Events fetched successfully: 4 events found."}
{"asctime": "2024-12-18T19:02:32", "msecs": 15.0, "levelname": "INFO", "correlation_id": "-", "name": "uvicorn.error", "lineno": 258, "message": "Shutting down"}
{"asctime": "2024-12-18T19:02:32", "msecs": 129.0, "levelname": "INFO", "correlation_id": "-", "name": "uvicorn.error", "lineno": 67, "message": "Waiting for application shutdown."}
{"asctime": "2024-12-18T19:02:32", "msecs": 133.0, "levelname": "INFO", "correlation_id": "-", "name": "uvicorn.error", "lineno": 76, "message": "Application shutdown complete."}
{"asctime": "2024-12-18T19:02:32", "msecs": 134.0, "levelname": "INFO", "correlation_id": "-", "name": "uvicorn.error", "lineno": 92, "message": "Finished server process [12508]", "color_message": "Finished server process [\u001b[36m%d\u001b[0m]"}
{"asctime": "2024-12-19T06:07:25", "msecs": 683.0, "levelname": "INFO", "correlation_id": "-", "name": "integration.main", "lineno": 45, "message": "Hello World"}
{"asctime": "2024-12-19T06:07:25", "msecs": 685.0, "levelname": "INFO", "correlation_id": "-", "name": "integration.main", "lineno": 24, "message": "Fetching events at start time --> 2024-12-19 06:07:15.685479"}
{"asctime": "2024-12-19T06:07:25", "msecs": 685.0, "levelname": "INFO", "correlation_id": "-", "name": "integration.handlers.get_events_handler", "lineno": 20, "message": "getting events starting from 2024-12-19 06:07:15.685479"}
{"asctime": "2024-12-19T06:07:25", "msecs": 685.0, "levelname": "DEBUG", "correlation_id": "-", "name": "integration.services.get_events_service", "lineno": 26, "message": "Fetching events with parameters: {'start_at': datetime.datetime(2024, 12, 19, 6, 7, 15, 685479)}"}
{"asctime": "2024-12-19T06:07:27", "msecs": 723.0, "levelname": "DEBUG", "correlation_id": "-", "name": "integration.services.get_events_service", "lineno": 30, "message": "Response received: Status code 200, Headers: {'date': 'Thu, 19 Dec 2024 06:07:27 GMT', 'server': 'uvicorn', 'content-length': '296', 'content-type': 'application/json'}"}
{"asctime": "2024-12-19T06:07:27", "msecs": 723.0, "levelname": "INFO", "correlation_id": "-", "name": "integration.services.get_events_service", "lineno": 41, "message": "Events fetched successfully: 2 events found starting at 2024-12-19 06:07:15.685479."}
{"asctime": "2024-12-19T06:07:27", "msecs": 723.0, "levelname": "ERROR", "correlation_id": "-", "name": "integration.main", "lineno": 29, "message": "Error fetching events: object tuple can't be used in 'await' expression"}
{"asctime": "2024-12-19T06:07:27", "msecs": 723.0, "levelname": "INFO", "correlation_id": "-", "name": "uvicorn.error", "lineno": 62, "message": "Application startup complete."}
{"asctime": "2024-12-19T06:07:27", "msecs": 738.0, "levelname": "INFO", "correlation_id": "-", "name": "uvicorn.error", "lineno": 214, "message": "Uvicorn running on http://127.0.0.1:8000 (Press CTRL+C to quit)", "color_message": "Uvicorn running on \u001b[1m%s://%s:%d\u001b[0m (Press CTRL+C to quit)"}
{"asctime": "2024-12-19T06:07:37", "msecs": 637.0, "levelname": "INFO", "correlation_id": "-", "name": "uvicorn.error", "lineno": 258, "message": "Shutting down"}
{"asctime": "2024-12-19T06:07:37", "msecs": 719.0, "levelname": "INFO", "correlation_id": "-", "name": "integration.main", "lineno": 24, "message": "Fetching events at start time --> 2024-12-19 06:07:27.719314"}
{"asctime": "2024-12-19T06:07:37", "msecs": 721.0, "levelname": "INFO", "correlation_id": "-", "name": "integration.handlers.get_events_handler", "lineno": 20, "message": "getting events starting from 2024-12-19 06:07:27.719314"}
{"asctime": "2024-12-19T06:07:37", "msecs": 723.0, "levelname": "DEBUG", "correlation_id": "-", "name": "integration.services.get_events_service", "lineno": 26, "message": "Fetching events with parameters: {'start_at': datetime.datetime(2024, 12, 19, 6, 7, 27, 719314)}"}
{"asctime": "2024-12-19T06:07:39", "msecs": 753.0, "levelname": "DEBUG", "correlation_id": "-", "name": "integration.services.get_events_service", "lineno": 30, "message": "Response received: Status code 200, Headers: {'date': 'Thu, 19 Dec 2024 06:07:38 GMT', 'server': 'uvicorn', 'content-length': '380', 'content-type': 'application/json'}"}
{"asctime": "2024-12-19T06:07:39", "msecs": 756.0, "levelname": "INFO", "correlation_id": "-", "name": "integration.services.get_events_service", "lineno": 41, "message": "Events fetched successfully: 3 events found starting at 2024-12-19 06:07:27.719314."}
{"asctime": "2024-12-19T06:07:39", "msecs": 758.0, "levelname": "ERROR", "correlation_id": "-", "name": "integration.main", "lineno": 29, "message": "Error fetching events: object tuple can't be used in 'await' expression"}
{"asctime": "2024-12-19T06:07:39", "msecs": 761.0, "levelname": "INFO", "correlation_id": "-", "name": "uvicorn.error", "lineno": 67, "message": "Waiting for application shutdown."}
{"asctime": "2024-12-19T06:07:39", "msecs": 763.0, "levelname": "INFO", "correlation_id": "-", "name": "uvicorn.error", "lineno": 76, "message": "Application shutdown complete."}
{"asctime": "2024-12-19T06:07:39", "msecs": 765.0, "levelname": "INFO", "correlation_id": "-", "name": "uvicorn.error", "lineno": 92, "message": "Finished server process [20476]", "color_message": "Finished server process [\u001b[36m%d\u001b[0m]"}
{"asctime": "2024-12-19T06:09:48", "msecs": 134.0, "levelname": "INFO", "correlation_id": "-", "name": "integration.main", "lineno": 45, "message": "Hello World"}
{"asctime": "2024-12-19T06:09:48", "msecs": 137.0, "levelname": "INFO", "correlation_id": "-", "name": "integration.main", "lineno": 24, "message": "Fetching events at start time --> 2024-12-19 06:09:38.137829"}
{"asctime": "2024-12-19T06:09:48", "msecs": 140.0, "levelname": "INFO", "correlation_id": "-", "name": "integration.handlers.get_events_handler", "lineno": 20, "message": "getting events starting from 2024-12-19 06:09:38.137829"}
{"asctime": "2024-12-19T06:09:48", "msecs": 141.0, "levelname": "DEBUG", "correlation_id": "-", "name": "integration.services.get_events_service", "lineno": 26, "message": "Fetching events with parameters: {'start_at': datetime.datetime(2024, 12, 19, 6, 9, 38, 137829)}"}
{"asctime": "2024-12-19T06:09:50", "msecs": 187.0, "levelname": "DEBUG", "correlation_id": "-", "name": "integration.services.get_events_service", "lineno": 30, "message": "Response received: Status code 200, Headers: {'date': 'Thu, 19 Dec 2024 06:09:49 GMT', 'server': 'uvicorn', 'content-length': '219', 'content-type': 'application/json'}"}
{"asctime": "2024-12-19T06:09:50", "msecs": 187.0, "levelname": "INFO", "correlation_id": "-", "name": "integration.services.get_events_service", "lineno": 41, "message": "Events fetched successfully: 1 events found starting at 2024-12-19 06:09:38.137829."}
{"asctime": "2024-12-19T06:09:50", "msecs": 187.0, "levelname": "ERROR", "correlation_id": "-", "name": "integration.main", "lineno": 29, "message": "Error fetching events: object tuple can't be used in 'await' expression"}
{"asctime": "2024-12-19T06:09:50", "msecs": 187.0, "levelname": "INFO", "correlation_id": "-", "name": "uvicorn.error", "lineno": 62, "message": "Application startup complete."}
{"asctime": "2024-12-19T06:09:50", "msecs": 202.0, "levelname": "INFO", "correlation_id": "-", "name": "uvicorn.error", "lineno": 214, "message": "Uvicorn running on http://127.0.0.1:8000 (Press CTRL+C to quit)", "color_message": "Uvicorn running on \u001b[1m%s://%s:%d\u001b[0m (Press CTRL+C to quit)"}
{"asctime": "2024-12-19T06:10:00", "msecs": 211.0, "levelname": "INFO", "correlation_id": "-", "name": "integration.main", "lineno": 24, "message": "Fetching events at start time --> 2024-12-19 06:09:50.211679"}
{"asctime": "2024-12-19T06:10:00", "msecs": 211.0, "levelname": "INFO", "correlation_id": "-", "name": "integration.handlers.get_events_handler", "lineno": 20, "message": "getting events starting from 2024-12-19 06:09:50.211679"}
{"asctime": "2024-12-19T06:10:00", "msecs": 211.0, "levelname": "DEBUG", "correlation_id": "-", "name": "integration.services.get_events_service", "lineno": 26, "message": "Fetching events with parameters: {'start_at': datetime.datetime(2024, 12, 19, 6, 9, 50, 211679)}"}
{"asctime": "2024-12-19T06:10:02", "msecs": 255.0, "levelname": "DEBUG", "correlation_id": "-", "name": "integration.services.get_events_service", "lineno": 30, "message": "Response received: Status code 200, Headers: {'date': 'Thu, 19 Dec 2024 06:10:01 GMT', 'server': 'uvicorn', 'content-length': '221', 'content-type': 'application/json'}"}
{"asctime": "2024-12-19T06:10:02", "msecs": 255.0, "levelname": "INFO", "correlation_id": "-", "name": "integration.services.get_events_service", "lineno": 41, "message": "Events fetched successfully: 2 events found starting at 2024-12-19 06:09:50.211679."}
{"asctime": "2024-12-19T06:10:02", "msecs": 255.0, "levelname": "ERROR", "correlation_id": "-", "name": "integration.main", "lineno": 29, "message": "Error fetching events: object tuple can't be used in 'await' expression"}
{"asctime": "2024-12-19T06:10:03", "msecs": 986.0, "levelname": "INFO", "correlation_id": "-", "name": "uvicorn.error", "lineno": 258, "message": "Shutting down"}
{"asctime": "2024-12-19T06:10:04", "msecs": 91.0, "levelname": "INFO", "correlation_id": "-", "name": "uvicorn.error", "lineno": 67, "message": "Waiting for application shutdown."}
{"asctime": "2024-12-19T06:10:04", "msecs": 91.0, "levelname": "INFO", "correlation_id": "-", "name": "uvicorn.error", "lineno": 76, "message": "Application shutdown complete."}
{"asctime": "2024-12-19T06:10:04", "msecs": 91.0, "levelname": "INFO", "correlation_id": "-", "name": "uvicorn.error", "lineno": 92, "message": "Finished server process [22448]", "color_message": "Finished server process [\u001b[36m%d\u001b[0m]"}
{"asctime": "2024-12-19T06:10:18", "msecs": 416.0, "levelname": "INFO", "correlation_id": "-", "name": "integration.main", "lineno": 45, "message": "Hello World"}
{"asctime": "2024-12-19T06:10:18", "msecs": 416.0, "levelname": "INFO", "correlation_id": "-", "name": "integration.main", "lineno": 24, "message": "Fetching events at start time --> 2024-12-19 06:10:08.416352"}
{"asctime": "2024-12-19T06:10:18", "msecs": 416.0, "levelname": "INFO", "correlation_id": "-", "name": "uvicorn.error", "lineno": 62, "message": "Application startup complete."}
{"asctime": "2024-12-19T06:10:18", "msecs": 429.0, "levelname": "INFO", "correlation_id": "-", "name": "uvicorn.error", "lineno": 214, "message": "Uvicorn running on http://127.0.0.1:8000 (Press CTRL+C to quit)", "color_message": "Uvicorn running on \u001b[1m%s://%s:%d\u001b[0m (Press CTRL+C to quit)"}
{"asctime": "2024-12-19T06:10:28", "msecs": 419.0, "levelname": "INFO", "correlation_id": "-", "name": "integration.main", "lineno": 24, "message": "Fetching events at start time --> 2024-12-19 06:10:18.419660"}
{"asctime": "2024-12-19T06:10:38", "msecs": 440.0, "levelname": "INFO", "correlation_id": "-", "name": "integration.main", "lineno": 24, "message": "Fetching events at start time --> 2024-12-19 06:10:28.440147"}
{"asctime": "2024-12-19T06:10:40", "msecs": 835.0, "levelname": "INFO", "correlation_id": "-", "name": "uvicorn.error", "lineno": 258, "message": "Shutting down"}
{"asctime": "2024-12-19T06:10:40", "msecs": 952.0, "levelname": "INFO", "correlation_id": "-", "name": "uvicorn.error", "lineno": 67, "message": "Waiting for application shutdown."}
{"asctime": "2024-12-19T06:10:40", "msecs": 952.0, "levelname": "INFO", "correlation_id": "-", "name": "uvicorn.error", "lineno": 76, "message": "Application shutdown complete."}
{"asctime": "2024-12-19T06:10:40", "msecs": 952.0, "levelname": "INFO", "correlation_id": "-", "name": "uvicorn.error", "lineno": 92, "message": "Finished server process [24608]", "color_message": "Finished server process [\u001b[36m%d\u001b[0m]"}
{"asctime": "2024-12-19T06:10:44", "msecs": 71.0, "levelname": "INFO", "correlation_id": "-", "name": "integration.main", "lineno": 45, "message": "Hello World"}
{"asctime": "2024-12-19T06:10:44", "msecs": 71.0, "levelname": "INFO", "correlation_id": "-", "name": "integration.main", "lineno": 24, "message": "Fetching events at start time --> 2024-12-19 06:10:34.071836"}
{"asctime": "2024-12-19T06:10:44", "msecs": 71.0, "levelname": "INFO", "correlation_id": "-", "name": "integration.handlers.get_events_handler", "lineno": 20, "message": "getting events starting from 2024-12-19 06:10:34.071836"}
{"asctime": "2024-12-19T06:10:44", "msecs": 71.0, "levelname": "DEBUG", "correlation_id": "-", "name": "integration.services.get_events_service", "lineno": 26, "message": "Fetching events with parameters: {'start_at': datetime.datetime(2024, 12, 19, 6, 10, 34, 71836)}"}
{"asctime": "2024-12-19T06:10:46", "msecs": 264.0, "levelname": "DEBUG", "correlation_id": "-", "name": "integration.services.get_events_service", "lineno": 30, "message": "Response received: Status code 500, Headers: {'date': 'Thu, 19 Dec 2024 06:10:46 GMT', 'server': 'uvicorn', 'content-length': '21', 'content-type': 'text/plain; charset=utf-8'}"}
{"asctime": "2024-12-19T06:10:46", "msecs": 267.0, "levelname": "ERROR", "correlation_id": "-", "name": "integration.services.get_events_service", "lineno": 33, "message": "Unhandled status code: 500. Parameters: {'start_at': datetime.datetime(2024, 12, 19, 6, 10, 34, 71836)}"}
{"asctime": "2024-12-19T06:10:46", "msecs": 270.0, "levelname": "INFO", "correlation_id": "-", "name": "uvicorn.error", "lineno": 62, "message": "Application startup complete."}
{"asctime": "2024-12-19T06:10:46", "msecs": 272.0, "levelname": "INFO", "correlation_id": "-", "name": "uvicorn.error", "lineno": 214, "message": "Uvicorn running on http://127.0.0.1:8000 (Press CTRL+C to quit)", "color_message": "Uvicorn running on \u001b[1m%s://%s:%d\u001b[0m (Press CTRL+C to quit)"}
{"asctime": "2024-12-19T06:10:56", "msecs": 270.0, "levelname": "INFO", "correlation_id": "-", "name": "integration.main", "lineno": 24, "message": "Fetching events at start time --> 2024-12-19 06:10:46.270028"}
{"asctime": "2024-12-19T06:10:56", "msecs": 270.0, "levelname": "INFO", "correlation_id": "-", "name": "integration.handlers.get_events_handler", "lineno": 20, "message": "getting events starting from 2024-12-19 06:10:46.270028"}
{"asctime": "2024-12-19T06:10:56", "msecs": 270.0, "levelname": "DEBUG", "correlation_id": "-", "name": "integration.services.get_events_service", "lineno": 26, "message": "Fetching events with parameters: {'start_at': datetime.datetime(2024, 12, 19, 6, 10, 46, 270028)}"}
{"asctime": "2024-12-19T06:10:58", "msecs": 322.0, "levelname": "DEBUG", "correlation_id": "-", "name": "integration.services.get_events_service", "lineno": 30, "message": "Response received: Status code 200, Headers: {'date': 'Thu, 19 Dec 2024 06:10:58 GMT', 'server': 'uvicorn', 'content-length': '319', 'content-type': 'application/json'}"}
{"asctime": "2024-12-19T06:10:58", "msecs": 326.0, "levelname": "INFO", "correlation_id": "-", "name": "integration.services.get_events_service", "lineno": 41, "message": "Events fetched successfully: 2 events found starting at 2024-12-19 06:10:46.270028."}
{"asctime": "2024-12-19T06:11:08", "msecs": 333.0, "levelname": "INFO", "correlation_id": "-", "name": "integration.main", "lineno": 24, "message": "Fetching events at start time --> 2024-12-19 06:10:58.333088"}
{"asctime": "2024-12-19T06:11:08", "msecs": 333.0, "levelname": "INFO", "correlation_id": "-", "name": "integration.handlers.get_events_handler", "lineno": 20, "message": "getting events starting from 2024-12-19 06:10:58.333088"}
{"asctime": "2024-12-19T06:11:08", "msecs": 333.0, "levelname": "DEBUG", "correlation_id": "-", "name": "integration.services.get_events_service", "lineno": 26, "message": "Fetching events with parameters: {'start_at': datetime.datetime(2024, 12, 19, 6, 10, 58, 333088)}"}
{"asctime": "2024-12-19T06:11:10", "msecs": 378.0, "levelname": "DEBUG", "correlation_id": "-", "name": "integration.services.get_events_service", "lineno": 30, "message": "Response received: Status code 200, Headers: {'date': 'Thu, 19 Dec 2024 06:11:09 GMT', 'server': 'uvicorn', 'content-length': '517', 'content-type': 'application/json'}"}
{"asctime": "2024-12-19T06:11:10", "msecs": 378.0, "levelname": "INFO", "correlation_id": "-", "name": "integration.services.get_events_service", "lineno": 41, "message": "Events fetched successfully: 3 events found starting at 2024-12-19 06:10:58.333088."}
{"asctime": "2024-12-19T06:11:20", "msecs": 383.0, "levelname": "INFO", "correlation_id": "-", "name": "integration.main", "lineno": 24, "message": "Fetching events at start time --> 2024-12-19 06:11:10.383295"}
{"asctime": "2024-12-19T06:11:20", "msecs": 386.0, "levelname": "INFO", "correlation_id": "-", "name": "integration.handlers.get_events_handler", "lineno": 20, "message": "getting events starting from 2024-12-19 06:11:10.383295"}
{"asctime": "2024-12-19T06:11:20", "msecs": 389.0, "levelname": "DEBUG", "correlation_id": "-", "name": "integration.services.get_events_service", "lineno": 26, "message": "Fetching events with parameters: {'start_at': datetime.datetime(2024, 12, 19, 6, 11, 10, 383295)}"}
{"asctime": "2024-12-19T06:11:22", "msecs": 413.0, "levelname": "DEBUG", "correlation_id": "-", "name": "integration.services.get_events_service", "lineno": 30, "message": "Response received: Status code 200, Headers: {'date': 'Thu, 19 Dec 2024 06:11:21 GMT', 'server': 'uvicorn', 'content-length': '299', 'content-type': 'application/json'}"}
{"asctime": "2024-12-19T06:11:22", "msecs": 413.0, "levelname": "INFO", "correlation_id": "-", "name": "integration.services.get_events_service", "lineno": 41, "message": "Events fetched successfully: 3 events found starting at 2024-12-19 06:11:10.383295."}
{"asctime": "2024-12-19T06:11:32", "msecs": 406.0, "levelname": "INFO", "correlation_id": "-", "name": "integration.main", "lineno": 24, "message": "Fetching events at start time --> 2024-12-19 06:11:22.406728"}
{"asctime": "2024-12-19T06:11:32", "msecs": 406.0, "levelname": "INFO", "correlation_id": "-", "name": "integration.handlers.get_events_handler", "lineno": 20, "message": "getting events starting from 2024-12-19 06:11:22.406728"}
{"asctime": "2024-12-19T06:11:32", "msecs": 406.0, "levelname": "DEBUG", "correlation_id": "-", "name": "integration.services.get_events_service", "lineno": 26, "message": "Fetching events with parameters: {'start_at': datetime.datetime(2024, 12, 19, 6, 11, 22, 406728)}"}
{"asctime": "2024-12-19T06:11:34", "msecs": 463.0, "levelname": "DEBUG", "correlation_id": "-", "name": "integration.services.get_events_service", "lineno": 30, "message": "Response received: Status code 200, Headers: {'date': 'Thu, 19 Dec 2024 06:11:33 GMT', 'server': 'uvicorn', 'content-length': '390', 'content-type': 'application/json'}"}
{"asctime": "2024-12-19T06:11:34", "msecs": 463.0, "levelname": "INFO", "correlation_id": "-", "name": "integration.services.get_events_service", "lineno": 41, "message": "Events fetched successfully: 3 events found starting at 2024-12-19 06:11:22.406728."}
{"asctime": "2024-12-19T06:11:44", "msecs": 463.0, "levelname": "INFO", "correlation_id": "-", "name": "integration.main", "lineno": 24, "message": "Fetching events at start time --> 2024-12-19 06:11:34.463552"}
{"asctime": "2024-12-19T06:11:44", "msecs": 463.0, "levelname": "INFO", "correlation_id": "-", "name": "integration.handlers.get_events_handler", "lineno": 20, "message": "getting events starting from 2024-12-19 06:11:34.463552"}
{"asctime": "2024-12-19T06:11:44", "msecs": 463.0, "levelname": "DEBUG", "correlation_id": "-", "name": "integration.services.get_events_service", "lineno": 26, "message": "Fetching events with parameters: {'start_at': datetime.datetime(2024, 12, 19, 6, 11, 34, 463552)}"}
{"asctime": "2024-12-19T06:11:46", "msecs": 503.0, "levelname": "DEBUG", "correlation_id": "-", "name": "integration.services.get_events_service", "lineno": 30, "message": "Response received: Status code 200, Headers: {'date': 'Thu, 19 Dec 2024 06:11:46 GMT', 'server': 'uvicorn', 'content-length': '331', 'content-type': 'application/json'}"}
{"asctime": "2024-12-19T06:11:46", "msecs": 503.0, "levelname": "INFO", "correlation_id": "-", "name": "integration.services.get_events_service", "lineno": 41, "message": "Events fetched successfully: 3 events found starting at 2024-12-19 06:11:34.463552."}
{"asctime": "2024-12-19T06:11:56", "msecs": 517.0, "levelname": "INFO", "correlation_id": "-", "name": "integration.main", "lineno": 24, "message": "Fetching events at start time --> 2024-12-19 06:11:46.517770"}
{"asctime": "2024-12-19T06:11:56", "msecs": 517.0, "levelname": "INFO", "correlation_id": "-", "name": "integration.handlers.get_events_handler", "lineno": 20, "message": "getting events starting from 2024-12-19 06:11:46.517770"}
{"asctime": "2024-12-19T06:11:56", "msecs": 517.0, "levelname": "DEBUG", "correlation_id": "-", "name": "integration.services.get_events_service", "lineno": 26, "message": "Fetching events with parameters: {'start_at': datetime.datetime(2024, 12, 19, 6, 11, 46, 517770)}"}
{"asctime": "2024-12-19T06:11:58", "msecs": 563.0, "levelname": "DEBUG", "correlation_id": "-", "name": "integration.services.get_events_service", "lineno": 30, "message": "Response received: Status code 500, Headers: {'date': 'Thu, 19 Dec 2024 06:11:57 GMT', 'server': 'uvicorn', 'content-length': '21', 'content-type': 'text/plain; charset=utf-8'}"}
{"asctime": "2024-12-19T06:11:58", "msecs": 563.0, "levelname": "ERROR", "correlation_id": "-", "name": "integration.services.get_events_service", "lineno": 33, "message": "Unhandled status code: 500. Parameters: {'start_at': datetime.datetime(2024, 12, 19, 6, 11, 46, 517770)}"}
{"asctime": "2024-12-19T06:12:08", "msecs": 582.0, "levelname": "INFO", "correlation_id": "-", "name": "integration.main", "lineno": 24, "message": "Fetching events at start time --> 2024-12-19 06:11:58.582203"}
{"asctime": "2024-12-19T06:12:08", "msecs": 582.0, "levelname": "INFO", "correlation_id": "-", "name": "integration.handlers.get_events_handler", "lineno": 20, "message": "getting events starting from 2024-12-19 06:11:58.582203"}
{"asctime": "2024-12-19T06:12:08", "msecs": 582.0, "levelname": "DEBUG", "correlation_id": "-", "name": "integration.services.get_events_service", "lineno": 26, "message": "Fetching events with parameters: {'start_at': datetime.datetime(2024, 12, 19, 6, 11, 58, 582203)}"}
{"asctime": "2024-12-19T06:12:10", "msecs": 637.0, "levelname": "DEBUG", "correlation_id": "-", "name": "integration.services.get_events_service", "lineno": 30, "message": "Response received: Status code 200, Headers: {'date': 'Thu, 19 Dec 2024 06:12:10 GMT', 'server': 'uvicorn', 'content-length': '373', 'content-type': 'application/json'}"}
{"asctime": "2024-12-19T06:12:10", "msecs": 640.0, "levelname": "INFO", "correlation_id": "-", "name": "integration.services.get_events_service", "lineno": 41, "message": "Events fetched successfully: 4 events found starting at 2024-12-19 06:11:58.582203."}
{"asctime": "2024-12-19T06:12:10", "msecs": 643.0, "levelname": "INFO", "correlation_id": "-", "name": "integration.handlers.start_event_handler", "lineno": 9, "message": "Starting to handle start event"}
{"asctime": "2024-12-19T06:12:10", "msecs": 645.0, "levelname": "INFO", "correlation_id": "-", "name": "integration.services.event_preprocessing_service", "lineno": 17, "message": "Starting event preprocessing"}
{"asctime": "2024-12-19T06:12:10", "msecs": 649.0, "levelname": "ERROR", "correlation_id": "-", "name": "integration.handlers.all_events_handler", "lineno": 61, "message": "Error during concurrent event processing: 'module' object is not callable", "exc_info": "Traceback (most recent call last):\n  File \"E:\\EdgeTier\\Advance\\EdgeTier-Integration-Challenge\\integration\\handlers\\all_events_handler.py\", line 58, in all_events_handler\n    await asyncio.gather(*tasks)\n  File \"E:\\EdgeTier\\Advance\\EdgeTier-Integration-Challenge\\integration\\handlers\\start_event_handler.py\", line 12, in start_event_handler\n    flag, start_chat, conversation_details, start_time = event_preprocessing_service(\n                                                         ^^^^^^^^^^^^^^^^^^^^^^^^^^^^\n  File \"E:\\EdgeTier\\Advance\\EdgeTier-Integration-Challenge\\integration\\services\\event_preprocessing_service.py\", line 21, in event_preprocessing_service\n    get_conversation_details_service(event[\"conversation_id\"])\nTypeError: 'module' object is not callable"}
{"asctime": "2024-12-19T06:12:16", "msecs": 802.0, "levelname": "INFO", "correlation_id": "-", "name": "uvicorn.error", "lineno": 258, "message": "Shutting down"}
{"asctime": "2024-12-19T06:12:16", "msecs": 920.0, "levelname": "INFO", "correlation_id": "-", "name": "uvicorn.error", "lineno": 67, "message": "Waiting for application shutdown."}
{"asctime": "2024-12-19T06:12:16", "msecs": 920.0, "levelname": "INFO", "correlation_id": "-", "name": "uvicorn.error", "lineno": 76, "message": "Application shutdown complete."}
{"asctime": "2024-12-19T06:12:16", "msecs": 920.0, "levelname": "INFO", "correlation_id": "-", "name": "uvicorn.error", "lineno": 92, "message": "Finished server process [20916]", "color_message": "Finished server process [\u001b[36m%d\u001b[0m]"}
{"asctime": "2024-12-19T06:14:03", "msecs": 361.0, "levelname": "INFO", "correlation_id": "-", "name": "integration.main", "lineno": 45, "message": "Hello World"}
{"asctime": "2024-12-19T06:14:03", "msecs": 361.0, "levelname": "INFO", "correlation_id": "-", "name": "integration.main", "lineno": 24, "message": "Fetching events at start time --> 2024-12-19 06:13:53.361214"}
{"asctime": "2024-12-19T06:14:03", "msecs": 361.0, "levelname": "INFO", "correlation_id": "-", "name": "integration.handlers.get_events_handler", "lineno": 20, "message": "getting events starting from 2024-12-19 06:13:53.361214"}
{"asctime": "2024-12-19T06:14:03", "msecs": 361.0, "levelname": "DEBUG", "correlation_id": "-", "name": "integration.services.get_events_service", "lineno": 26, "message": "Fetching events with parameters: {'start_at': datetime.datetime(2024, 12, 19, 6, 13, 53, 361214)}"}
{"asctime": "2024-12-19T06:14:05", "msecs": 432.0, "levelname": "DEBUG", "correlation_id": "-", "name": "integration.services.get_events_service", "lineno": 30, "message": "Response received: Status code 200, Headers: {'date': 'Thu, 19 Dec 2024 06:14:05 GMT', 'server': 'uvicorn', 'content-length': '106', 'content-type': 'application/json'}"}
{"asctime": "2024-12-19T06:14:05", "msecs": 435.0, "levelname": "INFO", "correlation_id": "-", "name": "integration.services.get_events_service", "lineno": 41, "message": "Events fetched successfully: 1 events found starting at 2024-12-19 06:13:53.361214."}
{"asctime": "2024-12-19T06:14:05", "msecs": 440.0, "levelname": "INFO", "correlation_id": "-", "name": "uvicorn.error", "lineno": 62, "message": "Application startup complete."}
{"asctime": "2024-12-19T06:14:05", "msecs": 443.0, "levelname": "INFO", "correlation_id": "-", "name": "uvicorn.error", "lineno": 214, "message": "Uvicorn running on http://127.0.0.1:8000 (Press CTRL+C to quit)", "color_message": "Uvicorn running on \u001b[1m%s://%s:%d\u001b[0m (Press CTRL+C to quit)"}
{"asctime": "2024-12-19T06:14:15", "msecs": 434.0, "levelname": "INFO", "correlation_id": "-", "name": "integration.main", "lineno": 24, "message": "Fetching events at start time --> 2024-12-19 06:14:05.434405"}
{"asctime": "2024-12-19T06:14:15", "msecs": 434.0, "levelname": "INFO", "correlation_id": "-", "name": "integration.handlers.get_events_handler", "lineno": 20, "message": "getting events starting from 2024-12-19 06:14:05.434405"}
{"asctime": "2024-12-19T06:14:15", "msecs": 434.0, "levelname": "DEBUG", "correlation_id": "-", "name": "integration.services.get_events_service", "lineno": 26, "message": "Fetching events with parameters: {'start_at': datetime.datetime(2024, 12, 19, 6, 14, 5, 434405)}"}
{"asctime": "2024-12-19T06:14:17", "msecs": 490.0, "levelname": "DEBUG", "correlation_id": "-", "name": "integration.services.get_events_service", "lineno": 30, "message": "Response received: Status code 200, Headers: {'date': 'Thu, 19 Dec 2024 06:14:16 GMT', 'server': 'uvicorn', 'content-length': '296', 'content-type': 'application/json'}"}
{"asctime": "2024-12-19T06:14:17", "msecs": 496.0, "levelname": "INFO", "correlation_id": "-", "name": "integration.services.get_events_service", "lineno": 41, "message": "Events fetched successfully: 2 events found starting at 2024-12-19 06:14:05.434405."}
{"asctime": "2024-12-19T06:14:17", "msecs": 496.0, "levelname": "INFO", "correlation_id": "-", "name": "integration.handlers.start_event_handler", "lineno": 9, "message": "Starting to handle start event"}
{"asctime": "2024-12-19T06:14:17", "msecs": 496.0, "levelname": "INFO", "correlation_id": "-", "name": "integration.services.event_preprocessing_service", "lineno": 17, "message": "Starting event preprocessing"}
{"asctime": "2024-12-19T06:14:17", "msecs": 507.0, "levelname": "ERROR", "correlation_id": "-", "name": "integration.handlers.all_events_handler", "lineno": 61, "message": "Error during concurrent event processing: 'module' object is not callable", "exc_info": "Traceback (most recent call last):\n  File \"E:\\EdgeTier\\Advance\\EdgeTier-Integration-Challenge\\integration\\handlers\\all_events_handler.py\", line 58, in all_events_handler\n    await asyncio.gather(*tasks)\n  File \"E:\\EdgeTier\\Advance\\EdgeTier-Integration-Challenge\\integration\\handlers\\start_event_handler.py\", line 12, in start_event_handler\n    flag, start_chat, conversation_details, start_time = event_preprocessing_service(\n                                                         ^^^^^^^^^^^^^^^^^^^^^^^^^^^^\n  File \"E:\\EdgeTier\\Advance\\EdgeTier-Integration-Challenge\\integration\\services\\event_preprocessing_service.py\", line 21, in event_preprocessing_service\n    get_conversation_details_service(event[\"conversation_id\"])\nTypeError: 'module' object is not callable"}
{"asctime": "2024-12-19T06:14:27", "msecs": 521.0, "levelname": "INFO", "correlation_id": "-", "name": "integration.main", "lineno": 24, "message": "Fetching events at start time --> 2024-12-19 06:14:17.521295"}
{"asctime": "2024-12-19T06:14:27", "msecs": 521.0, "levelname": "INFO", "correlation_id": "-", "name": "integration.handlers.get_events_handler", "lineno": 20, "message": "getting events starting from 2024-12-19 06:14:17.521295"}
{"asctime": "2024-12-19T06:14:27", "msecs": 521.0, "levelname": "DEBUG", "correlation_id": "-", "name": "integration.services.get_events_service", "lineno": 26, "message": "Fetching events with parameters: {'start_at': datetime.datetime(2024, 12, 19, 6, 14, 17, 521295)}"}
{"asctime": "2024-12-19T06:14:29", "msecs": 569.0, "levelname": "DEBUG", "correlation_id": "-", "name": "integration.services.get_events_service", "lineno": 30, "message": "Response received: Status code 200, Headers: {'date': 'Thu, 19 Dec 2024 06:14:28 GMT', 'server': 'uvicorn', 'content-length': '371', 'content-type': 'application/json'}"}
{"asctime": "2024-12-19T06:14:29", "msecs": 569.0, "levelname": "INFO", "correlation_id": "-", "name": "integration.services.get_events_service", "lineno": 41, "message": "Events fetched successfully: 3 events found starting at 2024-12-19 06:14:17.521295."}
{"asctime": "2024-12-19T06:14:29", "msecs": 569.0, "levelname": "INFO", "correlation_id": "-", "name": "integration.handlers.start_event_handler", "lineno": 9, "message": "Starting to handle start event"}
{"asctime": "2024-12-19T06:14:29", "msecs": 569.0, "levelname": "INFO", "correlation_id": "-", "name": "integration.services.event_preprocessing_service", "lineno": 17, "message": "Starting event preprocessing"}
{"asctime": "2024-12-19T06:14:29", "msecs": 586.0, "levelname": "ERROR", "correlation_id": "-", "name": "integration.handlers.all_events_handler", "lineno": 61, "message": "Error during concurrent event processing: 'module' object is not callable", "exc_info": "Traceback (most recent call last):\n  File \"E:\\EdgeTier\\Advance\\EdgeTier-Integration-Challenge\\integration\\handlers\\all_events_handler.py\", line 58, in all_events_handler\n    await asyncio.gather(*tasks)\n  File \"E:\\EdgeTier\\Advance\\EdgeTier-Integration-Challenge\\integration\\handlers\\start_event_handler.py\", line 12, in start_event_handler\n    flag, start_chat, conversation_details, start_time = event_preprocessing_service(\n                                                         ^^^^^^^^^^^^^^^^^^^^^^^^^^^^\n  File \"E:\\EdgeTier\\Advance\\EdgeTier-Integration-Challenge\\integration\\services\\event_preprocessing_service.py\", line 21, in event_preprocessing_service\n    get_conversation_details_service(event[\"conversation_id\"])\nTypeError: 'module' object is not callable"}
{"asctime": "2024-12-19T06:14:37", "msecs": 629.0, "levelname": "INFO", "correlation_id": "-", "name": "uvicorn.error", "lineno": 258, "message": "Shutting down"}
{"asctime": "2024-12-19T06:14:37", "msecs": 747.0, "levelname": "INFO", "correlation_id": "-", "name": "uvicorn.error", "lineno": 67, "message": "Waiting for application shutdown."}
{"asctime": "2024-12-19T06:14:37", "msecs": 747.0, "levelname": "INFO", "correlation_id": "-", "name": "uvicorn.error", "lineno": 76, "message": "Application shutdown complete."}
{"asctime": "2024-12-19T06:14:37", "msecs": 747.0, "levelname": "INFO", "correlation_id": "-", "name": "uvicorn.error", "lineno": 92, "message": "Finished server process [15720]", "color_message": "Finished server process [\u001b[36m%d\u001b[0m]"}
{"asctime": "2024-12-19T06:15:50", "msecs": 711.0, "levelname": "INFO", "correlation_id": "-", "name": "integration.main", "lineno": 40, "message": "Hello World"}
{"asctime": "2024-12-19T06:15:50", "msecs": 713.0, "levelname": "INFO", "correlation_id": "-", "name": "integration.main", "lineno": 26, "message": "Start time --> 2024-12-19 06:15:40.713622"}
{"asctime": "2024-12-19T06:15:50", "msecs": 713.0, "levelname": "INFO", "correlation_id": "-", "name": "integration.handlers.get_events_handler", "lineno": 20, "message": "getting events starting from 2024-12-19 06:15:40.713622"}
{"asctime": "2024-12-19T06:15:50", "msecs": 713.0, "levelname": "DEBUG", "correlation_id": "-", "name": "integration.services.get_events_service", "lineno": 26, "message": "Fetching events with parameters: {'start_at': datetime.datetime(2024, 12, 19, 6, 15, 40, 713622)}"}
{"asctime": "2024-12-19T06:15:52", "msecs": 759.0, "levelname": "DEBUG", "correlation_id": "-", "name": "integration.services.get_events_service", "lineno": 30, "message": "Response received: Status code 200, Headers: {'date': 'Thu, 19 Dec 2024 06:15:52 GMT', 'server': 'uvicorn', 'content-length': '390', 'content-type': 'application/json'}"}
{"asctime": "2024-12-19T06:15:52", "msecs": 759.0, "levelname": "INFO", "correlation_id": "-", "name": "integration.services.get_events_service", "lineno": 41, "message": "Events fetched successfully: 4 events found starting at 2024-12-19 06:15:40.713622."}
{"asctime": "2024-12-19T06:15:52", "msecs": 774.0, "levelname": "INFO", "correlation_id": "-", "name": "uvicorn.error", "lineno": 62, "message": "Application startup complete."}
{"asctime": "2024-12-19T06:15:52", "msecs": 779.0, "levelname": "INFO", "correlation_id": "-", "name": "uvicorn.error", "lineno": 214, "message": "Uvicorn running on http://127.0.0.1:8000 (Press CTRL+C to quit)", "color_message": "Uvicorn running on \u001b[1m%s://%s:%d\u001b[0m (Press CTRL+C to quit)"}
{"asctime": "2024-12-19T06:16:12", "msecs": 811.0, "levelname": "INFO", "correlation_id": "-", "name": "integration.main", "lineno": 26, "message": "Start time --> 2024-12-19 06:16:02.811098"}
{"asctime": "2024-12-19T06:16:12", "msecs": 811.0, "levelname": "INFO", "correlation_id": "-", "name": "integration.handlers.get_events_handler", "lineno": 20, "message": "getting events starting from 2024-12-19 06:16:02.811098"}
{"asctime": "2024-12-19T06:16:12", "msecs": 811.0, "levelname": "DEBUG", "correlation_id": "-", "name": "integration.services.get_events_service", "lineno": 26, "message": "Fetching events with parameters: {'start_at': datetime.datetime(2024, 12, 19, 6, 16, 2, 811098)}"}
{"asctime": "2024-12-19T06:16:14", "msecs": 855.0, "levelname": "DEBUG", "correlation_id": "-", "name": "integration.services.get_events_service", "lineno": 30, "message": "Response received: Status code 200, Headers: {'date': 'Thu, 19 Dec 2024 06:16:14 GMT', 'server': 'uvicorn', 'content-length': '457', 'content-type': 'application/json'}"}
{"asctime": "2024-12-19T06:16:14", "msecs": 870.0, "levelname": "INFO", "correlation_id": "-", "name": "integration.services.get_events_service", "lineno": 41, "message": "Events fetched successfully: 5 events found starting at 2024-12-19 06:16:02.811098."}
{"asctime": "2024-12-19T06:16:34", "msecs": 870.0, "levelname": "INFO", "correlation_id": "-", "name": "integration.main", "lineno": 26, "message": "Start time --> 2024-12-19 06:16:24.870404"}
{"asctime": "2024-12-19T06:16:34", "msecs": 870.0, "levelname": "INFO", "correlation_id": "-", "name": "integration.handlers.get_events_handler", "lineno": 20, "message": "getting events starting from 2024-12-19 06:16:24.870404"}
{"asctime": "2024-12-19T06:16:34", "msecs": 870.0, "levelname": "DEBUG", "correlation_id": "-", "name": "integration.services.get_events_service", "lineno": 26, "message": "Fetching events with parameters: {'start_at': datetime.datetime(2024, 12, 19, 6, 16, 24, 870404)}"}
{"asctime": "2024-12-19T06:16:36", "msecs": 915.0, "levelname": "DEBUG", "correlation_id": "-", "name": "integration.services.get_events_service", "lineno": 30, "message": "Response received: Status code 200, Headers: {'date': 'Thu, 19 Dec 2024 06:16:36 GMT', 'server': 'uvicorn', 'content-length': '742', 'content-type': 'application/json'}"}
{"asctime": "2024-12-19T06:16:36", "msecs": 915.0, "levelname": "INFO", "correlation_id": "-", "name": "integration.services.get_events_service", "lineno": 41, "message": "Events fetched successfully: 6 events found starting at 2024-12-19 06:16:24.870404."}
{"asctime": "2024-12-19T06:16:56", "msecs": 947.0, "levelname": "INFO", "correlation_id": "-", "name": "integration.main", "lineno": 26, "message": "Start time --> 2024-12-19 06:16:46.947912"}
{"asctime": "2024-12-19T06:16:56", "msecs": 947.0, "levelname": "INFO", "correlation_id": "-", "name": "integration.handlers.get_events_handler", "lineno": 20, "message": "getting events starting from 2024-12-19 06:16:46.947912"}
{"asctime": "2024-12-19T06:16:56", "msecs": 947.0, "levelname": "DEBUG", "correlation_id": "-", "name": "integration.services.get_events_service", "lineno": 26, "message": "Fetching events with parameters: {'start_at': datetime.datetime(2024, 12, 19, 6, 16, 46, 947912)}"}
{"asctime": "2024-12-19T06:16:58", "msecs": 987.0, "levelname": "DEBUG", "correlation_id": "-", "name": "integration.services.get_events_service", "lineno": 30, "message": "Response received: Status code 200, Headers: {'date': 'Thu, 19 Dec 2024 06:16:58 GMT', 'server': 'uvicorn', 'content-length': '604', 'content-type': 'application/json'}"}
{"asctime": "2024-12-19T06:16:58", "msecs": 987.0, "levelname": "INFO", "correlation_id": "-", "name": "integration.services.get_events_service", "lineno": 41, "message": "Events fetched successfully: 5 events found starting at 2024-12-19 06:16:46.947912."}
{"asctime": "2024-12-19T06:17:19", "msecs": 12.0, "levelname": "INFO", "correlation_id": "-", "name": "integration.main", "lineno": 26, "message": "Start time --> 2024-12-19 06:17:09.012419"}
{"asctime": "2024-12-19T06:17:19", "msecs": 12.0, "levelname": "INFO", "correlation_id": "-", "name": "integration.handlers.get_events_handler", "lineno": 20, "message": "getting events starting from 2024-12-19 06:17:09.012419"}
{"asctime": "2024-12-19T06:17:19", "msecs": 12.0, "levelname": "DEBUG", "correlation_id": "-", "name": "integration.services.get_events_service", "lineno": 26, "message": "Fetching events with parameters: {'start_at': datetime.datetime(2024, 12, 19, 6, 17, 9, 12419)}"}
{"asctime": "2024-12-19T06:17:21", "msecs": 57.0, "levelname": "DEBUG", "correlation_id": "-", "name": "integration.services.get_events_service", "lineno": 30, "message": "Response received: Status code 200, Headers: {'date': 'Thu, 19 Dec 2024 06:17:20 GMT', 'server': 'uvicorn', 'content-length': '655', 'content-type': 'application/json'}"}
{"asctime": "2024-12-19T06:17:21", "msecs": 57.0, "levelname": "INFO", "correlation_id": "-", "name": "integration.services.get_events_service", "lineno": 41, "message": "Events fetched successfully: 6 events found starting at 2024-12-19 06:17:09.012419."}
{"asctime": "2024-12-19T06:17:37", "msecs": 306.0, "levelname": "INFO", "correlation_id": "-", "name": "uvicorn.error", "lineno": 258, "message": "Shutting down"}
{"asctime": "2024-12-19T06:17:37", "msecs": 416.0, "levelname": "INFO", "correlation_id": "-", "name": "uvicorn.error", "lineno": 67, "message": "Waiting for application shutdown."}
{"asctime": "2024-12-19T06:17:37", "msecs": 416.0, "levelname": "INFO", "correlation_id": "-", "name": "uvicorn.error", "lineno": 76, "message": "Application shutdown complete."}
{"asctime": "2024-12-19T06:17:37", "msecs": 416.0, "levelname": "INFO", "correlation_id": "-", "name": "uvicorn.error", "lineno": 92, "message": "Finished server process [26508]", "color_message": "Finished server process [\u001b[36m%d\u001b[0m]"}
{"asctime": "2024-12-19T06:18:15", "msecs": 11.0, "levelname": "INFO", "correlation_id": "-", "name": "integration.main", "lineno": 40, "message": "Hello World"}
{"asctime": "2024-12-19T06:18:15", "msecs": 18.0, "levelname": "INFO", "correlation_id": "-", "name": "integration.main", "lineno": 26, "message": "Start time --> 2024-12-19 06:18:05.018902"}
{"asctime": "2024-12-19T06:18:15", "msecs": 20.0, "levelname": "INFO", "correlation_id": "-", "name": "integration.handlers.get_events_handler", "lineno": 20, "message": "getting events starting from 2024-12-19 06:18:05.018902"}
{"asctime": "2024-12-19T06:18:15", "msecs": 22.0, "levelname": "DEBUG", "correlation_id": "-", "name": "integration.services.get_events_service", "lineno": 26, "message": "Fetching events with parameters: {'start_at': datetime.datetime(2024, 12, 19, 6, 18, 5, 18902)}"}
{"asctime": "2024-12-19T06:18:17", "msecs": 63.0, "levelname": "DEBUG", "correlation_id": "-", "name": "integration.services.get_events_service", "lineno": 30, "message": "Response received: Status code 200, Headers: {'date': 'Thu, 19 Dec 2024 06:18:16 GMT', 'server': 'uvicorn', 'content-length': '757', 'content-type': 'application/json'}"}
{"asctime": "2024-12-19T06:18:17", "msecs": 63.0, "levelname": "INFO", "correlation_id": "-", "name": "integration.services.get_events_service", "lineno": 41, "message": "Events fetched successfully: 6 events found starting at 2024-12-19 06:18:05.018902."}
{"asctime": "2024-12-19T06:18:17", "msecs": 63.0, "levelname": "INFO", "correlation_id": "-", "name": "uvicorn.error", "lineno": 62, "message": "Application startup complete."}
{"asctime": "2024-12-19T06:18:17", "msecs": 78.0, "levelname": "INFO", "correlation_id": "-", "name": "uvicorn.error", "lineno": 214, "message": "Uvicorn running on http://127.0.0.1:8000 (Press CTRL+C to quit)", "color_message": "Uvicorn running on \u001b[1m%s://%s:%d\u001b[0m (Press CTRL+C to quit)"}
{"asctime": "2024-12-19T06:18:37", "msecs": 80.0, "levelname": "INFO", "correlation_id": "-", "name": "integration.main", "lineno": 26, "message": "Start time --> 2024-12-19 06:18:27.080946"}
{"asctime": "2024-12-19T06:18:37", "msecs": 84.0, "levelname": "INFO", "correlation_id": "-", "name": "integration.handlers.get_events_handler", "lineno": 20, "message": "getting events starting from 2024-12-19 06:18:27.080946"}
{"asctime": "2024-12-19T06:18:37", "msecs": 86.0, "levelname": "DEBUG", "correlation_id": "-", "name": "integration.services.get_events_service", "lineno": 26, "message": "Fetching events with parameters: {'start_at': datetime.datetime(2024, 12, 19, 6, 18, 27, 80946)}"}
{"asctime": "2024-12-19T06:18:39", "msecs": 107.0, "levelname": "DEBUG", "correlation_id": "-", "name": "integration.services.get_events_service", "lineno": 30, "message": "Response received: Status code 200, Headers: {'date': 'Thu, 19 Dec 2024 06:18:38 GMT', 'server': 'uvicorn', 'content-length': '714', 'content-type': 'application/json'}"}
{"asctime": "2024-12-19T06:18:39", "msecs": 107.0, "levelname": "INFO", "correlation_id": "-", "name": "integration.services.get_events_service", "lineno": 41, "message": "Events fetched successfully: 6 events found starting at 2024-12-19 06:18:27.080946."}
{"asctime": "2024-12-19T06:18:59", "msecs": 142.0, "levelname": "INFO", "correlation_id": "-", "name": "integration.main", "lineno": 26, "message": "Start time --> 2024-12-19 06:18:49.142115"}
{"asctime": "2024-12-19T06:18:59", "msecs": 142.0, "levelname": "INFO", "correlation_id": "-", "name": "integration.handlers.get_events_handler", "lineno": 20, "message": "getting events starting from 2024-12-19 06:18:49.142115"}
{"asctime": "2024-12-19T06:18:59", "msecs": 142.0, "levelname": "DEBUG", "correlation_id": "-", "name": "integration.services.get_events_service", "lineno": 26, "message": "Fetching events with parameters: {'start_at': datetime.datetime(2024, 12, 19, 6, 18, 49, 142115)}"}
{"asctime": "2024-12-19T06:19:01", "msecs": 166.0, "levelname": "DEBUG", "correlation_id": "-", "name": "integration.services.get_events_service", "lineno": 30, "message": "Response received: Status code 200, Headers: {'date': 'Thu, 19 Dec 2024 06:19:00 GMT', 'server': 'uvicorn', 'content-length': '741', 'content-type': 'application/json'}"}
{"asctime": "2024-12-19T06:19:01", "msecs": 166.0, "levelname": "INFO", "correlation_id": "-", "name": "integration.services.get_events_service", "lineno": 41, "message": "Events fetched successfully: 6 events found starting at 2024-12-19 06:18:49.142115."}
{"asctime": "2024-12-19T06:19:21", "msecs": 177.0, "levelname": "INFO", "correlation_id": "-", "name": "integration.main", "lineno": 26, "message": "Start time --> 2024-12-19 06:19:11.177136"}
{"asctime": "2024-12-19T06:19:21", "msecs": 177.0, "levelname": "INFO", "correlation_id": "-", "name": "integration.handlers.get_events_handler", "lineno": 20, "message": "getting events starting from 2024-12-19 06:19:11.177136"}
{"asctime": "2024-12-19T06:19:21", "msecs": 177.0, "levelname": "DEBUG", "correlation_id": "-", "name": "integration.services.get_events_service", "lineno": 26, "message": "Fetching events with parameters: {'start_at': datetime.datetime(2024, 12, 19, 6, 19, 11, 177136)}"}
{"asctime": "2024-12-19T06:19:23", "msecs": 222.0, "levelname": "DEBUG", "correlation_id": "-", "name": "integration.services.get_events_service", "lineno": 30, "message": "Response received: Status code 200, Headers: {'date': 'Thu, 19 Dec 2024 06:19:22 GMT', 'server': 'uvicorn', 'content-length': '672', 'content-type': 'application/json'}"}
{"asctime": "2024-12-19T06:19:23", "msecs": 222.0, "levelname": "INFO", "correlation_id": "-", "name": "integration.services.get_events_service", "lineno": 41, "message": "Events fetched successfully: 6 events found starting at 2024-12-19 06:19:11.177136."}
{"asctime": "2024-12-19T06:19:34", "msecs": 541.0, "levelname": "INFO", "correlation_id": "-", "name": "uvicorn.error", "lineno": 258, "message": "Shutting down"}
{"asctime": "2024-12-19T06:19:34", "msecs": 657.0, "levelname": "INFO", "correlation_id": "-", "name": "uvicorn.error", "lineno": 67, "message": "Waiting for application shutdown."}
{"asctime": "2024-12-19T06:19:34", "msecs": 657.0, "levelname": "INFO", "correlation_id": "-", "name": "uvicorn.error", "lineno": 76, "message": "Application shutdown complete."}
{"asctime": "2024-12-19T06:19:34", "msecs": 657.0, "levelname": "INFO", "correlation_id": "-", "name": "uvicorn.error", "lineno": 92, "message": "Finished server process [20148]", "color_message": "Finished server process [\u001b[36m%d\u001b[0m]"}
{"asctime": "2024-12-19T06:19:54", "msecs": 317.0, "levelname": "INFO", "correlation_id": "-", "name": "integration.main", "lineno": 40, "message": "Hello World"}
{"asctime": "2024-12-19T06:19:54", "msecs": 321.0, "levelname": "INFO", "correlation_id": "-", "name": "integration.main", "lineno": 26, "message": "Start time --> 2024-12-19 06:19:44.321141"}
{"asctime": "2024-12-19T06:19:54", "msecs": 323.0, "levelname": "INFO", "correlation_id": "-", "name": "integration.handlers.get_events_handler", "lineno": 20, "message": "getting events starting from 2024-12-19 06:19:44.321141"}
{"asctime": "2024-12-19T06:19:54", "msecs": 325.0, "levelname": "DEBUG", "correlation_id": "-", "name": "integration.services.get_events_service", "lineno": 26, "message": "Fetching events with parameters: {'start_at': datetime.datetime(2024, 12, 19, 6, 19, 44, 321141)}"}
{"asctime": "2024-12-19T06:19:56", "msecs": 360.0, "levelname": "DEBUG", "correlation_id": "-", "name": "integration.services.get_events_service", "lineno": 30, "message": "Response received: Status code 200, Headers: {'date': 'Thu, 19 Dec 2024 06:19:55 GMT', 'server': 'uvicorn', 'content-length': '468', 'content-type': 'application/json'}"}
{"asctime": "2024-12-19T06:19:56", "msecs": 360.0, "levelname": "INFO", "correlation_id": "-", "name": "integration.services.get_events_service", "lineno": 41, "message": "Events fetched successfully: 4 events found starting at 2024-12-19 06:19:44.321141."}
{"asctime": "2024-12-19T06:19:56", "msecs": 360.0, "levelname": "INFO", "correlation_id": "-", "name": "uvicorn.error", "lineno": 62, "message": "Application startup complete."}
{"asctime": "2024-12-19T06:19:56", "msecs": 377.0, "levelname": "INFO", "correlation_id": "-", "name": "uvicorn.error", "lineno": 214, "message": "Uvicorn running on http://127.0.0.1:8000 (Press CTRL+C to quit)", "color_message": "Uvicorn running on \u001b[1m%s://%s:%d\u001b[0m (Press CTRL+C to quit)"}
{"asctime": "2024-12-19T06:20:16", "msecs": 384.0, "levelname": "INFO", "correlation_id": "-", "name": "integration.main", "lineno": 26, "message": "Start time --> 2024-12-19 06:20:06.384700"}
{"asctime": "2024-12-19T06:20:16", "msecs": 384.0, "levelname": "INFO", "correlation_id": "-", "name": "integration.handlers.get_events_handler", "lineno": 20, "message": "getting events starting from 2024-12-19 06:20:06.384700"}
{"asctime": "2024-12-19T06:20:16", "msecs": 384.0, "levelname": "DEBUG", "correlation_id": "-", "name": "integration.services.get_events_service", "lineno": 26, "message": "Fetching events with parameters: {'start_at': datetime.datetime(2024, 12, 19, 6, 20, 6, 384700)}"}
{"asctime": "2024-12-19T06:20:18", "msecs": 431.0, "levelname": "DEBUG", "correlation_id": "-", "name": "integration.services.get_events_service", "lineno": 30, "message": "Response received: Status code 200, Headers: {'date': 'Thu, 19 Dec 2024 06:20:18 GMT', 'server': 'uvicorn', 'content-length': '854', 'content-type': 'application/json'}"}
{"asctime": "2024-12-19T06:20:18", "msecs": 431.0, "levelname": "INFO", "correlation_id": "-", "name": "integration.services.get_events_service", "lineno": 41, "message": "Events fetched successfully: 7 events found starting at 2024-12-19 06:20:06.384700."}
{"asctime": "2024-12-19T06:20:38", "msecs": 456.0, "levelname": "INFO", "correlation_id": "-", "name": "integration.main", "lineno": 26, "message": "Start time --> 2024-12-19 06:20:28.456181"}
{"asctime": "2024-12-19T06:20:38", "msecs": 456.0, "levelname": "INFO", "correlation_id": "-", "name": "integration.handlers.get_events_handler", "lineno": 20, "message": "getting events starting from 2024-12-19 06:20:28.456181"}
{"asctime": "2024-12-19T06:20:38", "msecs": 456.0, "levelname": "DEBUG", "correlation_id": "-", "name": "integration.services.get_events_service", "lineno": 26, "message": "Fetching events with parameters: {'start_at': datetime.datetime(2024, 12, 19, 6, 20, 28, 456181)}"}
{"asctime": "2024-12-19T06:20:40", "msecs": 524.0, "levelname": "DEBUG", "correlation_id": "-", "name": "integration.services.get_events_service", "lineno": 30, "message": "Response received: Status code 200, Headers: {'date': 'Thu, 19 Dec 2024 06:20:39 GMT', 'server': 'uvicorn', 'content-length': '779', 'content-type': 'application/json'}"}
{"asctime": "2024-12-19T06:20:40", "msecs": 524.0, "levelname": "INFO", "correlation_id": "-", "name": "integration.services.get_events_service", "lineno": 41, "message": "Events fetched successfully: 6 events found starting at 2024-12-19 06:20:28.456181."}
{"asctime": "2024-12-19T06:21:00", "msecs": 548.0, "levelname": "INFO", "correlation_id": "-", "name": "integration.main", "lineno": 26, "message": "Start time --> 2024-12-19 06:20:50.548637"}
{"asctime": "2024-12-19T06:21:00", "msecs": 548.0, "levelname": "INFO", "correlation_id": "-", "name": "integration.handlers.get_events_handler", "lineno": 20, "message": "getting events starting from 2024-12-19 06:20:50.548637"}
{"asctime": "2024-12-19T06:21:00", "msecs": 548.0, "levelname": "DEBUG", "correlation_id": "-", "name": "integration.services.get_events_service", "lineno": 26, "message": "Fetching events with parameters: {'start_at': datetime.datetime(2024, 12, 19, 6, 20, 50, 548637)}"}
{"asctime": "2024-12-19T06:21:02", "msecs": 588.0, "levelname": "DEBUG", "correlation_id": "-", "name": "integration.services.get_events_service", "lineno": 30, "message": "Response received: Status code 200, Headers: {'date': 'Thu, 19 Dec 2024 06:21:02 GMT', 'server': 'uvicorn', 'content-length': '791', 'content-type': 'application/json'}"}
{"asctime": "2024-12-19T06:21:02", "msecs": 589.0, "levelname": "INFO", "correlation_id": "-", "name": "integration.services.get_events_service", "lineno": 41, "message": "Events fetched successfully: 6 events found starting at 2024-12-19 06:20:50.548637."}
{"asctime": "2024-12-19T06:21:12", "msecs": 226.0, "levelname": "INFO", "correlation_id": "-", "name": "uvicorn.error", "lineno": 258, "message": "Shutting down"}
{"asctime": "2024-12-19T06:21:12", "msecs": 341.0, "levelname": "INFO", "correlation_id": "-", "name": "uvicorn.error", "lineno": 67, "message": "Waiting for application shutdown."}
{"asctime": "2024-12-19T06:21:12", "msecs": 341.0, "levelname": "INFO", "correlation_id": "-", "name": "uvicorn.error", "lineno": 76, "message": "Application shutdown complete."}
{"asctime": "2024-12-19T06:21:12", "msecs": 341.0, "levelname": "INFO", "correlation_id": "-", "name": "uvicorn.error", "lineno": 92, "message": "Finished server process [26136]", "color_message": "Finished server process [\u001b[36m%d\u001b[0m]"}
{"asctime": "2024-12-19T06:21:35", "msecs": 215.0, "levelname": "INFO", "correlation_id": "-", "name": "integration.main", "lineno": 40, "message": "Hello World"}
{"asctime": "2024-12-19T06:21:35", "msecs": 219.0, "levelname": "INFO", "correlation_id": "-", "name": "integration.main", "lineno": 26, "message": "Start time --> 2024-12-19 06:21:25.219683"}
{"asctime": "2024-12-19T06:21:35", "msecs": 221.0, "levelname": "INFO", "correlation_id": "-", "name": "integration.handlers.get_events_handler", "lineno": 20, "message": "getting events starting from 2024-12-19 06:21:25.219683"}
{"asctime": "2024-12-19T06:21:35", "msecs": 223.0, "levelname": "DEBUG", "correlation_id": "-", "name": "integration.services.get_events_service", "lineno": 26, "message": "Fetching events with parameters: {'start_at': datetime.datetime(2024, 12, 19, 6, 21, 25, 219683)}"}
{"asctime": "2024-12-19T06:21:37", "msecs": 277.0, "levelname": "DEBUG", "correlation_id": "-", "name": "integration.services.get_events_service", "lineno": 30, "message": "Response received: Status code 200, Headers: {'date': 'Thu, 19 Dec 2024 06:21:37 GMT', 'server': 'uvicorn', 'content-length': '678', 'content-type': 'application/json'}"}
{"asctime": "2024-12-19T06:21:37", "msecs": 277.0, "levelname": "INFO", "correlation_id": "-", "name": "integration.services.get_events_service", "lineno": 41, "message": "Events fetched successfully: 6 events found starting at 2024-12-19 06:21:25.219683."}
{"asctime": "2024-12-19T06:21:37", "msecs": 277.0, "levelname": "INFO", "correlation_id": "-", "name": "uvicorn.error", "lineno": 62, "message": "Application startup complete."}
{"asctime": "2024-12-19T06:21:37", "msecs": 292.0, "levelname": "INFO", "correlation_id": "-", "name": "uvicorn.error", "lineno": 214, "message": "Uvicorn running on http://127.0.0.1:8000 (Press CTRL+C to quit)", "color_message": "Uvicorn running on \u001b[1m%s://%s:%d\u001b[0m (Press CTRL+C to quit)"}
{"asctime": "2024-12-19T06:21:57", "msecs": 265.0, "levelname": "INFO", "correlation_id": "-", "name": "integration.main", "lineno": 26, "message": "Start time --> 2024-12-19 06:21:47.265230"}
{"asctime": "2024-12-19T06:21:57", "msecs": 266.0, "levelname": "INFO", "correlation_id": "-", "name": "integration.handlers.get_events_handler", "lineno": 20, "message": "getting events starting from 2024-12-19 06:21:47.265230"}
{"asctime": "2024-12-19T06:21:57", "msecs": 266.0, "levelname": "DEBUG", "correlation_id": "-", "name": "integration.services.get_events_service", "lineno": 26, "message": "Fetching events with parameters: {'start_at': datetime.datetime(2024, 12, 19, 6, 21, 47, 265230)}"}
{"asctime": "2024-12-19T06:21:59", "msecs": 311.0, "levelname": "DEBUG", "correlation_id": "-", "name": "integration.services.get_events_service", "lineno": 30, "message": "Response received: Status code 200, Headers: {'date': 'Thu, 19 Dec 2024 06:21:58 GMT', 'server': 'uvicorn', 'content-length': '746', 'content-type': 'application/json'}"}
{"asctime": "2024-12-19T06:21:59", "msecs": 311.0, "levelname": "INFO", "correlation_id": "-", "name": "integration.services.get_events_service", "lineno": 41, "message": "Events fetched successfully: 6 events found starting at 2024-12-19 06:21:47.265230."}
{"asctime": "2024-12-19T06:22:19", "msecs": 316.0, "levelname": "INFO", "correlation_id": "-", "name": "integration.main", "lineno": 26, "message": "Start time --> 2024-12-19 06:22:09.316889"}
{"asctime": "2024-12-19T06:22:19", "msecs": 316.0, "levelname": "INFO", "correlation_id": "-", "name": "integration.handlers.get_events_handler", "lineno": 20, "message": "getting events starting from 2024-12-19 06:22:09.316889"}
{"asctime": "2024-12-19T06:22:19", "msecs": 316.0, "levelname": "DEBUG", "correlation_id": "-", "name": "integration.services.get_events_service", "lineno": 26, "message": "Fetching events with parameters: {'start_at': datetime.datetime(2024, 12, 19, 6, 22, 9, 316889)}"}
{"asctime": "2024-12-19T06:22:21", "msecs": 346.0, "levelname": "DEBUG", "correlation_id": "-", "name": "integration.services.get_events_service", "lineno": 30, "message": "Response received: Status code 200, Headers: {'date': 'Thu, 19 Dec 2024 06:22:20 GMT', 'server': 'uvicorn', 'content-length': '517', 'content-type': 'application/json'}"}
{"asctime": "2024-12-19T06:22:21", "msecs": 346.0, "levelname": "INFO", "correlation_id": "-", "name": "integration.services.get_events_service", "lineno": 41, "message": "Events fetched successfully: 5 events found starting at 2024-12-19 06:22:09.316889."}
{"asctime": "2024-12-19T06:22:26", "msecs": 112.0, "levelname": "INFO", "correlation_id": "-", "name": "uvicorn.error", "lineno": 258, "message": "Shutting down"}
{"asctime": "2024-12-19T06:22:26", "msecs": 213.0, "levelname": "INFO", "correlation_id": "-", "name": "uvicorn.error", "lineno": 67, "message": "Waiting for application shutdown."}
{"asctime": "2024-12-19T06:22:26", "msecs": 215.0, "levelname": "INFO", "correlation_id": "-", "name": "uvicorn.error", "lineno": 76, "message": "Application shutdown complete."}
{"asctime": "2024-12-19T06:22:26", "msecs": 218.0, "levelname": "INFO", "correlation_id": "-", "name": "uvicorn.error", "lineno": 92, "message": "Finished server process [15108]", "color_message": "Finished server process [\u001b[36m%d\u001b[0m]"}
{"asctime": "2024-12-19T06:23:39", "msecs": 97.0, "levelname": "INFO", "correlation_id": "-", "name": "integration.main", "lineno": 40, "message": "Hello World"}
{"asctime": "2024-12-19T06:23:39", "msecs": 113.0, "levelname": "INFO", "correlation_id": "-", "name": "integration.main", "lineno": 26, "message": "Start time --> 2024-12-19 06:23:29.113779"}
{"asctime": "2024-12-19T06:23:39", "msecs": 113.0, "levelname": "INFO", "correlation_id": "-", "name": "integration.handlers.get_events_handler", "lineno": 20, "message": "getting events starting from 2024-12-19 06:23:29.113779"}
{"asctime": "2024-12-19T06:23:39", "msecs": 113.0, "levelname": "DEBUG", "correlation_id": "-", "name": "integration.services.get_events_service", "lineno": 26, "message": "Fetching events with parameters: {'start_at': datetime.datetime(2024, 12, 19, 6, 23, 29, 113779)}"}
{"asctime": "2024-12-19T06:23:41", "msecs": 143.0, "levelname": "DEBUG", "correlation_id": "-", "name": "integration.services.get_events_service", "lineno": 30, "message": "Response received: Status code 200, Headers: {'date': 'Thu, 19 Dec 2024 06:23:40 GMT', 'server': 'uvicorn', 'content-length': '717', 'content-type': 'application/json'}"}
{"asctime": "2024-12-19T06:23:41", "msecs": 158.0, "levelname": "INFO", "correlation_id": "-", "name": "integration.services.get_events_service", "lineno": 41, "message": "Events fetched successfully: 7 events found starting at 2024-12-19 06:23:29.113779."}
{"asctime": "2024-12-19T06:23:41", "msecs": 158.0, "levelname": "INFO", "correlation_id": "-", "name": "integration.handlers.all_events_handler", "lineno": 31, "message": "Starting to process events"}
{"asctime": "2024-12-19T06:23:41", "msecs": 158.0, "levelname": "INFO", "correlation_id": "-", "name": "integration.handlers.start_event_handler", "lineno": 9, "message": "Starting to handle start event"}
{"asctime": "2024-12-19T06:23:41", "msecs": 158.0, "levelname": "INFO", "correlation_id": "-", "name": "integration.services.event_preprocessing_service", "lineno": 17, "message": "Starting event preprocessing"}
{"asctime": "2024-12-19T06:23:41", "msecs": 169.0, "levelname": "ERROR", "correlation_id": "-", "name": "integration.handlers.all_events_handler", "lineno": 50, "message": "Error scheduling task for event START: 'module' object is not callable", "exc_info": "Traceback (most recent call last):\n  File \"E:\\EdgeTier\\Advance\\EdgeTier-Integration-Challenge\\integration\\handlers\\all_events_handler.py\", line 37, in all_events_handler\n    start_event_handler(event)  # Add async task\n    ^^^^^^^^^^^^^^^^^^^^^^^^^^\n  File \"E:\\EdgeTier\\Advance\\EdgeTier-Integration-Challenge\\integration\\handlers\\start_event_handler.py\", line 12, in start_event_handler\n    flag, start_chat, conversation_details, start_time = event_preprocessing_service(\n                                                         ^^^^^^^^^^^^^^^^^^^^^^^^^^^^\n  File \"E:\\EdgeTier\\Advance\\EdgeTier-Integration-Challenge\\integration\\services\\event_preprocessing_service.py\", line 21, in event_preprocessing_service\n    get_conversation_details_service(event[\"conversation_id\"])\nTypeError: 'module' object is not callable"}
{"asctime": "2024-12-19T06:23:41", "msecs": 182.0, "levelname": "INFO", "correlation_id": "-", "name": "uvicorn.error", "lineno": 62, "message": "Application startup complete."}
{"asctime": "2024-12-19T06:23:41", "msecs": 185.0, "levelname": "INFO", "correlation_id": "-", "name": "uvicorn.error", "lineno": 214, "message": "Uvicorn running on http://127.0.0.1:8000 (Press CTRL+C to quit)", "color_message": "Uvicorn running on \u001b[1m%s://%s:%d\u001b[0m (Press CTRL+C to quit)"}
{"asctime": "2024-12-19T06:24:01", "msecs": 193.0, "levelname": "INFO", "correlation_id": "-", "name": "integration.main", "lineno": 26, "message": "Start time --> 2024-12-19 06:23:51.193710"}
{"asctime": "2024-12-19T06:24:01", "msecs": 193.0, "levelname": "INFO", "correlation_id": "-", "name": "integration.handlers.get_events_handler", "lineno": 20, "message": "getting events starting from 2024-12-19 06:23:51.193710"}
{"asctime": "2024-12-19T06:24:01", "msecs": 193.0, "levelname": "DEBUG", "correlation_id": "-", "name": "integration.services.get_events_service", "lineno": 26, "message": "Fetching events with parameters: {'start_at': datetime.datetime(2024, 12, 19, 6, 23, 51, 193710)}"}
{"asctime": "2024-12-19T06:24:03", "msecs": 244.0, "levelname": "DEBUG", "correlation_id": "-", "name": "integration.services.get_events_service", "lineno": 30, "message": "Response received: Status code 200, Headers: {'date': 'Thu, 19 Dec 2024 06:24:02 GMT', 'server': 'uvicorn', 'content-length': '925', 'content-type': 'application/json'}"}
{"asctime": "2024-12-19T06:24:03", "msecs": 244.0, "levelname": "INFO", "correlation_id": "-", "name": "integration.services.get_events_service", "lineno": 41, "message": "Events fetched successfully: 8 events found starting at 2024-12-19 06:23:51.193710."}
{"asctime": "2024-12-19T06:24:03", "msecs": 259.0, "levelname": "INFO", "correlation_id": "-", "name": "integration.handlers.all_events_handler", "lineno": 31, "message": "Starting to process events"}
{"asctime": "2024-12-19T06:24:03", "msecs": 262.0, "levelname": "INFO", "correlation_id": "-", "name": "integration.handlers.start_event_handler", "lineno": 9, "message": "Starting to handle start event"}
{"asctime": "2024-12-19T06:24:03", "msecs": 264.0, "levelname": "INFO", "correlation_id": "-", "name": "integration.services.event_preprocessing_service", "lineno": 17, "message": "Starting event preprocessing"}
{"asctime": "2024-12-19T06:24:03", "msecs": 267.0, "levelname": "ERROR", "correlation_id": "-", "name": "integration.handlers.all_events_handler", "lineno": 50, "message": "Error scheduling task for event START: 'module' object is not callable", "exc_info": "Traceback (most recent call last):\n  File \"E:\\EdgeTier\\Advance\\EdgeTier-Integration-Challenge\\integration\\handlers\\all_events_handler.py\", line 37, in all_events_handler\n    start_event_handler(event)  # Add async task\n    ^^^^^^^^^^^^^^^^^^^^^^^^^^\n  File \"E:\\EdgeTier\\Advance\\EdgeTier-Integration-Challenge\\integration\\handlers\\start_event_handler.py\", line 12, in start_event_handler\n    flag, start_chat, conversation_details, start_time = event_preprocessing_service(\n                                                         ^^^^^^^^^^^^^^^^^^^^^^^^^^^^\n  File \"E:\\EdgeTier\\Advance\\EdgeTier-Integration-Challenge\\integration\\services\\event_preprocessing_service.py\", line 21, in event_preprocessing_service\n    get_conversation_details_service(event[\"conversation_id\"])\nTypeError: 'module' object is not callable"}
{"asctime": "2024-12-19T06:24:07", "msecs": 667.0, "levelname": "INFO", "correlation_id": "-", "name": "uvicorn.error", "lineno": 258, "message": "Shutting down"}
{"asctime": "2024-12-19T06:24:07", "msecs": 785.0, "levelname": "INFO", "correlation_id": "-", "name": "uvicorn.error", "lineno": 67, "message": "Waiting for application shutdown."}
{"asctime": "2024-12-19T06:24:07", "msecs": 785.0, "levelname": "INFO", "correlation_id": "-", "name": "uvicorn.error", "lineno": 76, "message": "Application shutdown complete."}
{"asctime": "2024-12-19T06:24:07", "msecs": 785.0, "levelname": "INFO", "correlation_id": "-", "name": "uvicorn.error", "lineno": 92, "message": "Finished server process [17648]", "color_message": "Finished server process [\u001b[36m%d\u001b[0m]"}
{"asctime": "2024-12-19T06:24:26", "msecs": 14.0, "levelname": "INFO", "correlation_id": "-", "name": "integration.main", "lineno": 40, "message": "Hello World"}
{"asctime": "2024-12-19T06:24:26", "msecs": 18.0, "levelname": "INFO", "correlation_id": "-", "name": "integration.main", "lineno": 26, "message": "Start time --> 2024-12-19 06:24:16.018090"}
{"asctime": "2024-12-19T06:24:26", "msecs": 20.0, "levelname": "INFO", "correlation_id": "-", "name": "integration.handlers.get_events_handler", "lineno": 20, "message": "getting events starting from 2024-12-19 06:24:16.018090"}
{"asctime": "2024-12-19T06:24:26", "msecs": 23.0, "levelname": "DEBUG", "correlation_id": "-", "name": "integration.services.get_events_service", "lineno": 26, "message": "Fetching events with parameters: {'start_at': datetime.datetime(2024, 12, 19, 6, 24, 16, 18090)}"}
{"asctime": "2024-12-19T06:24:28", "msecs": 59.0, "levelname": "DEBUG", "correlation_id": "-", "name": "integration.services.get_events_service", "lineno": 30, "message": "Response received: Status code 200, Headers: {'date': 'Thu, 19 Dec 2024 06:24:27 GMT', 'server': 'uvicorn', 'content-length': '1132', 'content-type': 'application/json'}"}
{"asctime": "2024-12-19T06:24:28", "msecs": 59.0, "levelname": "INFO", "correlation_id": "-", "name": "integration.services.get_events_service", "lineno": 41, "message": "Events fetched successfully: 9 events found starting at 2024-12-19 06:24:16.018090."}
{"asctime": "2024-12-19T06:24:28", "msecs": 75.0, "levelname": "INFO", "correlation_id": "-", "name": "integration.handlers.all_events_handler", "lineno": 31, "message": "Starting to process events"}
{"asctime": "2024-12-19T06:24:28", "msecs": 75.0, "levelname": "INFO", "correlation_id": "-", "name": "integration.handlers.start_event_handler", "lineno": 9, "message": "Starting to handle start event"}
{"asctime": "2024-12-19T06:24:28", "msecs": 75.0, "levelname": "INFO", "correlation_id": "-", "name": "integration.services.event_preprocessing_service", "lineno": 17, "message": "Starting event preprocessing"}
{"asctime": "2024-12-19T06:24:28", "msecs": 85.0, "levelname": "ERROR", "correlation_id": "-", "name": "integration.handlers.all_events_handler", "lineno": 50, "message": "Error scheduling task for event START: 'module' object is not callable", "exc_info": "Traceback (most recent call last):\n  File \"E:\\EdgeTier\\Advance\\EdgeTier-Integration-Challenge\\integration\\handlers\\all_events_handler.py\", line 37, in all_events_handler\n    start_event_handler(event)  # Add async task\n    ^^^^^^^^^^^^^^^^^^^^^^^^^^\n  File \"E:\\EdgeTier\\Advance\\EdgeTier-Integration-Challenge\\integration\\handlers\\start_event_handler.py\", line 12, in start_event_handler\n    flag, start_chat, conversation_details, start_time = event_preprocessing_service(\n                                                         ^^^^^^^^^^^^^^^^^^^^^^^^^^^^\n  File \"E:\\EdgeTier\\Advance\\EdgeTier-Integration-Challenge\\integration\\services\\event_preprocessing_service.py\", line 21, in event_preprocessing_service\n    get_conversation_details_service(event[\"conversation_id\"])\nTypeError: 'module' object is not callable"}
{"asctime": "2024-12-19T06:24:28", "msecs": 98.0, "levelname": "INFO", "correlation_id": "-", "name": "uvicorn.error", "lineno": 62, "message": "Application startup complete."}
{"asctime": "2024-12-19T06:24:28", "msecs": 98.0, "levelname": "INFO", "correlation_id": "-", "name": "uvicorn.error", "lineno": 214, "message": "Uvicorn running on http://127.0.0.1:8000 (Press CTRL+C to quit)", "color_message": "Uvicorn running on \u001b[1m%s://%s:%d\u001b[0m (Press CTRL+C to quit)"}
{"asctime": "2024-12-19T06:24:48", "msecs": 126.0, "levelname": "INFO", "correlation_id": "-", "name": "integration.main", "lineno": 26, "message": "Start time --> 2024-12-19 06:24:38.126919"}
{"asctime": "2024-12-19T06:24:48", "msecs": 126.0, "levelname": "INFO", "correlation_id": "-", "name": "integration.handlers.get_events_handler", "lineno": 20, "message": "getting events starting from 2024-12-19 06:24:38.126919"}
{"asctime": "2024-12-19T06:24:48", "msecs": 126.0, "levelname": "DEBUG", "correlation_id": "-", "name": "integration.services.get_events_service", "lineno": 26, "message": "Fetching events with parameters: {'start_at': datetime.datetime(2024, 12, 19, 6, 24, 38, 126919)}"}
{"asctime": "2024-12-19T06:24:50", "msecs": 164.0, "levelname": "DEBUG", "correlation_id": "-", "name": "integration.services.get_events_service", "lineno": 30, "message": "Response received: Status code 200, Headers: {'date': 'Thu, 19 Dec 2024 06:24:49 GMT', 'server': 'uvicorn', 'content-length': '1103', 'content-type': 'application/json'}"}
{"asctime": "2024-12-19T06:24:50", "msecs": 164.0, "levelname": "INFO", "correlation_id": "-", "name": "integration.services.get_events_service", "lineno": 41, "message": "Events fetched successfully: 9 events found starting at 2024-12-19 06:24:38.126919."}
{"asctime": "2024-12-19T06:24:50", "msecs": 164.0, "levelname": "INFO", "correlation_id": "-", "name": "integration.handlers.all_events_handler", "lineno": 31, "message": "Starting to process events"}
{"asctime": "2024-12-19T06:25:10", "msecs": 183.0, "levelname": "INFO", "correlation_id": "-", "name": "integration.main", "lineno": 26, "message": "Start time --> 2024-12-19 06:25:00.183477"}
{"asctime": "2024-12-19T06:25:10", "msecs": 184.0, "levelname": "INFO", "correlation_id": "-", "name": "integration.handlers.get_events_handler", "lineno": 20, "message": "getting events starting from 2024-12-19 06:25:00.183477"}
{"asctime": "2024-12-19T06:25:10", "msecs": 184.0, "levelname": "DEBUG", "correlation_id": "-", "name": "integration.services.get_events_service", "lineno": 26, "message": "Fetching events with parameters: {'start_at': datetime.datetime(2024, 12, 19, 6, 25, 0, 183477)}"}
{"asctime": "2024-12-19T06:25:12", "msecs": 212.0, "levelname": "DEBUG", "correlation_id": "-", "name": "integration.services.get_events_service", "lineno": 30, "message": "Response received: Status code 200, Headers: {'date': 'Thu, 19 Dec 2024 06:25:11 GMT', 'server': 'uvicorn', 'content-length': '962', 'content-type': 'application/json'}"}
{"asctime": "2024-12-19T06:25:12", "msecs": 212.0, "levelname": "INFO", "correlation_id": "-", "name": "integration.services.get_events_service", "lineno": 41, "message": "Events fetched successfully: 8 events found starting at 2024-12-19 06:25:00.183477."}
{"asctime": "2024-12-19T06:25:12", "msecs": 212.0, "levelname": "INFO", "correlation_id": "-", "name": "integration.handlers.all_events_handler", "lineno": 31, "message": "Starting to process events"}
{"asctime": "2024-12-19T06:25:12", "msecs": 227.0, "levelname": "INFO", "correlation_id": "-", "name": "integration.handlers.start_event_handler", "lineno": 9, "message": "Starting to handle start event"}
{"asctime": "2024-12-19T06:25:12", "msecs": 230.0, "levelname": "INFO", "correlation_id": "-", "name": "integration.services.event_preprocessing_service", "lineno": 17, "message": "Starting event preprocessing"}
{"asctime": "2024-12-19T06:25:12", "msecs": 233.0, "levelname": "ERROR", "correlation_id": "-", "name": "integration.handlers.all_events_handler", "lineno": 50, "message": "Error scheduling task for event START: 'module' object is not callable", "exc_info": "Traceback (most recent call last):\n  File \"E:\\EdgeTier\\Advance\\EdgeTier-Integration-Challenge\\integration\\handlers\\all_events_handler.py\", line 37, in all_events_handler\n    start_event_handler(event)  # Add async task\n    ^^^^^^^^^^^^^^^^^^^^^^^^^^\n  File \"E:\\EdgeTier\\Advance\\EdgeTier-Integration-Challenge\\integration\\handlers\\start_event_handler.py\", line 12, in start_event_handler\n    flag, start_chat, conversation_details, start_time = event_preprocessing_service(\n                                                         ^^^^^^^^^^^^^^^^^^^^^^^^^^^^\n  File \"E:\\EdgeTier\\Advance\\EdgeTier-Integration-Challenge\\integration\\services\\event_preprocessing_service.py\", line 21, in event_preprocessing_service\n    get_conversation_details_service(event[\"conversation_id\"])\nTypeError: 'module' object is not callable"}
{"asctime": "2024-12-19T06:25:27", "msecs": 639.0, "levelname": "INFO", "correlation_id": "-", "name": "uvicorn.error", "lineno": 258, "message": "Shutting down"}
{"asctime": "2024-12-19T06:25:27", "msecs": 742.0, "levelname": "INFO", "correlation_id": "-", "name": "uvicorn.error", "lineno": 67, "message": "Waiting for application shutdown."}
{"asctime": "2024-12-19T06:25:27", "msecs": 742.0, "levelname": "INFO", "correlation_id": "-", "name": "uvicorn.error", "lineno": 76, "message": "Application shutdown complete."}
{"asctime": "2024-12-19T06:25:27", "msecs": 742.0, "levelname": "INFO", "correlation_id": "-", "name": "uvicorn.error", "lineno": 92, "message": "Finished server process [11308]", "color_message": "Finished server process [\u001b[36m%d\u001b[0m]"}
{"asctime": "2024-12-19T06:25:30", "msecs": 890.0, "levelname": "INFO", "correlation_id": "-", "name": "integration.main", "lineno": 40, "message": "Hello World"}
{"asctime": "2024-12-19T06:25:30", "msecs": 894.0, "levelname": "INFO", "correlation_id": "-", "name": "integration.main", "lineno": 26, "message": "Start time --> 2024-12-19 06:25:20.894144"}
{"asctime": "2024-12-19T06:25:30", "msecs": 896.0, "levelname": "INFO", "correlation_id": "-", "name": "integration.handlers.get_events_handler", "lineno": 20, "message": "getting events starting from 2024-12-19 06:25:20.894144"}
{"asctime": "2024-12-19T06:25:30", "msecs": 899.0, "levelname": "DEBUG", "correlation_id": "-", "name": "integration.services.get_events_service", "lineno": 26, "message": "Fetching events with parameters: {'start_at': datetime.datetime(2024, 12, 19, 6, 25, 20, 894144)}"}
{"asctime": "2024-12-19T06:25:32", "msecs": 936.0, "levelname": "DEBUG", "correlation_id": "-", "name": "integration.services.get_events_service", "lineno": 30, "message": "Response received: Status code 200, Headers: {'date': 'Thu, 19 Dec 2024 06:25:32 GMT', 'server': 'uvicorn', 'content-length': '1260', 'content-type': 'application/json'}"}
{"asctime": "2024-12-19T06:25:32", "msecs": 940.0, "levelname": "INFO", "correlation_id": "-", "name": "integration.services.get_events_service", "lineno": 41, "message": "Events fetched successfully: 11 events found starting at 2024-12-19 06:25:20.894144."}
{"asctime": "2024-12-19T06:25:32", "msecs": 942.0, "levelname": "INFO", "correlation_id": "-", "name": "integration.handlers.all_events_handler", "lineno": 31, "message": "Starting to process events"}
{"asctime": "2024-12-19T06:25:32", "msecs": 944.0, "levelname": "INFO", "correlation_id": "-", "name": "integration.handlers.start_event_handler", "lineno": 9, "message": "Starting to handle start event"}
{"asctime": "2024-12-19T06:25:32", "msecs": 946.0, "levelname": "INFO", "correlation_id": "-", "name": "integration.services.event_preprocessing_service", "lineno": 17, "message": "Starting event preprocessing"}
{"asctime": "2024-12-19T06:25:32", "msecs": 949.0, "levelname": "DEBUG", "correlation_id": "-", "name": "integration.services.event_preprocessing_service", "lineno": 18, "message": "event --> {'conversation_id': 13, 'event_name': 'START', 'event_at': 1734589532, 'data': None}"}
{"asctime": "2024-12-19T06:25:32", "msecs": 952.0, "levelname": "ERROR", "correlation_id": "-", "name": "integration.handlers.all_events_handler", "lineno": 50, "message": "Error scheduling task for event START: 'module' object is not callable", "exc_info": "Traceback (most recent call last):\n  File \"E:\\EdgeTier\\Advance\\EdgeTier-Integration-Challenge\\integration\\handlers\\all_events_handler.py\", line 37, in all_events_handler\n    start_event_handler(event)  # Add async task\n    ^^^^^^^^^^^^^^^^^^^^^^^^^^\n  File \"E:\\EdgeTier\\Advance\\EdgeTier-Integration-Challenge\\integration\\handlers\\start_event_handler.py\", line 12, in start_event_handler\n    flag, start_chat, conversation_details, start_time = event_preprocessing_service(\n                                                         ^^^^^^^^^^^^^^^^^^^^^^^^^^^^\n  File \"E:\\EdgeTier\\Advance\\EdgeTier-Integration-Challenge\\integration\\services\\event_preprocessing_service.py\", line 21, in event_preprocessing_service\n    get_conversation_details_service(event[\"conversation_id\"])\nTypeError: 'module' object is not callable"}
{"asctime": "2024-12-19T06:25:32", "msecs": 966.0, "levelname": "INFO", "correlation_id": "-", "name": "uvicorn.error", "lineno": 62, "message": "Application startup complete."}
{"asctime": "2024-12-19T06:25:32", "msecs": 968.0, "levelname": "INFO", "correlation_id": "-", "name": "uvicorn.error", "lineno": 214, "message": "Uvicorn running on http://127.0.0.1:8000 (Press CTRL+C to quit)", "color_message": "Uvicorn running on \u001b[1m%s://%s:%d\u001b[0m (Press CTRL+C to quit)"}
{"asctime": "2024-12-19T06:25:52", "msecs": 990.0, "levelname": "INFO", "correlation_id": "-", "name": "integration.main", "lineno": 26, "message": "Start time --> 2024-12-19 06:25:42.990614"}
{"asctime": "2024-12-19T06:25:52", "msecs": 992.0, "levelname": "INFO", "correlation_id": "-", "name": "integration.handlers.get_events_handler", "lineno": 20, "message": "getting events starting from 2024-12-19 06:25:42.990614"}
{"asctime": "2024-12-19T06:25:52", "msecs": 992.0, "levelname": "DEBUG", "correlation_id": "-", "name": "integration.services.get_events_service", "lineno": 26, "message": "Fetching events with parameters: {'start_at': datetime.datetime(2024, 12, 19, 6, 25, 42, 990614)}"}
{"asctime": "2024-12-19T06:25:55", "msecs": 57.0, "levelname": "DEBUG", "correlation_id": "-", "name": "integration.services.get_events_service", "lineno": 30, "message": "Response received: Status code 200, Headers: {'date': 'Thu, 19 Dec 2024 06:25:54 GMT', 'server': 'uvicorn', 'content-length': '1497', 'content-type': 'application/json'}"}
{"asctime": "2024-12-19T06:25:55", "msecs": 57.0, "levelname": "INFO", "correlation_id": "-", "name": "integration.services.get_events_service", "lineno": 41, "message": "Events fetched successfully: 14 events found starting at 2024-12-19 06:25:42.990614."}
{"asctime": "2024-12-19T06:25:55", "msecs": 57.0, "levelname": "INFO", "correlation_id": "-", "name": "integration.handlers.all_events_handler", "lineno": 31, "message": "Starting to process events"}
{"asctime": "2024-12-19T06:25:55", "msecs": 57.0, "levelname": "INFO", "correlation_id": "-", "name": "integration.handlers.start_event_handler", "lineno": 9, "message": "Starting to handle start event"}
{"asctime": "2024-12-19T06:25:55", "msecs": 57.0, "levelname": "INFO", "correlation_id": "-", "name": "integration.services.event_preprocessing_service", "lineno": 17, "message": "Starting event preprocessing"}
{"asctime": "2024-12-19T06:25:55", "msecs": 72.0, "levelname": "DEBUG", "correlation_id": "-", "name": "integration.services.event_preprocessing_service", "lineno": 18, "message": "event --> {'conversation_id': 14, 'event_name': 'START', 'event_at': 1734589555, 'data': None}"}
{"asctime": "2024-12-19T06:25:55", "msecs": 72.0, "levelname": "ERROR", "correlation_id": "-", "name": "integration.handlers.all_events_handler", "lineno": 50, "message": "Error scheduling task for event START: 'module' object is not callable", "exc_info": "Traceback (most recent call last):\n  File \"E:\\EdgeTier\\Advance\\EdgeTier-Integration-Challenge\\integration\\handlers\\all_events_handler.py\", line 37, in all_events_handler\n    start_event_handler(event)  # Add async task\n    ^^^^^^^^^^^^^^^^^^^^^^^^^^\n  File \"E:\\EdgeTier\\Advance\\EdgeTier-Integration-Challenge\\integration\\handlers\\start_event_handler.py\", line 12, in start_event_handler\n    flag, start_chat, conversation_details, start_time = event_preprocessing_service(\n                                                         ^^^^^^^^^^^^^^^^^^^^^^^^^^^^\n  File \"E:\\EdgeTier\\Advance\\EdgeTier-Integration-Challenge\\integration\\services\\event_preprocessing_service.py\", line 21, in event_preprocessing_service\n    get_conversation_details_service(event[\"conversation_id\"])\nTypeError: 'module' object is not callable"}
{"asctime": "2024-12-19T06:26:15", "msecs": 127.0, "levelname": "INFO", "correlation_id": "-", "name": "integration.main", "lineno": 26, "message": "Start time --> 2024-12-19 06:26:05.127913"}
{"asctime": "2024-12-19T06:26:15", "msecs": 127.0, "levelname": "INFO", "correlation_id": "-", "name": "integration.handlers.get_events_handler", "lineno": 20, "message": "getting events starting from 2024-12-19 06:26:05.127913"}
{"asctime": "2024-12-19T06:26:15", "msecs": 127.0, "levelname": "DEBUG", "correlation_id": "-", "name": "integration.services.get_events_service", "lineno": 26, "message": "Fetching events with parameters: {'start_at': datetime.datetime(2024, 12, 19, 6, 26, 5, 127913)}"}
{"asctime": "2024-12-19T06:26:17", "msecs": 180.0, "levelname": "DEBUG", "correlation_id": "-", "name": "integration.services.get_events_service", "lineno": 30, "message": "Response received: Status code 200, Headers: {'date': 'Thu, 19 Dec 2024 06:26:16 GMT', 'server': 'uvicorn', 'content-length': '1263', 'content-type': 'application/json'}"}
{"asctime": "2024-12-19T06:26:17", "msecs": 184.0, "levelname": "INFO", "correlation_id": "-", "name": "integration.services.get_events_service", "lineno": 41, "message": "Events fetched successfully: 11 events found starting at 2024-12-19 06:26:05.127913."}
{"asctime": "2024-12-19T06:26:17", "msecs": 187.0, "levelname": "INFO", "correlation_id": "-", "name": "integration.handlers.all_events_handler", "lineno": 31, "message": "Starting to process events"}
{"asctime": "2024-12-19T06:26:17", "msecs": 189.0, "levelname": "INFO", "correlation_id": "-", "name": "integration.handlers.start_event_handler", "lineno": 9, "message": "Starting to handle start event"}
{"asctime": "2024-12-19T06:26:17", "msecs": 192.0, "levelname": "INFO", "correlation_id": "-", "name": "integration.services.event_preprocessing_service", "lineno": 17, "message": "Starting event preprocessing"}
{"asctime": "2024-12-19T06:26:17", "msecs": 196.0, "levelname": "DEBUG", "correlation_id": "-", "name": "integration.services.event_preprocessing_service", "lineno": 18, "message": "event --> {'conversation_id': 15, 'event_name': 'START', 'event_at': 1734589577, 'data': None}"}
{"asctime": "2024-12-19T06:26:17", "msecs": 197.0, "levelname": "ERROR", "correlation_id": "-", "name": "integration.handlers.all_events_handler", "lineno": 50, "message": "Error scheduling task for event START: 'module' object is not callable", "exc_info": "Traceback (most recent call last):\n  File \"E:\\EdgeTier\\Advance\\EdgeTier-Integration-Challenge\\integration\\handlers\\all_events_handler.py\", line 37, in all_events_handler\n    start_event_handler(event)  # Add async task\n    ^^^^^^^^^^^^^^^^^^^^^^^^^^\n  File \"E:\\EdgeTier\\Advance\\EdgeTier-Integration-Challenge\\integration\\handlers\\start_event_handler.py\", line 12, in start_event_handler\n    flag, start_chat, conversation_details, start_time = event_preprocessing_service(\n                                                         ^^^^^^^^^^^^^^^^^^^^^^^^^^^^\n  File \"E:\\EdgeTier\\Advance\\EdgeTier-Integration-Challenge\\integration\\services\\event_preprocessing_service.py\", line 21, in event_preprocessing_service\n    get_conversation_details_service(event[\"conversation_id\"])\nTypeError: 'module' object is not callable"}
{"asctime": "2024-12-19T06:26:17", "msecs": 211.0, "levelname": "INFO", "correlation_id": "-", "name": "uvicorn.error", "lineno": 258, "message": "Shutting down"}
{"asctime": "2024-12-19T06:26:17", "msecs": 324.0, "levelname": "INFO", "correlation_id": "-", "name": "uvicorn.error", "lineno": 67, "message": "Waiting for application shutdown."}
{"asctime": "2024-12-19T06:26:17", "msecs": 328.0, "levelname": "INFO", "correlation_id": "-", "name": "uvicorn.error", "lineno": 76, "message": "Application shutdown complete."}
{"asctime": "2024-12-19T06:26:17", "msecs": 330.0, "levelname": "INFO", "correlation_id": "-", "name": "uvicorn.error", "lineno": 92, "message": "Finished server process [19708]", "color_message": "Finished server process [\u001b[36m%d\u001b[0m]"}
{"asctime": "2024-12-19T06:29:12", "msecs": 613.0, "levelname": "INFO", "correlation_id": "-", "name": "integration.main", "lineno": 40, "message": "Hello World"}
{"asctime": "2024-12-19T06:29:12", "msecs": 617.0, "levelname": "INFO", "correlation_id": "-", "name": "integration.main", "lineno": 26, "message": "Start time --> 2024-12-19 06:29:02.617439"}
{"asctime": "2024-12-19T06:29:12", "msecs": 620.0, "levelname": "INFO", "correlation_id": "-", "name": "integration.handlers.get_events_handler", "lineno": 20, "message": "getting events starting from 2024-12-19 06:29:02.617439"}
{"asctime": "2024-12-19T06:29:12", "msecs": 624.0, "levelname": "DEBUG", "correlation_id": "-", "name": "integration.services.get_events_service", "lineno": 26, "message": "Fetching events with parameters: {'start_at': datetime.datetime(2024, 12, 19, 6, 29, 2, 617439)}"}
{"asctime": "2024-12-19T06:29:14", "msecs": 669.0, "levelname": "DEBUG", "correlation_id": "-", "name": "integration.services.get_events_service", "lineno": 30, "message": "Response received: Status code 200, Headers: {'date': 'Thu, 19 Dec 2024 06:29:14 GMT', 'server': 'uvicorn', 'content-length': '1388', 'content-type': 'application/json'}"}
{"asctime": "2024-12-19T06:29:14", "msecs": 669.0, "levelname": "INFO", "correlation_id": "-", "name": "integration.services.get_events_service", "lineno": 41, "message": "Events fetched successfully: 12 events found starting at 2024-12-19 06:29:02.617439."}
{"asctime": "2024-12-19T06:29:14", "msecs": 669.0, "levelname": "INFO", "correlation_id": "-", "name": "integration.handlers.all_events_handler", "lineno": 31, "message": "Starting to process events"}
{"asctime": "2024-12-19T06:29:14", "msecs": 682.0, "levelname": "INFO", "correlation_id": "-", "name": "uvicorn.error", "lineno": 62, "message": "Application startup complete."}
{"asctime": "2024-12-19T06:29:14", "msecs": 685.0, "levelname": "INFO", "correlation_id": "-", "name": "uvicorn.error", "lineno": 214, "message": "Uvicorn running on http://127.0.0.1:8000 (Press CTRL+C to quit)", "color_message": "Uvicorn running on \u001b[1m%s://%s:%d\u001b[0m (Press CTRL+C to quit)"}
{"asctime": "2024-12-19T06:29:34", "msecs": 699.0, "levelname": "INFO", "correlation_id": "-", "name": "integration.main", "lineno": 26, "message": "Start time --> 2024-12-19 06:29:24.699967"}
{"asctime": "2024-12-19T06:29:34", "msecs": 699.0, "levelname": "INFO", "correlation_id": "-", "name": "integration.handlers.get_events_handler", "lineno": 20, "message": "getting events starting from 2024-12-19 06:29:24.699967"}
{"asctime": "2024-12-19T06:29:34", "msecs": 699.0, "levelname": "DEBUG", "correlation_id": "-", "name": "integration.services.get_events_service", "lineno": 26, "message": "Fetching events with parameters: {'start_at': datetime.datetime(2024, 12, 19, 6, 29, 24, 699967)}"}
{"asctime": "2024-12-19T06:29:36", "msecs": 777.0, "levelname": "DEBUG", "correlation_id": "-", "name": "integration.services.get_events_service", "lineno": 30, "message": "Response received: Status code 500, Headers: {'date': 'Thu, 19 Dec 2024 06:29:36 GMT', 'server': 'uvicorn', 'content-length': '21', 'content-type': 'text/plain; charset=utf-8'}"}
{"asctime": "2024-12-19T06:29:36", "msecs": 777.0, "levelname": "ERROR", "correlation_id": "-", "name": "integration.services.get_events_service", "lineno": 33, "message": "Unhandled status code: 500. Parameters: {'start_at': datetime.datetime(2024, 12, 19, 6, 29, 24, 699967)}"}
{"asctime": "2024-12-19T06:29:36", "msecs": 777.0, "levelname": "WARNING", "correlation_id": "-", "name": "integration.handlers.all_events_handler", "lineno": 29, "message": "No events found"}
{"asctime": "2024-12-19T06:29:56", "msecs": 786.0, "levelname": "INFO", "correlation_id": "-", "name": "integration.main", "lineno": 26, "message": "Start time --> 2024-12-19 06:29:46.786145"}
{"asctime": "2024-12-19T06:29:56", "msecs": 786.0, "levelname": "INFO", "correlation_id": "-", "name": "integration.handlers.get_events_handler", "lineno": 20, "message": "getting events starting from 2024-12-19 06:29:46.786145"}
{"asctime": "2024-12-19T06:29:56", "msecs": 786.0, "levelname": "DEBUG", "correlation_id": "-", "name": "integration.services.get_events_service", "lineno": 26, "message": "Fetching events with parameters: {'start_at': datetime.datetime(2024, 12, 19, 6, 29, 46, 786145)}"}
{"asctime": "2024-12-19T06:29:58", "msecs": 827.0, "levelname": "DEBUG", "correlation_id": "-", "name": "integration.services.get_events_service", "lineno": 30, "message": "Response received: Status code 200, Headers: {'date': 'Thu, 19 Dec 2024 06:29:57 GMT', 'server': 'uvicorn', 'content-length': '1239', 'content-type': 'application/json'}"}
{"asctime": "2024-12-19T06:29:58", "msecs": 827.0, "levelname": "INFO", "correlation_id": "-", "name": "integration.services.get_events_service", "lineno": 41, "message": "Events fetched successfully: 11 events found starting at 2024-12-19 06:29:46.786145."}
{"asctime": "2024-12-19T06:29:58", "msecs": 827.0, "levelname": "INFO", "correlation_id": "-", "name": "integration.handlers.all_events_handler", "lineno": 31, "message": "Starting to process events"}
{"asctime": "2024-12-19T06:30:18", "msecs": 871.0, "levelname": "INFO", "correlation_id": "-", "name": "integration.main", "lineno": 26, "message": "Start time --> 2024-12-19 06:30:08.871810"}
{"asctime": "2024-12-19T06:30:18", "msecs": 871.0, "levelname": "INFO", "correlation_id": "-", "name": "integration.handlers.get_events_handler", "lineno": 20, "message": "getting events starting from 2024-12-19 06:30:08.871810"}
{"asctime": "2024-12-19T06:30:18", "msecs": 871.0, "levelname": "DEBUG", "correlation_id": "-", "name": "integration.services.get_events_service", "lineno": 26, "message": "Fetching events with parameters: {'start_at': datetime.datetime(2024, 12, 19, 6, 30, 8, 871810)}"}
{"asctime": "2024-12-19T06:30:20", "msecs": 937.0, "levelname": "DEBUG", "correlation_id": "-", "name": "integration.services.get_events_service", "lineno": 30, "message": "Response received: Status code 200, Headers: {'date': 'Thu, 19 Dec 2024 06:30:20 GMT', 'server': 'uvicorn', 'content-length': '1702', 'content-type': 'application/json'}"}
{"asctime": "2024-12-19T06:30:20", "msecs": 937.0, "levelname": "INFO", "correlation_id": "-", "name": "integration.services.get_events_service", "lineno": 41, "message": "Events fetched successfully: 14 events found starting at 2024-12-19 06:30:08.871810."}
{"asctime": "2024-12-19T06:30:20", "msecs": 952.0, "levelname": "INFO", "correlation_id": "-", "name": "integration.handlers.all_events_handler", "lineno": 31, "message": "Starting to process events"}
{"asctime": "2024-12-19T06:30:20", "msecs": 952.0, "levelname": "INFO", "correlation_id": "-", "name": "integration.handlers.start_event_handler", "lineno": 9, "message": "Starting to handle start event"}
{"asctime": "2024-12-19T06:30:20", "msecs": 956.0, "levelname": "INFO", "correlation_id": "-", "name": "integration.services.event_preprocessing_service", "lineno": 19, "message": "Starting event preprocessing"}
{"asctime": "2024-12-19T06:30:20", "msecs": 960.0, "levelname": "DEBUG", "correlation_id": "-", "name": "integration.services.event_preprocessing_service", "lineno": 20, "message": "event --> {'conversation_id': 16, 'event_name': 'START', 'event_at': 1734589820, 'data': None}"}
{"asctime": "2024-12-19T06:30:20", "msecs": 964.0, "levelname": "INFO", "correlation_id": "-", "name": "integration.services.get_conversation_details_service", "lineno": 26, "message": "Fetching conversation details for conversation_id: 16"}
{"asctime": "2024-12-19T06:30:23", "msecs": 12.0, "levelname": "INFO", "correlation_id": "-", "name": "integration.services.get_conversation_details_service", "lineno": 50, "message": "Conversation details fetched successfully."}
{"asctime": "2024-12-19T06:30:23", "msecs": 15.0, "levelname": "ERROR", "correlation_id": "-", "name": "integration.handlers.all_events_handler", "lineno": 50, "message": "Error scheduling task for event START: 'module' object is not callable", "exc_info": "Traceback (most recent call last):\n  File \"E:\\EdgeTier\\Advance\\EdgeTier-Integration-Challenge\\integration\\handlers\\all_events_handler.py\", line 37, in all_events_handler\n    start_event_handler(event)  # Add async task\n    ^^^^^^^^^^^^^^^^^^^^^^^^^^\n  File \"E:\\EdgeTier\\Advance\\EdgeTier-Integration-Challenge\\integration\\handlers\\start_event_handler.py\", line 12, in start_event_handler\n    flag, start_chat, conversation_details, start_time = event_preprocessing_service(\n                                                         ^^^^^^^^^^^^^^^^^^^^^^^^^^^^\n  File \"E:\\EdgeTier\\Advance\\EdgeTier-Integration-Challenge\\integration\\services\\event_preprocessing_service.py\", line 30, in event_preprocessing_service\n    status_code_advisor, advisor = get_advisor_service(\n                                   ^^^^^^^^^^^^^^^^^^^^\nTypeError: 'module' object is not callable"}
{"asctime": "2024-12-19T06:30:23", "msecs": 23.0, "levelname": "INFO", "correlation_id": "-", "name": "uvicorn.error", "lineno": 258, "message": "Shutting down"}
{"asctime": "2024-12-19T06:30:23", "msecs": 146.0, "levelname": "INFO", "correlation_id": "-", "name": "uvicorn.error", "lineno": 67, "message": "Waiting for application shutdown."}
{"asctime": "2024-12-19T06:30:23", "msecs": 146.0, "levelname": "INFO", "correlation_id": "-", "name": "uvicorn.error", "lineno": 76, "message": "Application shutdown complete."}
{"asctime": "2024-12-19T06:30:23", "msecs": 146.0, "levelname": "INFO", "correlation_id": "-", "name": "uvicorn.error", "lineno": 92, "message": "Finished server process [24340]", "color_message": "Finished server process [\u001b[36m%d\u001b[0m]"}
{"asctime": "2024-12-19T06:30:32", "msecs": 988.0, "levelname": "INFO", "correlation_id": "-", "name": "integration.main", "lineno": 40, "message": "Hello World"}
{"asctime": "2024-12-19T06:30:32", "msecs": 993.0, "levelname": "INFO", "correlation_id": "-", "name": "integration.main", "lineno": 26, "message": "Start time --> 2024-12-19 06:30:22.993635"}
{"asctime": "2024-12-19T06:30:32", "msecs": 995.0, "levelname": "INFO", "correlation_id": "-", "name": "integration.handlers.get_events_handler", "lineno": 20, "message": "getting events starting from 2024-12-19 06:30:22.993635"}
{"asctime": "2024-12-19T06:30:32", "msecs": 997.0, "levelname": "DEBUG", "correlation_id": "-", "name": "integration.services.get_events_service", "lineno": 26, "message": "Fetching events with parameters: {'start_at': datetime.datetime(2024, 12, 19, 6, 30, 22, 993635)}"}
{"asctime": "2024-12-19T06:30:35", "msecs": 24.0, "levelname": "DEBUG", "correlation_id": "-", "name": "integration.services.get_events_service", "lineno": 30, "message": "Response received: Status code 200, Headers: {'date': 'Thu, 19 Dec 2024 06:30:34 GMT', 'server': 'uvicorn', 'content-length': '1471', 'content-type': 'application/json'}"}
{"asctime": "2024-12-19T06:30:35", "msecs": 39.0, "levelname": "INFO", "correlation_id": "-", "name": "integration.services.get_events_service", "lineno": 41, "message": "Events fetched successfully: 13 events found starting at 2024-12-19 06:30:22.993635."}
{"asctime": "2024-12-19T06:30:35", "msecs": 39.0, "levelname": "INFO", "correlation_id": "-", "name": "integration.handlers.all_events_handler", "lineno": 31, "message": "Starting to process events"}
{"asctime": "2024-12-19T06:30:35", "msecs": 39.0, "levelname": "INFO", "correlation_id": "-", "name": "integration.handlers.start_event_handler", "lineno": 9, "message": "Starting to handle start event"}
{"asctime": "2024-12-19T06:30:35", "msecs": 39.0, "levelname": "INFO", "correlation_id": "-", "name": "integration.services.event_preprocessing_service", "lineno": 19, "message": "Starting event preprocessing"}
{"asctime": "2024-12-19T06:30:35", "msecs": 39.0, "levelname": "DEBUG", "correlation_id": "-", "name": "integration.services.event_preprocessing_service", "lineno": 20, "message": "event --> {'conversation_id': 17, 'event_name': 'START', 'event_at': 1734589835, 'data': None}"}
{"asctime": "2024-12-19T06:30:35", "msecs": 52.0, "levelname": "INFO", "correlation_id": "-", "name": "integration.services.get_conversation_details_service", "lineno": 26, "message": "Fetching conversation details for conversation_id: 17"}
{"asctime": "2024-12-19T06:30:37", "msecs": 105.0, "levelname": "INFO", "correlation_id": "-", "name": "integration.services.get_conversation_details_service", "lineno": 50, "message": "Conversation details fetched successfully."}
{"asctime": "2024-12-19T06:30:37", "msecs": 105.0, "levelname": "ERROR", "correlation_id": "-", "name": "integration.handlers.all_events_handler", "lineno": 50, "message": "Error scheduling task for event START: 'module' object is not callable", "exc_info": "Traceback (most recent call last):\n  File \"E:\\EdgeTier\\Advance\\EdgeTier-Integration-Challenge\\integration\\handlers\\all_events_handler.py\", line 37, in all_events_handler\n    start_event_handler(event)  # Add async task\n    ^^^^^^^^^^^^^^^^^^^^^^^^^^\n  File \"E:\\EdgeTier\\Advance\\EdgeTier-Integration-Challenge\\integration\\handlers\\start_event_handler.py\", line 12, in start_event_handler\n    flag, start_chat, conversation_details, start_time = event_preprocessing_service(\n                                                         ^^^^^^^^^^^^^^^^^^^^^^^^^^^^\n  File \"E:\\EdgeTier\\Advance\\EdgeTier-Integration-Challenge\\integration\\services\\event_preprocessing_service.py\", line 30, in event_preprocessing_service\n    status_code_advisor, advisor = get_advisor_service(\n                                   ^^^^^^^^^^^^^^^^^^^^\nTypeError: 'module' object is not callable"}
{"asctime": "2024-12-19T06:30:37", "msecs": 121.0, "levelname": "INFO", "correlation_id": "-", "name": "uvicorn.error", "lineno": 62, "message": "Application startup complete."}
{"asctime": "2024-12-19T06:30:37", "msecs": 125.0, "levelname": "INFO", "correlation_id": "-", "name": "uvicorn.error", "lineno": 214, "message": "Uvicorn running on http://127.0.0.1:8000 (Press CTRL+C to quit)", "color_message": "Uvicorn running on \u001b[1m%s://%s:%d\u001b[0m (Press CTRL+C to quit)"}
{"asctime": "2024-12-19T06:30:42", "msecs": 615.0, "levelname": "INFO", "correlation_id": "-", "name": "uvicorn.error", "lineno": 258, "message": "Shutting down"}
{"asctime": "2024-12-19T06:30:42", "msecs": 737.0, "levelname": "INFO", "correlation_id": "-", "name": "uvicorn.error", "lineno": 67, "message": "Waiting for application shutdown."}
{"asctime": "2024-12-19T06:30:42", "msecs": 740.0, "levelname": "INFO", "correlation_id": "-", "name": "uvicorn.error", "lineno": 76, "message": "Application shutdown complete."}
{"asctime": "2024-12-19T06:30:42", "msecs": 742.0, "levelname": "INFO", "correlation_id": "-", "name": "uvicorn.error", "lineno": 92, "message": "Finished server process [7088]", "color_message": "Finished server process [\u001b[36m%d\u001b[0m]"}
{"asctime": "2024-12-19T06:34:59", "msecs": 628.0, "levelname": "INFO", "correlation_id": "-", "name": "integration.main", "lineno": 40, "message": "Hello World"}
{"asctime": "2024-12-19T06:34:59", "msecs": 631.0, "levelname": "INFO", "correlation_id": "-", "name": "integration.main", "lineno": 26, "message": "Start time --> 2024-12-19 06:34:49.631880"}
{"asctime": "2024-12-19T06:34:59", "msecs": 633.0, "levelname": "INFO", "correlation_id": "-", "name": "integration.handlers.get_events_handler", "lineno": 20, "message": "getting events starting from 2024-12-19 06:34:49.631880"}
{"asctime": "2024-12-19T06:34:59", "msecs": 636.0, "levelname": "DEBUG", "correlation_id": "-", "name": "integration.services.get_events_service", "lineno": 26, "message": "Fetching events with parameters: {'start_at': datetime.datetime(2024, 12, 19, 6, 34, 49, 631880)}"}
{"asctime": "2024-12-19T06:35:01", "msecs": 657.0, "levelname": "DEBUG", "correlation_id": "-", "name": "integration.services.get_events_service", "lineno": 30, "message": "Response received: Status code 200, Headers: {'date': 'Thu, 19 Dec 2024 06:35:01 GMT', 'server': 'uvicorn', 'content-length': '1596', 'content-type': 'application/json'}"}
{"asctime": "2024-12-19T06:35:01", "msecs": 657.0, "levelname": "INFO", "correlation_id": "-", "name": "integration.services.get_events_service", "lineno": 41, "message": "Events fetched successfully: 13 events found starting at 2024-12-19 06:34:49.631880."}
{"asctime": "2024-12-19T06:35:01", "msecs": 657.0, "levelname": "INFO", "correlation_id": "-", "name": "integration.handlers.all_events_handler", "lineno": 31, "message": "Starting to process events"}
{"asctime": "2024-12-19T06:35:01", "msecs": 672.0, "levelname": "INFO", "correlation_id": "-", "name": "integration.handlers.start_event_handler", "lineno": 9, "message": "Starting to handle start event"}
{"asctime": "2024-12-19T06:35:01", "msecs": 672.0, "levelname": "INFO", "correlation_id": "-", "name": "integration.services.event_preprocessing_service", "lineno": 17, "message": "Starting event preprocessing"}
{"asctime": "2024-12-19T06:35:01", "msecs": 680.0, "levelname": "DEBUG", "correlation_id": "-", "name": "integration.services.event_preprocessing_service", "lineno": 18, "message": "event --> {'conversation_id': 18, 'event_name': 'START', 'event_at': 1734590101, 'data': None}"}
{"asctime": "2024-12-19T06:35:01", "msecs": 683.0, "levelname": "INFO", "correlation_id": "-", "name": "integration.services.get_conversation_details_service", "lineno": 26, "message": "Fetching conversation details for conversation_id: 18"}
{"asctime": "2024-12-19T06:35:03", "msecs": 718.0, "levelname": "INFO", "correlation_id": "-", "name": "integration.services.get_conversation_details_service", "lineno": 50, "message": "Conversation details fetched successfully."}
{"asctime": "2024-12-19T06:35:03", "msecs": 721.0, "levelname": "INFO", "correlation_id": "-", "name": "integration.services.get_advisor_service", "lineno": 26, "message": "Fetching advisor details for advisor_id: 4"}
{"asctime": "2024-12-19T06:35:05", "msecs": 755.0, "levelname": "INFO", "correlation_id": "-", "name": "integration.services.get_advisor_service", "lineno": 44, "message": "Advisor details fetched successfully."}
{"asctime": "2024-12-19T06:35:05", "msecs": 755.0, "levelname": "INFO", "correlation_id": "-", "name": "integration.services.is_agent_exist_service", "lineno": 27, "message": "Checking if agent exists for email: charlie_hall@company.com"}
{"asctime": "2024-12-19T06:35:07", "msecs": 788.0, "levelname": "INFO", "correlation_id": "-", "name": "integration.services.is_agent_exist_service", "lineno": 42, "message": "No agents found for email: charlie_hall@company.com."}
{"asctime": "2024-12-19T06:35:07", "msecs": 788.0, "levelname": "INFO", "correlation_id": "-", "name": "integration.services.event_preprocessing_service", "lineno": 42, "message": "No agent found, creating a new one"}
{"asctime": "2024-12-19T06:35:07", "msecs": 803.0, "levelname": "INFO", "correlation_id": "-", "name": "integration.services.create_agent_service", "lineno": 37, "message": "Creating agent with payload: {'email': 'charlie_hall@company.com', 'name': 'Ian Cameron'}"}
{"asctime": "2024-12-19T06:35:09", "msecs": 831.0, "levelname": "INFO", "correlation_id": "-", "name": "integration.services.create_agent_service", "lineno": 51, "message": "Agent created successfully: {'name': 'Ian Cameron', 'email': 'charlie_hall@company.com', 'agent_id': 'fcf11b2f-d5a6-432e-8d56-4ca9ea487e61'}"}
{"asctime": "2024-12-19T06:35:09", "msecs": 831.0, "levelname": "INFO", "correlation_id": "-", "name": "integration.services.event_preprocessing_service", "lineno": 47, "message": "New agent created successfully"}
{"asctime": "2024-12-19T06:35:09", "msecs": 831.0, "levelname": "INFO", "correlation_id": "-", "name": "integration.services.start_event_service", "lineno": 41, "message": "Starting event with payload: {'agent_id': 'fcf11b2f-d5a6-432e-8d56-4ca9ea487e61', 'started_at': '2024-12-19T06:35:01.000000', 'external_id': 18}"}
{"asctime": "2024-12-19T06:35:11", "msecs": 877.0, "levelname": "ERROR", "correlation_id": "-", "name": "integration.services.start_event_service", "lineno": 33, "message": "Unhandled status code: 422. Parameters: None"}
{"asctime": "2024-12-19T06:35:11", "msecs": 877.0, "levelname": "ERROR", "correlation_id": "-", "name": "integration.services.event_preprocessing_service", "lineno": 72, "message": "Failed to process the event"}
{"asctime": "2024-12-19T06:35:11", "msecs": 877.0, "levelname": "ERROR", "correlation_id": "-", "name": "integration.handlers.start_event_handler", "lineno": 16, "message": "Start event preprocessing failed"}
{"asctime": "2024-12-19T06:35:11", "msecs": 892.0, "levelname": "INFO", "correlation_id": "-", "name": "uvicorn.error", "lineno": 62, "message": "Application startup complete."}
{"asctime": "2024-12-19T06:35:11", "msecs": 892.0, "levelname": "INFO", "correlation_id": "-", "name": "uvicorn.error", "lineno": 214, "message": "Uvicorn running on http://127.0.0.1:8000 (Press CTRL+C to quit)", "color_message": "Uvicorn running on \u001b[1m%s://%s:%d\u001b[0m (Press CTRL+C to quit)"}
{"asctime": "2024-12-19T06:35:28", "msecs": 139.0, "levelname": "INFO", "correlation_id": "-", "name": "uvicorn.error", "lineno": 258, "message": "Shutting down"}
{"asctime": "2024-12-19T06:35:28", "msecs": 266.0, "levelname": "INFO", "correlation_id": "-", "name": "uvicorn.error", "lineno": 67, "message": "Waiting for application shutdown."}
{"asctime": "2024-12-19T06:35:28", "msecs": 268.0, "levelname": "INFO", "correlation_id": "-", "name": "uvicorn.error", "lineno": 76, "message": "Application shutdown complete."}
{"asctime": "2024-12-19T06:35:28", "msecs": 268.0, "levelname": "INFO", "correlation_id": "-", "name": "uvicorn.error", "lineno": 92, "message": "Finished server process [13380]", "color_message": "Finished server process [\u001b[36m%d\u001b[0m]"}
{"asctime": "2024-12-19T06:42:47", "msecs": 923.0, "levelname": "INFO", "correlation_id": "-", "name": "integration.main", "lineno": 40, "message": "Hello World"}
{"asctime": "2024-12-19T06:42:47", "msecs": 923.0, "levelname": "INFO", "correlation_id": "-", "name": "integration.main", "lineno": 26, "message": "Start time --> 2024-12-19 06:42:37.923649"}
{"asctime": "2024-12-19T06:42:47", "msecs": 923.0, "levelname": "INFO", "correlation_id": "-", "name": "integration.handlers.get_events_handler", "lineno": 20, "message": "getting events starting from 2024-12-19 06:42:37.923649"}
{"asctime": "2024-12-19T06:42:47", "msecs": 939.0, "levelname": "DEBUG", "correlation_id": "-", "name": "integration.services.get_events_service", "lineno": 26, "message": "Fetching events with parameters: {'start_at': datetime.datetime(2024, 12, 19, 6, 42, 37, 923649)}"}
{"asctime": "2024-12-19T06:42:49", "msecs": 967.0, "levelname": "DEBUG", "correlation_id": "-", "name": "integration.services.get_events_service", "lineno": 30, "message": "Response received: Status code 200, Headers: {'date': 'Thu, 19 Dec 2024 06:42:49 GMT', 'server': 'uvicorn', 'content-length': '1726', 'content-type': 'application/json'}"}
{"asctime": "2024-12-19T06:42:49", "msecs": 967.0, "levelname": "INFO", "correlation_id": "-", "name": "integration.services.get_events_service", "lineno": 41, "message": "Events fetched successfully: 14 events found starting at 2024-12-19 06:42:37.923649."}
{"asctime": "2024-12-19T06:42:49", "msecs": 967.0, "levelname": "INFO", "correlation_id": "-", "name": "integration.handlers.all_events_handler", "lineno": 31, "message": "Starting to process events"}
{"asctime": "2024-12-19T06:42:49", "msecs": 982.0, "levelname": "INFO", "correlation_id": "-", "name": "integration.handlers.start_event_handler", "lineno": 9, "message": "Starting to handle start event"}
{"asctime": "2024-12-19T06:42:49", "msecs": 984.0, "levelname": "INFO", "correlation_id": "-", "name": "integration.services.event_preprocessing_service", "lineno": 17, "message": "Starting event preprocessing"}
{"asctime": "2024-12-19T06:42:49", "msecs": 988.0, "levelname": "DEBUG", "correlation_id": "-", "name": "integration.services.event_preprocessing_service", "lineno": 18, "message": "event --> {'conversation_id': 19, 'event_name': 'START', 'event_at': 1734590569, 'data': None}"}
{"asctime": "2024-12-19T06:42:49", "msecs": 990.0, "levelname": "INFO", "correlation_id": "-", "name": "integration.services.get_conversation_details_service", "lineno": 26, "message": "Fetching conversation details for conversation_id: 19"}
{"asctime": "2024-12-19T06:42:52", "msecs": 17.0, "levelname": "INFO", "correlation_id": "-", "name": "integration.services.get_conversation_details_service", "lineno": 50, "message": "Conversation details fetched successfully."}
{"asctime": "2024-12-19T06:42:52", "msecs": 17.0, "levelname": "INFO", "correlation_id": "-", "name": "integration.services.get_advisor_service", "lineno": 26, "message": "Fetching advisor details for advisor_id: 8"}
{"asctime": "2024-12-19T06:42:54", "msecs": 42.0, "levelname": "INFO", "correlation_id": "-", "name": "integration.services.get_advisor_service", "lineno": 44, "message": "Advisor details fetched successfully."}
{"asctime": "2024-12-19T06:42:54", "msecs": 42.0, "levelname": "INFO", "correlation_id": "-", "name": "integration.services.is_agent_exist_service", "lineno": 27, "message": "Checking if agent exists for email: ronald_chamberlain-thomas@company.com"}
{"asctime": "2024-12-19T06:42:56", "msecs": 70.0, "levelname": "INFO", "correlation_id": "-", "name": "integration.services.is_agent_exist_service", "lineno": 42, "message": "No agents found for email: ronald_chamberlain-thomas@company.com."}
{"asctime": "2024-12-19T06:42:56", "msecs": 70.0, "levelname": "INFO", "correlation_id": "-", "name": "integration.services.event_preprocessing_service", "lineno": 42, "message": "No agent found, creating a new one"}
{"asctime": "2024-12-19T06:42:56", "msecs": 70.0, "levelname": "INFO", "correlation_id": "-", "name": "integration.services.create_agent_service", "lineno": 37, "message": "Creating agent with payload: {'email': 'ronald_chamberlain-thomas@company.com', 'name': 'Jodie Davis-Walker'}"}
{"asctime": "2024-12-19T06:42:58", "msecs": 113.0, "levelname": "INFO", "correlation_id": "-", "name": "integration.services.create_agent_service", "lineno": 51, "message": "Agent created successfully: {'name': 'Jodie Davis-Walker', 'email': 'ronald_chamberlain-thomas@company.com', 'agent_id': 'd88825f0-f6e4-45f6-80e4-1c4c428681a1'}"}
{"asctime": "2024-12-19T06:42:58", "msecs": 113.0, "levelname": "INFO", "correlation_id": "-", "name": "integration.services.event_preprocessing_service", "lineno": 47, "message": "New agent created successfully"}
{"asctime": "2024-12-19T06:42:58", "msecs": 113.0, "levelname": "INFO", "correlation_id": "-", "name": "integration.services.start_event_service", "lineno": 41, "message": "Starting event with payload: {'agent_id': 'd88825f0-f6e4-45f6-80e4-1c4c428681a1', 'started_at': '2024-12-19T06:42:49.000000', 'external_id': 19}"}
{"asctime": "2024-12-19T06:43:00", "msecs": 160.0, "levelname": "ERROR", "correlation_id": "-", "name": "integration.services.start_event_service", "lineno": 33, "message": "Unhandled status code: 422. Parameters: None"}
{"asctime": "2024-12-19T06:43:00", "msecs": 160.0, "levelname": "ERROR", "correlation_id": "-", "name": "integration.services.event_preprocessing_service", "lineno": 72, "message": "Failed to process the event"}
{"asctime": "2024-12-19T06:43:00", "msecs": 160.0, "levelname": "ERROR", "correlation_id": "-", "name": "integration.handlers.start_event_handler", "lineno": 16, "message": "Start event preprocessing failed"}
{"asctime": "2024-12-19T06:43:00", "msecs": 160.0, "levelname": "INFO", "correlation_id": "-", "name": "uvicorn.error", "lineno": 62, "message": "Application startup complete."}
{"asctime": "2024-12-19T06:43:00", "msecs": 176.0, "levelname": "INFO", "correlation_id": "-", "name": "uvicorn.error", "lineno": 214, "message": "Uvicorn running on http://127.0.0.1:8000 (Press CTRL+C to quit)", "color_message": "Uvicorn running on \u001b[1m%s://%s:%d\u001b[0m (Press CTRL+C to quit)"}
{"asctime": "2024-12-19T06:43:12", "msecs": 135.0, "levelname": "INFO", "correlation_id": "-", "name": "uvicorn.error", "lineno": 258, "message": "Shutting down"}
{"asctime": "2024-12-19T06:43:12", "msecs": 256.0, "levelname": "INFO", "correlation_id": "-", "name": "uvicorn.error", "lineno": 67, "message": "Waiting for application shutdown."}
{"asctime": "2024-12-19T06:43:12", "msecs": 256.0, "levelname": "INFO", "correlation_id": "-", "name": "uvicorn.error", "lineno": 76, "message": "Application shutdown complete."}
{"asctime": "2024-12-19T06:43:12", "msecs": 256.0, "levelname": "INFO", "correlation_id": "-", "name": "uvicorn.error", "lineno": 92, "message": "Finished server process [23812]", "color_message": "Finished server process [\u001b[36m%d\u001b[0m]"}
{"asctime": "2024-12-19T06:44:33", "msecs": 778.0, "levelname": "INFO", "correlation_id": "-", "name": "integration.main", "lineno": 40, "message": "Hello World"}
{"asctime": "2024-12-19T06:44:33", "msecs": 778.0, "levelname": "INFO", "correlation_id": "-", "name": "integration.main", "lineno": 26, "message": "Start time --> 2024-12-19 06:44:23.778835"}
{"asctime": "2024-12-19T06:44:33", "msecs": 778.0, "levelname": "INFO", "correlation_id": "-", "name": "integration.handlers.get_events_handler", "lineno": 20, "message": "getting events starting from 2024-12-19 06:44:23.778835"}
{"asctime": "2024-12-19T06:44:33", "msecs": 778.0, "levelname": "DEBUG", "correlation_id": "-", "name": "integration.services.get_events_service", "lineno": 26, "message": "Fetching events with parameters: {'start_at': datetime.datetime(2024, 12, 19, 6, 44, 23, 778835)}"}
{"asctime": "2024-12-19T06:44:35", "msecs": 834.0, "levelname": "DEBUG", "correlation_id": "-", "name": "integration.services.get_events_service", "lineno": 30, "message": "Response received: Status code 200, Headers: {'date': 'Thu, 19 Dec 2024 06:44:35 GMT', 'server': 'uvicorn', 'content-length': '183', 'content-type': 'application/json'}"}
{"asctime": "2024-12-19T06:44:35", "msecs": 834.0, "levelname": "INFO", "correlation_id": "-", "name": "integration.services.get_events_service", "lineno": 41, "message": "Events fetched successfully: 2 events found starting at 2024-12-19 06:44:23.778835."}
{"asctime": "2024-12-19T06:44:35", "msecs": 834.0, "levelname": "INFO", "correlation_id": "-", "name": "integration.handlers.all_events_handler", "lineno": 31, "message": "Starting to process events"}
{"asctime": "2024-12-19T06:44:35", "msecs": 850.0, "levelname": "INFO", "correlation_id": "-", "name": "integration.handlers.start_event_handler", "lineno": 9, "message": "Starting to handle start event"}
{"asctime": "2024-12-19T06:44:35", "msecs": 854.0, "levelname": "INFO", "correlation_id": "-", "name": "integration.services.event_preprocessing_service", "lineno": 17, "message": "Starting event preprocessing"}
{"asctime": "2024-12-19T06:44:35", "msecs": 857.0, "levelname": "DEBUG", "correlation_id": "-", "name": "integration.services.event_preprocessing_service", "lineno": 18, "message": "event --> {'conversation_id': 2, 'event_name': 'START', 'event_at': 1734590675, 'data': None}"}
{"asctime": "2024-12-19T06:44:35", "msecs": 857.0, "levelname": "INFO", "correlation_id": "-", "name": "integration.services.get_conversation_details_service", "lineno": 26, "message": "Fetching conversation details for conversation_id: 2"}
{"asctime": "2024-12-19T06:44:37", "msecs": 889.0, "levelname": "INFO", "correlation_id": "-", "name": "integration.services.get_conversation_details_service", "lineno": 50, "message": "Conversation details fetched successfully."}
{"asctime": "2024-12-19T06:44:37", "msecs": 889.0, "levelname": "INFO", "correlation_id": "-", "name": "integration.services.get_advisor_service", "lineno": 26, "message": "Fetching advisor details for advisor_id: 1"}
{"asctime": "2024-12-19T06:44:39", "msecs": 920.0, "levelname": "INFO", "correlation_id": "-", "name": "integration.services.get_advisor_service", "lineno": 44, "message": "Advisor details fetched successfully."}
{"asctime": "2024-12-19T06:44:39", "msecs": 920.0, "levelname": "INFO", "correlation_id": "-", "name": "integration.services.is_agent_exist_service", "lineno": 27, "message": "Checking if agent exists for email: miss_leah_dean@company.com"}
{"asctime": "2024-12-19T06:44:41", "msecs": 958.0, "levelname": "INFO", "correlation_id": "-", "name": "integration.services.is_agent_exist_service", "lineno": 42, "message": "No agents found for email: miss_leah_dean@company.com."}
{"asctime": "2024-12-19T06:44:41", "msecs": 958.0, "levelname": "INFO", "correlation_id": "-", "name": "integration.services.event_preprocessing_service", "lineno": 42, "message": "No agent found, creating a new one"}
{"asctime": "2024-12-19T06:44:41", "msecs": 958.0, "levelname": "INFO", "correlation_id": "-", "name": "integration.services.create_agent_service", "lineno": 37, "message": "Creating agent with payload: {'email': 'miss_leah_dean@company.com', 'name': 'Danielle Perry-Jennings'}"}
{"asctime": "2024-12-19T06:44:43", "msecs": 996.0, "levelname": "INFO", "correlation_id": "-", "name": "integration.services.create_agent_service", "lineno": 51, "message": "Agent created successfully: {'name': 'Danielle Perry-Jennings', 'email': 'miss_leah_dean@company.com', 'agent_id': '34c94f53-0d81-4888-ae9c-9aa2eb661810'}"}
{"asctime": "2024-12-19T06:44:43", "msecs": 996.0, "levelname": "INFO", "correlation_id": "-", "name": "integration.services.event_preprocessing_service", "lineno": 47, "message": "New agent created successfully"}
{"asctime": "2024-12-19T06:44:43", "msecs": 996.0, "levelname": "INFO", "correlation_id": "-", "name": "integration.services.start_event_service", "lineno": 40, "message": "Starting event with payload: {'agent_id': '34c94f53-0d81-4888-ae9c-9aa2eb661810', 'started_at': '2024-12-19T06:44:35.000000', 'external_id': 2}"}
{"asctime": "2024-12-19T06:44:46", "msecs": 31.0, "levelname": "ERROR", "correlation_id": "-", "name": "integration.services.start_event_service", "lineno": 33, "message": "Unhandled status code: 422. Parameters: None"}
{"asctime": "2024-12-19T06:44:46", "msecs": 31.0, "levelname": "ERROR", "correlation_id": "-", "name": "integration.services.event_preprocessing_service", "lineno": 72, "message": "Failed to process the event"}
{"asctime": "2024-12-19T06:44:46", "msecs": 31.0, "levelname": "ERROR", "correlation_id": "-", "name": "integration.handlers.start_event_handler", "lineno": 16, "message": "Start event preprocessing failed"}
{"asctime": "2024-12-19T06:44:46", "msecs": 39.0, "levelname": "INFO", "correlation_id": "-", "name": "uvicorn.error", "lineno": 62, "message": "Application startup complete."}
{"asctime": "2024-12-19T06:44:46", "msecs": 43.0, "levelname": "INFO", "correlation_id": "-", "name": "uvicorn.error", "lineno": 214, "message": "Uvicorn running on http://127.0.0.1:8000 (Press CTRL+C to quit)", "color_message": "Uvicorn running on \u001b[1m%s://%s:%d\u001b[0m (Press CTRL+C to quit)"}
{"asctime": "2024-12-19T06:44:56", "msecs": 148.0, "levelname": "INFO", "correlation_id": "-", "name": "uvicorn.error", "lineno": 258, "message": "Shutting down"}
{"asctime": "2024-12-19T06:44:56", "msecs": 256.0, "levelname": "INFO", "correlation_id": "-", "name": "uvicorn.error", "lineno": 67, "message": "Waiting for application shutdown."}
{"asctime": "2024-12-19T06:44:56", "msecs": 257.0, "levelname": "INFO", "correlation_id": "-", "name": "uvicorn.error", "lineno": 76, "message": "Application shutdown complete."}
{"asctime": "2024-12-19T06:44:56", "msecs": 257.0, "levelname": "INFO", "correlation_id": "-", "name": "uvicorn.error", "lineno": 92, "message": "Finished server process [25408]", "color_message": "Finished server process [\u001b[36m%d\u001b[0m]"}
{"asctime": "2024-12-19T06:46:51", "msecs": 709.0, "levelname": "INFO", "correlation_id": "-", "name": "integration.main", "lineno": 40, "message": "Hello World"}
{"asctime": "2024-12-19T06:46:51", "msecs": 713.0, "levelname": "INFO", "correlation_id": "-", "name": "integration.main", "lineno": 26, "message": "Start time --> 2024-12-19 06:46:41.713967"}
{"asctime": "2024-12-19T06:46:51", "msecs": 715.0, "levelname": "INFO", "correlation_id": "-", "name": "integration.handlers.get_events_handler", "lineno": 20, "message": "getting events starting from 2024-12-19 06:46:41.713967"}
{"asctime": "2024-12-19T06:46:51", "msecs": 717.0, "levelname": "DEBUG", "correlation_id": "-", "name": "integration.services.get_events_service", "lineno": 26, "message": "Fetching events with parameters: {'start_at': datetime.datetime(2024, 12, 19, 6, 46, 41, 713967)}"}
{"asctime": "2024-12-19T06:46:53", "msecs": 757.0, "levelname": "DEBUG", "correlation_id": "-", "name": "integration.services.get_events_service", "lineno": 30, "message": "Response received: Status code 200, Headers: {'date': 'Thu, 19 Dec 2024 06:46:53 GMT', 'server': 'uvicorn', 'content-length': '428', 'content-type': 'application/json'}"}
{"asctime": "2024-12-19T06:46:53", "msecs": 757.0, "levelname": "INFO", "correlation_id": "-", "name": "integration.services.get_events_service", "lineno": 41, "message": "Events fetched successfully: 3 events found starting at 2024-12-19 06:46:41.713967."}
{"asctime": "2024-12-19T06:46:53", "msecs": 757.0, "levelname": "INFO", "correlation_id": "-", "name": "integration.handlers.all_events_handler", "lineno": 31, "message": "Starting to process events"}
{"asctime": "2024-12-19T06:46:53", "msecs": 772.0, "levelname": "INFO", "correlation_id": "-", "name": "integration.handlers.start_event_handler", "lineno": 9, "message": "Starting to handle start event"}
{"asctime": "2024-12-19T06:46:53", "msecs": 774.0, "levelname": "INFO", "correlation_id": "-", "name": "integration.services.event_preprocessing_service", "lineno": 17, "message": "Starting event preprocessing"}
{"asctime": "2024-12-19T06:46:53", "msecs": 777.0, "levelname": "DEBUG", "correlation_id": "-", "name": "integration.services.event_preprocessing_service", "lineno": 18, "message": "event --> {'conversation_id': 3, 'event_name': 'START', 'event_at': 1734590813, 'data': None}"}
{"asctime": "2024-12-19T06:46:53", "msecs": 781.0, "levelname": "INFO", "correlation_id": "-", "name": "integration.services.get_conversation_details_service", "lineno": 26, "message": "Fetching conversation details for conversation_id: 3"}
{"asctime": "2024-12-19T06:46:55", "msecs": 821.0, "levelname": "INFO", "correlation_id": "-", "name": "integration.services.get_conversation_details_service", "lineno": 50, "message": "Conversation details fetched successfully."}
{"asctime": "2024-12-19T06:46:55", "msecs": 821.0, "levelname": "INFO", "correlation_id": "-", "name": "integration.services.get_advisor_service", "lineno": 26, "message": "Fetching advisor details for advisor_id: 7"}
{"asctime": "2024-12-19T06:46:57", "msecs": 865.0, "levelname": "INFO", "correlation_id": "-", "name": "integration.services.get_advisor_service", "lineno": 44, "message": "Advisor details fetched successfully."}
{"asctime": "2024-12-19T06:46:57", "msecs": 868.0, "levelname": "INFO", "correlation_id": "-", "name": "integration.services.is_agent_exist_service", "lineno": 27, "message": "Checking if agent exists for email: nigel_short@company.com"}
{"asctime": "2024-12-19T06:46:59", "msecs": 902.0, "levelname": "INFO", "correlation_id": "-", "name": "integration.services.is_agent_exist_service", "lineno": 42, "message": "No agents found for email: nigel_short@company.com."}
{"asctime": "2024-12-19T06:46:59", "msecs": 908.0, "levelname": "INFO", "correlation_id": "-", "name": "integration.services.event_preprocessing_service", "lineno": 42, "message": "No agent found, creating a new one"}
{"asctime": "2024-12-19T06:46:59", "msecs": 908.0, "levelname": "INFO", "correlation_id": "-", "name": "integration.services.create_agent_service", "lineno": 37, "message": "Creating agent with payload: {'email': 'nigel_short@company.com', 'name': 'Roger Hall'}"}
{"asctime": "2024-12-19T06:47:01", "msecs": 932.0, "levelname": "INFO", "correlation_id": "-", "name": "integration.services.create_agent_service", "lineno": 51, "message": "Agent created successfully: {'name': 'Roger Hall', 'email': 'nigel_short@company.com', 'agent_id': '01f7aa6d-8ff6-456a-b5cf-e731a0e20b0d'}"}
{"asctime": "2024-12-19T06:47:01", "msecs": 932.0, "levelname": "INFO", "correlation_id": "-", "name": "integration.services.event_preprocessing_service", "lineno": 47, "message": "New agent created successfully"}
{"asctime": "2024-12-19T06:47:01", "msecs": 932.0, "levelname": "DEBUG", "correlation_id": "-", "name": "integration.services.start_event_service", "lineno": 40, "message": "Starting event with payload: {'agent_id': '01f7aa6d-8ff6-456a-b5cf-e731a0e20b0d', 'started_at': '2024-12-19T06:46:53.000000', 'external_id': '3'}"}
{"asctime": "2024-12-19T06:47:03", "msecs": 964.0, "levelname": "INFO", "correlation_id": "-", "name": "integration.services.start_event_service", "lineno": 58, "message": "Event started successfully: {'agent_id': '01f7aa6d-8ff6-456a-b5cf-e731a0e20b0d', 'started_at': '2024-12-19T06:46:53', 'ended_at': None, 'external_id': '3', 'chat_id': '657f76e7-f5b6-4ac7-a84a-ad6fe37098bb'}"}
{"asctime": "2024-12-19T06:47:03", "msecs": 967.0, "levelname": "INFO", "correlation_id": "-", "name": "integration.services.event_preprocessing_service", "lineno": 75, "message": "Event processed successfully"}
{"asctime": "2024-12-19T06:47:03", "msecs": 969.0, "levelname": "INFO", "correlation_id": "-", "name": "integration.handlers.start_event_handler", "lineno": 19, "message": "Event preprocessing completed successfully"}
{"asctime": "2024-12-19T06:47:04", "msecs": 53.0, "levelname": "INFO", "correlation_id": "-", "name": "integration.handlers.start_event_handler", "lineno": 33, "message": "Start event handled successfully, event saved in database"}
{"asctime": "2024-12-19T06:47:04", "msecs": 56.0, "levelname": "INFO", "correlation_id": "-", "name": "uvicorn.error", "lineno": 62, "message": "Application startup complete."}
{"asctime": "2024-12-19T06:47:04", "msecs": 58.0, "levelname": "INFO", "correlation_id": "-", "name": "uvicorn.error", "lineno": 214, "message": "Uvicorn running on http://127.0.0.1:8000 (Press CTRL+C to quit)", "color_message": "Uvicorn running on \u001b[1m%s://%s:%d\u001b[0m (Press CTRL+C to quit)"}
{"asctime": "2024-12-19T06:47:22", "msecs": 708.0, "levelname": "INFO", "correlation_id": "-", "name": "uvicorn.error", "lineno": 258, "message": "Shutting down"}
{"asctime": "2024-12-19T06:47:22", "msecs": 814.0, "levelname": "INFO", "correlation_id": "-", "name": "uvicorn.error", "lineno": 67, "message": "Waiting for application shutdown."}
{"asctime": "2024-12-19T06:47:22", "msecs": 815.0, "levelname": "INFO", "correlation_id": "-", "name": "uvicorn.error", "lineno": 76, "message": "Application shutdown complete."}
{"asctime": "2024-12-19T06:47:22", "msecs": 815.0, "levelname": "INFO", "correlation_id": "-", "name": "uvicorn.error", "lineno": 92, "message": "Finished server process [12200]", "color_message": "Finished server process [\u001b[36m%d\u001b[0m]"}
{"asctime": "2024-12-19T13:44:11", "msecs": 268.0, "levelname": "INFO", "correlation_id": "-", "name": "integration.main", "lineno": 40, "message": "Hello World"}
{"asctime": "2024-12-19T13:44:11", "msecs": 272.0, "levelname": "INFO", "correlation_id": "-", "name": "integration.main", "lineno": 26, "message": "Start time --> 2024-12-19 13:44:01.272307"}
{"asctime": "2024-12-19T13:44:11", "msecs": 275.0, "levelname": "INFO", "correlation_id": "-", "name": "integration.handlers.get_events_handler", "lineno": 20, "message": "getting events starting from 2024-12-19 13:44:01.272307"}
{"asctime": "2024-12-19T13:44:11", "msecs": 278.0, "levelname": "DEBUG", "correlation_id": "-", "name": "integration.services.get_events_service", "lineno": 26, "message": "Fetching events with parameters: {'start_at': datetime.datetime(2024, 12, 19, 13, 44, 1, 272307)}"}
{"asctime": "2024-12-19T13:44:13", "msecs": 306.0, "levelname": "DEBUG", "correlation_id": "-", "name": "integration.services.get_events_service", "lineno": 30, "message": "Response received: Status code 200, Headers: {'date': 'Thu, 19 Dec 2024 13:44:12 GMT', 'server': 'uvicorn', 'content-length': '228', 'content-type': 'application/json'}"}
{"asctime": "2024-12-19T13:44:13", "msecs": 306.0, "levelname": "INFO", "correlation_id": "-", "name": "integration.services.get_events_service", "lineno": 41, "message": "Events fetched successfully: 2 events found starting at 2024-12-19 13:44:01.272307."}
{"asctime": "2024-12-19T13:44:13", "msecs": 306.0, "levelname": "INFO", "correlation_id": "-", "name": "uvicorn.error", "lineno": 62, "message": "Application startup complete."}
{"asctime": "2024-12-19T13:44:13", "msecs": 320.0, "levelname": "INFO", "correlation_id": "-", "name": "uvicorn.error", "lineno": 214, "message": "Uvicorn running on http://127.0.0.1:8000 (Press CTRL+C to quit)", "color_message": "Uvicorn running on \u001b[1m%s://%s:%d\u001b[0m (Press CTRL+C to quit)"}
{"asctime": "2024-12-19T13:44:33", "msecs": 309.0, "levelname": "INFO", "correlation_id": "-", "name": "integration.main", "lineno": 26, "message": "Start time --> 2024-12-19 13:44:23.309501"}
{"asctime": "2024-12-19T13:44:33", "msecs": 309.0, "levelname": "INFO", "correlation_id": "-", "name": "integration.handlers.get_events_handler", "lineno": 20, "message": "getting events starting from 2024-12-19 13:44:23.309501"}
{"asctime": "2024-12-19T13:44:33", "msecs": 309.0, "levelname": "DEBUG", "correlation_id": "-", "name": "integration.services.get_events_service", "lineno": 26, "message": "Fetching events with parameters: {'start_at': datetime.datetime(2024, 12, 19, 13, 44, 23, 309501)}"}
{"asctime": "2024-12-19T13:44:35", "msecs": 356.0, "levelname": "DEBUG", "correlation_id": "-", "name": "integration.services.get_events_service", "lineno": 30, "message": "Response received: Status code 200, Headers: {'date': 'Thu, 19 Dec 2024 13:44:35 GMT', 'server': 'uvicorn', 'content-length': '146', 'content-type': 'application/json'}"}
{"asctime": "2024-12-19T13:44:35", "msecs": 356.0, "levelname": "INFO", "correlation_id": "-", "name": "integration.services.get_events_service", "lineno": 41, "message": "Events fetched successfully: 1 events found starting at 2024-12-19 13:44:23.309501."}
{"asctime": "2024-12-19T13:44:55", "msecs": 407.0, "levelname": "INFO", "correlation_id": "-", "name": "integration.main", "lineno": 26, "message": "Start time --> 2024-12-19 13:44:45.407447"}
{"asctime": "2024-12-19T13:44:55", "msecs": 407.0, "levelname": "INFO", "correlation_id": "-", "name": "integration.handlers.get_events_handler", "lineno": 20, "message": "getting events starting from 2024-12-19 13:44:45.407447"}
{"asctime": "2024-12-19T13:44:55", "msecs": 407.0, "levelname": "DEBUG", "correlation_id": "-", "name": "integration.services.get_events_service", "lineno": 26, "message": "Fetching events with parameters: {'start_at': datetime.datetime(2024, 12, 19, 13, 44, 45, 407447)}"}
{"asctime": "2024-12-19T13:44:57", "msecs": 466.0, "levelname": "DEBUG", "correlation_id": "-", "name": "integration.services.get_events_service", "lineno": 30, "message": "Response received: Status code 200, Headers: {'date': 'Thu, 19 Dec 2024 13:44:57 GMT', 'server': 'uvicorn', 'content-length': '32', 'content-type': 'application/json'}"}
{"asctime": "2024-12-19T13:44:57", "msecs": 466.0, "levelname": "INFO", "correlation_id": "-", "name": "integration.services.get_events_service", "lineno": 39, "message": "No events found starting at 2024-12-19 13:44:45.407447."}
{"asctime": "2024-12-19T13:45:17", "msecs": 493.0, "levelname": "INFO", "correlation_id": "-", "name": "integration.main", "lineno": 26, "message": "Start time --> 2024-12-19 13:45:07.493930"}
{"asctime": "2024-12-19T13:45:17", "msecs": 493.0, "levelname": "INFO", "correlation_id": "-", "name": "integration.handlers.get_events_handler", "lineno": 20, "message": "getting events starting from 2024-12-19 13:45:07.493930"}
{"asctime": "2024-12-19T13:45:17", "msecs": 493.0, "levelname": "DEBUG", "correlation_id": "-", "name": "integration.services.get_events_service", "lineno": 26, "message": "Fetching events with parameters: {'start_at': datetime.datetime(2024, 12, 19, 13, 45, 7, 493930)}"}
{"asctime": "2024-12-19T13:45:19", "msecs": 542.0, "levelname": "DEBUG", "correlation_id": "-", "name": "integration.services.get_events_service", "lineno": 30, "message": "Response received: Status code 200, Headers: {'date': 'Thu, 19 Dec 2024 13:45:18 GMT', 'server': 'uvicorn', 'content-length': '146', 'content-type': 'application/json'}"}
{"asctime": "2024-12-19T13:45:19", "msecs": 542.0, "levelname": "INFO", "correlation_id": "-", "name": "integration.services.get_events_service", "lineno": 41, "message": "Events fetched successfully: 1 events found starting at 2024-12-19 13:45:07.493930."}
{"asctime": "2024-12-19T13:45:39", "msecs": 550.0, "levelname": "INFO", "correlation_id": "-", "name": "integration.main", "lineno": 26, "message": "Start time --> 2024-12-19 13:45:29.550992"}
{"asctime": "2024-12-19T13:45:39", "msecs": 550.0, "levelname": "INFO", "correlation_id": "-", "name": "integration.handlers.get_events_handler", "lineno": 20, "message": "getting events starting from 2024-12-19 13:45:29.550992"}
{"asctime": "2024-12-19T13:45:39", "msecs": 550.0, "levelname": "DEBUG", "correlation_id": "-", "name": "integration.services.get_events_service", "lineno": 26, "message": "Fetching events with parameters: {'start_at': datetime.datetime(2024, 12, 19, 13, 45, 29, 550992)}"}
{"asctime": "2024-12-19T13:45:41", "msecs": 595.0, "levelname": "DEBUG", "correlation_id": "-", "name": "integration.services.get_events_service", "lineno": 30, "message": "Response received: Status code 200, Headers: {'date': 'Thu, 19 Dec 2024 13:45:40 GMT', 'server': 'uvicorn', 'content-length': '154', 'content-type': 'application/json'}"}
{"asctime": "2024-12-19T13:45:41", "msecs": 595.0, "levelname": "INFO", "correlation_id": "-", "name": "integration.services.get_events_service", "lineno": 41, "message": "Events fetched successfully: 1 events found starting at 2024-12-19 13:45:29.550992."}
{"asctime": "2024-12-19T13:46:01", "msecs": 607.0, "levelname": "INFO", "correlation_id": "-", "name": "integration.main", "lineno": 26, "message": "Start time --> 2024-12-19 13:45:51.607662"}
{"asctime": "2024-12-19T13:46:01", "msecs": 607.0, "levelname": "INFO", "correlation_id": "-", "name": "integration.handlers.get_events_handler", "lineno": 20, "message": "getting events starting from 2024-12-19 13:45:51.607662"}
{"asctime": "2024-12-19T13:46:01", "msecs": 607.0, "levelname": "DEBUG", "correlation_id": "-", "name": "integration.services.get_events_service", "lineno": 26, "message": "Fetching events with parameters: {'start_at': datetime.datetime(2024, 12, 19, 13, 45, 51, 607662)}"}
{"asctime": "2024-12-19T13:46:03", "msecs": 634.0, "levelname": "DEBUG", "correlation_id": "-", "name": "integration.services.get_events_service", "lineno": 30, "message": "Response received: Status code 200, Headers: {'date': 'Thu, 19 Dec 2024 13:46:03 GMT', 'server': 'uvicorn', 'content-length': '106', 'content-type': 'application/json'}"}
{"asctime": "2024-12-19T13:46:03", "msecs": 634.0, "levelname": "INFO", "correlation_id": "-", "name": "integration.services.get_events_service", "lineno": 41, "message": "Events fetched successfully: 1 events found starting at 2024-12-19 13:45:51.607662."}
{"asctime": "2024-12-19T13:46:23", "msecs": 654.0, "levelname": "INFO", "correlation_id": "-", "name": "integration.main", "lineno": 26, "message": "Start time --> 2024-12-19 13:46:13.654584"}
{"asctime": "2024-12-19T13:46:23", "msecs": 654.0, "levelname": "INFO", "correlation_id": "-", "name": "integration.handlers.get_events_handler", "lineno": 20, "message": "getting events starting from 2024-12-19 13:46:13.654584"}
{"asctime": "2024-12-19T13:46:23", "msecs": 654.0, "levelname": "DEBUG", "correlation_id": "-", "name": "integration.services.get_events_service", "lineno": 26, "message": "Fetching events with parameters: {'start_at': datetime.datetime(2024, 12, 19, 13, 46, 13, 654584)}"}
{"asctime": "2024-12-19T13:46:25", "msecs": 703.0, "levelname": "DEBUG", "correlation_id": "-", "name": "integration.services.get_events_service", "lineno": 30, "message": "Response received: Status code 200, Headers: {'date': 'Thu, 19 Dec 2024 13:46:24 GMT', 'server': 'uvicorn', 'content-length': '223', 'content-type': 'application/json'}"}
{"asctime": "2024-12-19T13:46:25", "msecs": 703.0, "levelname": "INFO", "correlation_id": "-", "name": "integration.services.get_events_service", "lineno": 41, "message": "Events fetched successfully: 2 events found starting at 2024-12-19 13:46:13.654584."}
{"asctime": "2024-12-19T13:46:45", "msecs": 715.0, "levelname": "INFO", "correlation_id": "-", "name": "integration.main", "lineno": 26, "message": "Start time --> 2024-12-19 13:46:35.715895"}
{"asctime": "2024-12-19T13:46:45", "msecs": 715.0, "levelname": "INFO", "correlation_id": "-", "name": "integration.handlers.get_events_handler", "lineno": 20, "message": "getting events starting from 2024-12-19 13:46:35.715895"}
{"asctime": "2024-12-19T13:46:45", "msecs": 715.0, "levelname": "DEBUG", "correlation_id": "-", "name": "integration.services.get_events_service", "lineno": 26, "message": "Fetching events with parameters: {'start_at': datetime.datetime(2024, 12, 19, 13, 46, 35, 715895)}"}
{"asctime": "2024-12-19T13:46:47", "msecs": 757.0, "levelname": "DEBUG", "correlation_id": "-", "name": "integration.services.get_events_service", "lineno": 30, "message": "Response received: Status code 200, Headers: {'date': 'Thu, 19 Dec 2024 13:46:47 GMT', 'server': 'uvicorn', 'content-length': '176', 'content-type': 'application/json'}"}
{"asctime": "2024-12-19T13:46:47", "msecs": 757.0, "levelname": "INFO", "correlation_id": "-", "name": "integration.services.get_events_service", "lineno": 41, "message": "Events fetched successfully: 1 events found starting at 2024-12-19 13:46:35.715895."}
{"asctime": "2024-12-19T13:47:07", "msecs": 769.0, "levelname": "INFO", "correlation_id": "-", "name": "integration.main", "lineno": 26, "message": "Start time --> 2024-12-19 13:46:57.769809"}
{"asctime": "2024-12-19T13:47:07", "msecs": 769.0, "levelname": "INFO", "correlation_id": "-", "name": "integration.handlers.get_events_handler", "lineno": 20, "message": "getting events starting from 2024-12-19 13:46:57.769809"}
{"asctime": "2024-12-19T13:47:07", "msecs": 769.0, "levelname": "DEBUG", "correlation_id": "-", "name": "integration.services.get_events_service", "lineno": 26, "message": "Fetching events with parameters: {'start_at': datetime.datetime(2024, 12, 19, 13, 46, 57, 769809)}"}
{"asctime": "2024-12-19T13:47:09", "msecs": 813.0, "levelname": "DEBUG", "correlation_id": "-", "name": "integration.services.get_events_service", "lineno": 30, "message": "Response received: Status code 200, Headers: {'date': 'Thu, 19 Dec 2024 13:47:09 GMT', 'server': 'uvicorn', 'content-length': '364', 'content-type': 'application/json'}"}
{"asctime": "2024-12-19T13:47:09", "msecs": 813.0, "levelname": "INFO", "correlation_id": "-", "name": "integration.services.get_events_service", "lineno": 41, "message": "Events fetched successfully: 3 events found starting at 2024-12-19 13:46:57.769809."}
{"asctime": "2024-12-19T13:47:29", "msecs": 825.0, "levelname": "INFO", "correlation_id": "-", "name": "integration.main", "lineno": 26, "message": "Start time --> 2024-12-19 13:47:19.825849"}
{"asctime": "2024-12-19T13:47:29", "msecs": 827.0, "levelname": "INFO", "correlation_id": "-", "name": "integration.handlers.get_events_handler", "lineno": 20, "message": "getting events starting from 2024-12-19 13:47:19.825849"}
{"asctime": "2024-12-19T13:47:29", "msecs": 830.0, "levelname": "DEBUG", "correlation_id": "-", "name": "integration.services.get_events_service", "lineno": 26, "message": "Fetching events with parameters: {'start_at': datetime.datetime(2024, 12, 19, 13, 47, 19, 825849)}"}
{"asctime": "2024-12-19T13:47:31", "msecs": 865.0, "levelname": "DEBUG", "correlation_id": "-", "name": "integration.services.get_events_service", "lineno": 30, "message": "Response received: Status code 200, Headers: {'date': 'Thu, 19 Dec 2024 13:47:30 GMT', 'server': 'uvicorn', 'content-length': '473', 'content-type': 'application/json'}"}
{"asctime": "2024-12-19T13:47:31", "msecs": 865.0, "levelname": "INFO", "correlation_id": "-", "name": "integration.services.get_events_service", "lineno": 41, "message": "Events fetched successfully: 4 events found starting at 2024-12-19 13:47:19.825849."}
{"asctime": "2024-12-19T13:47:37", "msecs": 864.0, "levelname": "INFO", "correlation_id": "-", "name": "uvicorn.error", "lineno": 258, "message": "Shutting down"}
{"asctime": "2024-12-19T13:47:37", "msecs": 982.0, "levelname": "INFO", "correlation_id": "-", "name": "uvicorn.error", "lineno": 67, "message": "Waiting for application shutdown."}
{"asctime": "2024-12-19T13:47:37", "msecs": 982.0, "levelname": "INFO", "correlation_id": "-", "name": "uvicorn.error", "lineno": 76, "message": "Application shutdown complete."}
{"asctime": "2024-12-19T13:47:37", "msecs": 982.0, "levelname": "INFO", "correlation_id": "-", "name": "uvicorn.error", "lineno": 92, "message": "Finished server process [23644]", "color_message": "Finished server process [\u001b[36m%d\u001b[0m]"}
{"asctime": "2024-12-19T13:53:20", "msecs": 51.0, "levelname": "INFO", "correlation_id": "-", "name": "integration.main", "lineno": 43, "message": "Hello World"}
{"asctime": "2024-12-19T13:53:20", "msecs": 51.0, "levelname": "INFO", "correlation_id": "-", "name": "integration.main", "lineno": 26, "message": "Start time --> 2024-12-19 13:53:10.051752"}
{"asctime": "2024-12-19T13:53:20", "msecs": 51.0, "levelname": "INFO", "correlation_id": "-", "name": "integration.handlers.get_events_handler", "lineno": 20, "message": "getting events starting from 2024-12-19 13:53:10.051752"}
{"asctime": "2024-12-19T13:53:20", "msecs": 67.0, "levelname": "DEBUG", "correlation_id": "-", "name": "integration.services.get_events_service", "lineno": 26, "message": "Fetching events with parameters: {'start_at': datetime.datetime(2024, 12, 19, 13, 53, 10, 51752)}"}
{"asctime": "2024-12-19T13:53:22", "msecs": 105.0, "levelname": "DEBUG", "correlation_id": "-", "name": "integration.services.get_events_service", "lineno": 30, "message": "Response received: Status code 200, Headers: {'date': 'Thu, 19 Dec 2024 13:53:21 GMT', 'server': 'uvicorn', 'content-length': '359', 'content-type': 'application/json'}"}
{"asctime": "2024-12-19T13:53:22", "msecs": 105.0, "levelname": "INFO", "correlation_id": "-", "name": "integration.services.get_events_service", "lineno": 41, "message": "Events fetched successfully: 3 events found starting at 2024-12-19 13:53:10.051752."}
{"asctime": "2024-12-19T13:53:22", "msecs": 105.0, "levelname": "INFO", "correlation_id": "-", "name": "uvicorn.error", "lineno": 62, "message": "Application startup complete."}
{"asctime": "2024-12-19T13:53:22", "msecs": 105.0, "levelname": "INFO", "correlation_id": "-", "name": "integration.handlers.all_events_handler", "lineno": 31, "message": "Starting to process events"}
{"asctime": "2024-12-19T13:53:22", "msecs": 105.0, "levelname": "INFO", "correlation_id": "-", "name": "uvicorn.error", "lineno": 214, "message": "Uvicorn running on http://127.0.0.1:8000 (Press CTRL+C to quit)", "color_message": "Uvicorn running on \u001b[1m%s://%s:%d\u001b[0m (Press CTRL+C to quit)"}
{"asctime": "2024-12-19T13:53:42", "msecs": 124.0, "levelname": "INFO", "correlation_id": "-", "name": "integration.main", "lineno": 26, "message": "Start time --> 2024-12-19 13:53:32.124702"}
{"asctime": "2024-12-19T13:53:42", "msecs": 125.0, "levelname": "INFO", "correlation_id": "-", "name": "integration.handlers.get_events_handler", "lineno": 20, "message": "getting events starting from 2024-12-19 13:53:32.124702"}
{"asctime": "2024-12-19T13:53:42", "msecs": 125.0, "levelname": "DEBUG", "correlation_id": "-", "name": "integration.services.get_events_service", "lineno": 26, "message": "Fetching events with parameters: {'start_at': datetime.datetime(2024, 12, 19, 13, 53, 32, 124702)}"}
{"asctime": "2024-12-19T13:53:44", "msecs": 174.0, "levelname": "DEBUG", "correlation_id": "-", "name": "integration.services.get_events_service", "lineno": 30, "message": "Response received: Status code 200, Headers: {'date': 'Thu, 19 Dec 2024 13:53:43 GMT', 'server': 'uvicorn', 'content-length': '438', 'content-type': 'application/json'}"}
{"asctime": "2024-12-19T13:53:44", "msecs": 178.0, "levelname": "INFO", "correlation_id": "-", "name": "integration.services.get_events_service", "lineno": 41, "message": "Events fetched successfully: 4 events found starting at 2024-12-19 13:53:32.124702."}
{"asctime": "2024-12-19T13:53:44", "msecs": 180.0, "levelname": "INFO", "correlation_id": "-", "name": "integration.handlers.all_events_handler", "lineno": 31, "message": "Starting to process events"}
{"asctime": "2024-12-19T13:54:04", "msecs": 184.0, "levelname": "INFO", "correlation_id": "-", "name": "integration.main", "lineno": 26, "message": "Start time --> 2024-12-19 13:53:54.184355"}
{"asctime": "2024-12-19T13:54:04", "msecs": 186.0, "levelname": "INFO", "correlation_id": "-", "name": "integration.handlers.get_events_handler", "lineno": 20, "message": "getting events starting from 2024-12-19 13:53:54.184355"}
{"asctime": "2024-12-19T13:54:04", "msecs": 187.0, "levelname": "DEBUG", "correlation_id": "-", "name": "integration.services.get_events_service", "lineno": 26, "message": "Fetching events with parameters: {'start_at': datetime.datetime(2024, 12, 19, 13, 53, 54, 184355)}"}
{"asctime": "2024-12-19T13:54:06", "msecs": 217.0, "levelname": "DEBUG", "correlation_id": "-", "name": "integration.services.get_events_service", "lineno": 30, "message": "Response received: Status code 200, Headers: {'date': 'Thu, 19 Dec 2024 13:54:05 GMT', 'server': 'uvicorn', 'content-length': '262', 'content-type': 'application/json'}"}
{"asctime": "2024-12-19T13:54:06", "msecs": 220.0, "levelname": "INFO", "correlation_id": "-", "name": "integration.services.get_events_service", "lineno": 41, "message": "Events fetched successfully: 2 events found starting at 2024-12-19 13:53:54.184355."}
{"asctime": "2024-12-19T13:54:06", "msecs": 222.0, "levelname": "INFO", "correlation_id": "-", "name": "integration.handlers.all_events_handler", "lineno": 31, "message": "Starting to process events"}
{"asctime": "2024-12-19T13:54:26", "msecs": 221.0, "levelname": "INFO", "correlation_id": "-", "name": "integration.main", "lineno": 26, "message": "Start time --> 2024-12-19 13:54:16.221597"}
{"asctime": "2024-12-19T13:54:26", "msecs": 266.0, "levelname": "INFO", "correlation_id": "-", "name": "integration.handlers.get_events_handler", "lineno": 20, "message": "getting events starting from 2024-12-19 13:54:16.221597"}
{"asctime": "2024-12-19T13:54:26", "msecs": 301.0, "levelname": "DEBUG", "correlation_id": "-", "name": "integration.services.get_events_service", "lineno": 26, "message": "Fetching events with parameters: {'start_at': datetime.datetime(2024, 12, 19, 13, 54, 16, 221597)}"}
{"asctime": "2024-12-19T13:54:28", "msecs": 374.0, "levelname": "DEBUG", "correlation_id": "-", "name": "integration.services.get_events_service", "lineno": 30, "message": "Response received: Status code 200, Headers: {'date': 'Thu, 19 Dec 2024 13:54:27 GMT', 'server': 'uvicorn', 'content-length': '607', 'content-type': 'application/json'}"}
{"asctime": "2024-12-19T13:54:28", "msecs": 374.0, "levelname": "INFO", "correlation_id": "-", "name": "integration.services.get_events_service", "lineno": 41, "message": "Events fetched successfully: 5 events found starting at 2024-12-19 13:54:16.221597."}
{"asctime": "2024-12-19T13:54:28", "msecs": 381.0, "levelname": "INFO", "correlation_id": "-", "name": "integration.handlers.all_events_handler", "lineno": 31, "message": "Starting to process events"}
{"asctime": "2024-12-19T13:54:28", "msecs": 383.0, "levelname": "INFO", "correlation_id": "-", "name": "integration.handlers.start_event_handler", "lineno": 9, "message": "Starting to handle start event"}
{"asctime": "2024-12-19T13:54:28", "msecs": 386.0, "levelname": "INFO", "correlation_id": "-", "name": "integration.services.event_preprocessing_service", "lineno": 17, "message": "Starting event preprocessing"}
{"asctime": "2024-12-19T13:54:28", "msecs": 388.0, "levelname": "DEBUG", "correlation_id": "-", "name": "integration.services.event_preprocessing_service", "lineno": 18, "message": "event --> {'conversation_id': 5, 'event_name': 'START', 'event_at': 1734616468, 'data': None}"}
{"asctime": "2024-12-19T13:54:28", "msecs": 392.0, "levelname": "INFO", "correlation_id": "-", "name": "integration.services.get_conversation_details_service", "lineno": 26, "message": "Fetching conversation details for conversation_id: 5"}
{"asctime": "2024-12-19T13:54:30", "msecs": 436.0, "levelname": "INFO", "correlation_id": "-", "name": "integration.services.get_conversation_details_service", "lineno": 50, "message": "Conversation details fetched successfully."}
{"asctime": "2024-12-19T13:54:30", "msecs": 436.0, "levelname": "INFO", "correlation_id": "-", "name": "integration.services.get_advisor_service", "lineno": 26, "message": "Fetching advisor details for advisor_id: 3"}
{"asctime": "2024-12-19T13:54:32", "msecs": 472.0, "levelname": "INFO", "correlation_id": "-", "name": "integration.services.get_advisor_service", "lineno": 44, "message": "Advisor details fetched successfully."}
{"asctime": "2024-12-19T13:54:32", "msecs": 472.0, "levelname": "INFO", "correlation_id": "-", "name": "integration.services.is_agent_exist_service", "lineno": 27, "message": "Checking if agent exists for email: gerard_martin@company.com"}
{"asctime": "2024-12-19T13:54:34", "msecs": 513.0, "levelname": "INFO", "correlation_id": "-", "name": "integration.services.is_agent_exist_service", "lineno": 42, "message": "No agents found for email: gerard_martin@company.com."}
{"asctime": "2024-12-19T13:54:34", "msecs": 513.0, "levelname": "INFO", "correlation_id": "-", "name": "integration.services.event_preprocessing_service", "lineno": 42, "message": "No agent found, creating a new one"}
{"asctime": "2024-12-19T13:54:34", "msecs": 519.0, "levelname": "INFO", "correlation_id": "-", "name": "integration.services.create_agent_service", "lineno": 37, "message": "Creating agent with payload: {'email': 'gerard_martin@company.com', 'name': 'Lewis Wood'}"}
{"asctime": "2024-12-19T13:54:36", "msecs": 548.0, "levelname": "INFO", "correlation_id": "-", "name": "integration.services.create_agent_service", "lineno": 51, "message": "Agent created successfully: {'name': 'Lewis Wood', 'email': 'gerard_martin@company.com', 'agent_id': '56957b60-c356-47b8-b6d2-0b8da4d99325'}"}
{"asctime": "2024-12-19T13:54:36", "msecs": 548.0, "levelname": "INFO", "correlation_id": "-", "name": "integration.services.event_preprocessing_service", "lineno": 47, "message": "New agent created successfully"}
{"asctime": "2024-12-19T13:54:36", "msecs": 548.0, "levelname": "DEBUG", "correlation_id": "-", "name": "integration.services.start_event_service", "lineno": 40, "message": "Starting event with payload: {'agent_id': '56957b60-c356-47b8-b6d2-0b8da4d99325', 'started_at': '2024-12-19T13:54:28.000000', 'external_id': '5'}"}
{"asctime": "2024-12-19T13:54:38", "msecs": 590.0, "levelname": "INFO", "correlation_id": "-", "name": "integration.services.start_event_service", "lineno": 58, "message": "Event started successfully: {'agent_id': '56957b60-c356-47b8-b6d2-0b8da4d99325', 'started_at': '2024-12-19T13:54:28', 'ended_at': None, 'external_id': '5', 'chat_id': '76cc379e-ec13-40b1-ba4c-2e7c730ad992'}"}
{"asctime": "2024-12-19T13:54:38", "msecs": 590.0, "levelname": "INFO", "correlation_id": "-", "name": "integration.services.event_preprocessing_service", "lineno": 75, "message": "Event processed successfully"}
{"asctime": "2024-12-19T13:54:38", "msecs": 605.0, "levelname": "INFO", "correlation_id": "-", "name": "integration.handlers.start_event_handler", "lineno": 19, "message": "Event preprocessing completed successfully"}
{"asctime": "2024-12-19T13:54:38", "msecs": 726.0, "levelname": "INFO", "correlation_id": "-", "name": "integration.handlers.start_event_handler", "lineno": 33, "message": "Start event handled successfully, event saved in database"}
{"asctime": "2024-12-19T13:54:48", "msecs": 757.0, "levelname": "INFO", "correlation_id": "-", "name": "integration.main", "lineno": 26, "message": "Start time --> 2024-12-19 13:54:38.757255"}
{"asctime": "2024-12-19T13:54:48", "msecs": 757.0, "levelname": "INFO", "correlation_id": "-", "name": "integration.handlers.get_events_handler", "lineno": 20, "message": "getting events starting from 2024-12-19 13:54:38.757255"}
{"asctime": "2024-12-19T13:54:48", "msecs": 757.0, "levelname": "DEBUG", "correlation_id": "-", "name": "integration.services.get_events_service", "lineno": 26, "message": "Fetching events with parameters: {'start_at': datetime.datetime(2024, 12, 19, 13, 54, 38, 757255)}"}
{"asctime": "2024-12-19T13:54:50", "msecs": 795.0, "levelname": "DEBUG", "correlation_id": "-", "name": "integration.services.get_events_service", "lineno": 30, "message": "Response received: Status code 200, Headers: {'date': 'Thu, 19 Dec 2024 13:54:50 GMT', 'server': 'uvicorn', 'content-length': '745', 'content-type': 'application/json'}"}
{"asctime": "2024-12-19T13:54:50", "msecs": 795.0, "levelname": "INFO", "correlation_id": "-", "name": "integration.services.get_events_service", "lineno": 41, "message": "Events fetched successfully: 6 events found starting at 2024-12-19 13:54:38.757255."}
{"asctime": "2024-12-19T13:54:50", "msecs": 795.0, "levelname": "INFO", "correlation_id": "-", "name": "integration.handlers.all_events_handler", "lineno": 31, "message": "Starting to process events"}
{"asctime": "2024-12-19T13:54:50", "msecs": 811.0, "levelname": "INFO", "correlation_id": "-", "name": "integration.handlers.start_event_handler", "lineno": 9, "message": "Starting to handle start event"}
{"asctime": "2024-12-19T13:54:50", "msecs": 817.0, "levelname": "INFO", "correlation_id": "-", "name": "integration.services.event_preprocessing_service", "lineno": 17, "message": "Starting event preprocessing"}
{"asctime": "2024-12-19T13:54:50", "msecs": 823.0, "levelname": "DEBUG", "correlation_id": "-", "name": "integration.services.event_preprocessing_service", "lineno": 18, "message": "event --> {'conversation_id': 6, 'event_name': 'START', 'event_at': 1734616490, 'data': None}"}
{"asctime": "2024-12-19T13:54:50", "msecs": 828.0, "levelname": "INFO", "correlation_id": "-", "name": "integration.services.get_conversation_details_service", "lineno": 26, "message": "Fetching conversation details for conversation_id: 6"}
{"asctime": "2024-12-19T13:54:52", "msecs": 864.0, "levelname": "INFO", "correlation_id": "-", "name": "integration.services.get_conversation_details_service", "lineno": 50, "message": "Conversation details fetched successfully."}
{"asctime": "2024-12-19T13:54:52", "msecs": 867.0, "levelname": "INFO", "correlation_id": "-", "name": "integration.services.get_advisor_service", "lineno": 26, "message": "Fetching advisor details for advisor_id: 4"}
{"asctime": "2024-12-19T13:54:54", "msecs": 901.0, "levelname": "INFO", "correlation_id": "-", "name": "integration.services.get_advisor_service", "lineno": 44, "message": "Advisor details fetched successfully."}
{"asctime": "2024-12-19T13:54:54", "msecs": 901.0, "levelname": "INFO", "correlation_id": "-", "name": "integration.services.is_agent_exist_service", "lineno": 27, "message": "Checking if agent exists for email: miss_kimberley_morris@company.com"}
{"asctime": "2024-12-19T13:54:56", "msecs": 941.0, "levelname": "INFO", "correlation_id": "-", "name": "integration.services.is_agent_exist_service", "lineno": 42, "message": "No agents found for email: miss_kimberley_morris@company.com."}
{"asctime": "2024-12-19T13:54:56", "msecs": 944.0, "levelname": "INFO", "correlation_id": "-", "name": "integration.services.event_preprocessing_service", "lineno": 42, "message": "No agent found, creating a new one"}
{"asctime": "2024-12-19T13:54:56", "msecs": 946.0, "levelname": "INFO", "correlation_id": "-", "name": "integration.services.create_agent_service", "lineno": 37, "message": "Creating agent with payload: {'email': 'miss_kimberley_morris@company.com', 'name': 'Mr Dale Carter'}"}
{"asctime": "2024-12-19T13:54:58", "msecs": 974.0, "levelname": "INFO", "correlation_id": "-", "name": "integration.services.create_agent_service", "lineno": 51, "message": "Agent created successfully: {'name': 'Mr Dale Carter', 'email': 'miss_kimberley_morris@company.com', 'agent_id': '72a78221-cc21-446c-b89a-d0d571b9f7b8'}"}
{"asctime": "2024-12-19T13:54:58", "msecs": 978.0, "levelname": "INFO", "correlation_id": "-", "name": "integration.services.event_preprocessing_service", "lineno": 47, "message": "New agent created successfully"}
{"asctime": "2024-12-19T13:54:58", "msecs": 980.0, "levelname": "DEBUG", "correlation_id": "-", "name": "integration.services.start_event_service", "lineno": 40, "message": "Starting event with payload: {'agent_id': '72a78221-cc21-446c-b89a-d0d571b9f7b8', 'started_at': '2024-12-19T13:54:50.000000', 'external_id': '6'}"}
{"asctime": "2024-12-19T13:55:01", "msecs": 4.0, "levelname": "INFO", "correlation_id": "-", "name": "integration.services.start_event_service", "lineno": 58, "message": "Event started successfully: {'agent_id': '72a78221-cc21-446c-b89a-d0d571b9f7b8', 'started_at': '2024-12-19T13:54:50', 'ended_at': None, 'external_id': '6', 'chat_id': '20853a52-ac02-4b7c-a237-41a1f151226e'}"}
{"asctime": "2024-12-19T13:55:01", "msecs": 8.0, "levelname": "INFO", "correlation_id": "-", "name": "integration.services.event_preprocessing_service", "lineno": 75, "message": "Event processed successfully"}
{"asctime": "2024-12-19T13:55:01", "msecs": 10.0, "levelname": "INFO", "correlation_id": "-", "name": "integration.handlers.start_event_handler", "lineno": 19, "message": "Event preprocessing completed successfully"}
{"asctime": "2024-12-19T13:55:01", "msecs": 209.0, "levelname": "INFO", "correlation_id": "-", "name": "integration.handlers.start_event_handler", "lineno": 33, "message": "Start event handled successfully, event saved in database"}
{"asctime": "2024-12-19T13:55:11", "msecs": 222.0, "levelname": "INFO", "correlation_id": "-", "name": "integration.main", "lineno": 26, "message": "Start time --> 2024-12-19 13:55:01.222791"}
{"asctime": "2024-12-19T13:55:11", "msecs": 226.0, "levelname": "INFO", "correlation_id": "-", "name": "integration.handlers.get_events_handler", "lineno": 20, "message": "getting events starting from 2024-12-19 13:55:01.222791"}
{"asctime": "2024-12-19T13:55:11", "msecs": 230.0, "levelname": "DEBUG", "correlation_id": "-", "name": "integration.services.get_events_service", "lineno": 26, "message": "Fetching events with parameters: {'start_at': datetime.datetime(2024, 12, 19, 13, 55, 1, 222791)}"}
{"asctime": "2024-12-19T13:55:13", "msecs": 278.0, "levelname": "DEBUG", "correlation_id": "-", "name": "integration.services.get_events_service", "lineno": 30, "message": "Response received: Status code 200, Headers: {'date': 'Thu, 19 Dec 2024 13:55:12 GMT', 'server': 'uvicorn', 'content-length': '654', 'content-type': 'application/json'}"}
{"asctime": "2024-12-19T13:55:13", "msecs": 278.0, "levelname": "INFO", "correlation_id": "-", "name": "integration.services.get_events_service", "lineno": 41, "message": "Events fetched successfully: 6 events found starting at 2024-12-19 13:55:01.222791."}
{"asctime": "2024-12-19T13:55:13", "msecs": 278.0, "levelname": "INFO", "correlation_id": "-", "name": "integration.handlers.all_events_handler", "lineno": 31, "message": "Starting to process events"}
{"asctime": "2024-12-19T13:55:13", "msecs": 293.0, "levelname": "INFO", "correlation_id": "-", "name": "integration.handlers.start_event_handler", "lineno": 9, "message": "Starting to handle start event"}
{"asctime": "2024-12-19T13:55:13", "msecs": 295.0, "levelname": "INFO", "correlation_id": "-", "name": "integration.services.event_preprocessing_service", "lineno": 17, "message": "Starting event preprocessing"}
{"asctime": "2024-12-19T13:55:13", "msecs": 298.0, "levelname": "DEBUG", "correlation_id": "-", "name": "integration.services.event_preprocessing_service", "lineno": 18, "message": "event --> {'conversation_id': 7, 'event_name': 'START', 'event_at': 1734616513, 'data': None}"}
{"asctime": "2024-12-19T13:55:13", "msecs": 305.0, "levelname": "INFO", "correlation_id": "-", "name": "integration.services.get_conversation_details_service", "lineno": 26, "message": "Fetching conversation details for conversation_id: 7"}
{"asctime": "2024-12-19T13:55:15", "msecs": 329.0, "levelname": "INFO", "correlation_id": "-", "name": "integration.services.get_conversation_details_service", "lineno": 50, "message": "Conversation details fetched successfully."}
{"asctime": "2024-12-19T13:55:15", "msecs": 329.0, "levelname": "INFO", "correlation_id": "-", "name": "integration.services.get_advisor_service", "lineno": 26, "message": "Fetching advisor details for advisor_id: 7"}
{"asctime": "2024-12-19T13:55:17", "msecs": 353.0, "levelname": "INFO", "correlation_id": "-", "name": "integration.services.get_advisor_service", "lineno": 44, "message": "Advisor details fetched successfully."}
{"asctime": "2024-12-19T13:55:17", "msecs": 353.0, "levelname": "INFO", "correlation_id": "-", "name": "integration.services.is_agent_exist_service", "lineno": 27, "message": "Checking if agent exists for email: dr_lee_pearson@company.com"}
{"asctime": "2024-12-19T13:55:19", "msecs": 380.0, "levelname": "INFO", "correlation_id": "-", "name": "integration.services.is_agent_exist_service", "lineno": 42, "message": "No agents found for email: dr_lee_pearson@company.com."}
{"asctime": "2024-12-19T13:55:19", "msecs": 380.0, "levelname": "INFO", "correlation_id": "-", "name": "integration.services.event_preprocessing_service", "lineno": 42, "message": "No agent found, creating a new one"}
{"asctime": "2024-12-19T13:55:19", "msecs": 380.0, "levelname": "INFO", "correlation_id": "-", "name": "integration.services.create_agent_service", "lineno": 37, "message": "Creating agent with payload: {'email': 'dr_lee_pearson@company.com', 'name': 'Lindsey Patel-Willis'}"}
{"asctime": "2024-12-19T13:55:21", "msecs": 410.0, "levelname": "INFO", "correlation_id": "-", "name": "integration.services.create_agent_service", "lineno": 51, "message": "Agent created successfully: {'name': 'Lindsey Patel-Willis', 'email': 'dr_lee_pearson@company.com', 'agent_id': '6fc6e5a5-e7bc-4d32-97a0-318f21ffbb12'}"}
{"asctime": "2024-12-19T13:55:21", "msecs": 410.0, "levelname": "INFO", "correlation_id": "-", "name": "integration.services.event_preprocessing_service", "lineno": 47, "message": "New agent created successfully"}
{"asctime": "2024-12-19T13:55:21", "msecs": 410.0, "levelname": "DEBUG", "correlation_id": "-", "name": "integration.services.start_event_service", "lineno": 40, "message": "Starting event with payload: {'agent_id': '6fc6e5a5-e7bc-4d32-97a0-318f21ffbb12', 'started_at': '2024-12-19T13:55:13.000000', 'external_id': '7'}"}
{"asctime": "2024-12-19T13:55:23", "msecs": 435.0, "levelname": "INFO", "correlation_id": "-", "name": "integration.services.start_event_service", "lineno": 58, "message": "Event started successfully: {'agent_id': '6fc6e5a5-e7bc-4d32-97a0-318f21ffbb12', 'started_at': '2024-12-19T13:55:13', 'ended_at': None, 'external_id': '7', 'chat_id': '91c7ac6f-d59a-4b4c-a592-7e0517d97478'}"}
{"asctime": "2024-12-19T13:55:23", "msecs": 435.0, "levelname": "INFO", "correlation_id": "-", "name": "integration.services.event_preprocessing_service", "lineno": 75, "message": "Event processed successfully"}
{"asctime": "2024-12-19T13:55:23", "msecs": 435.0, "levelname": "INFO", "correlation_id": "-", "name": "integration.handlers.start_event_handler", "lineno": 19, "message": "Event preprocessing completed successfully"}
{"asctime": "2024-12-19T13:55:23", "msecs": 573.0, "levelname": "INFO", "correlation_id": "-", "name": "integration.handlers.start_event_handler", "lineno": 33, "message": "Start event handled successfully, event saved in database"}
{"asctime": "2024-12-19T13:55:23", "msecs": 573.0, "levelname": "INFO", "correlation_id": "-", "name": "uvicorn.error", "lineno": 258, "message": "Shutting down"}
{"asctime": "2024-12-19T13:55:23", "msecs": 690.0, "levelname": "INFO", "correlation_id": "-", "name": "uvicorn.error", "lineno": 67, "message": "Waiting for application shutdown."}
{"asctime": "2024-12-19T13:55:23", "msecs": 692.0, "levelname": "INFO", "correlation_id": "-", "name": "uvicorn.error", "lineno": 76, "message": "Application shutdown complete."}
{"asctime": "2024-12-19T13:55:23", "msecs": 694.0, "levelname": "INFO", "correlation_id": "-", "name": "uvicorn.error", "lineno": 92, "message": "Finished server process [5668]", "color_message": "Finished server process [\u001b[36m%d\u001b[0m]"}
{"asctime": "2024-12-19T13:56:50", "msecs": 297.0, "levelname": "INFO", "correlation_id": "-", "name": "integration.main", "lineno": 53, "message": "Hello World"}
{"asctime": "2024-12-19T13:56:50", "msecs": 301.0, "levelname": "INFO", "correlation_id": "-", "name": "integration.main", "lineno": 26, "message": "Start time --> 2024-12-19 13:56:40.301632"}
{"asctime": "2024-12-19T13:56:50", "msecs": 301.0, "levelname": "INFO", "correlation_id": "-", "name": "integration.handlers.get_events_handler", "lineno": 20, "message": "getting events starting from 2024-12-19 13:56:40.301632"}
{"asctime": "2024-12-19T13:56:50", "msecs": 301.0, "levelname": "DEBUG", "correlation_id": "-", "name": "integration.services.get_events_service", "lineno": 26, "message": "Fetching events with parameters: {'start_at': datetime.datetime(2024, 12, 19, 13, 56, 40, 301632)}"}
{"asctime": "2024-12-19T13:56:52", "msecs": 350.0, "levelname": "DEBUG", "correlation_id": "-", "name": "integration.services.get_events_service", "lineno": 30, "message": "Response received: Status code 200, Headers: {'date': 'Thu, 19 Dec 2024 13:56:51 GMT', 'server': 'uvicorn', 'content-length': '575', 'content-type': 'application/json'}"}
{"asctime": "2024-12-19T13:56:52", "msecs": 354.0, "levelname": "INFO", "correlation_id": "-", "name": "integration.services.get_events_service", "lineno": 41, "message": "Events fetched successfully: 5 events found starting at 2024-12-19 13:56:40.301632."}
{"asctime": "2024-12-19T13:56:52", "msecs": 354.0, "levelname": "INFO", "correlation_id": "-", "name": "uvicorn.error", "lineno": 62, "message": "Application startup complete."}
{"asctime": "2024-12-19T13:56:52", "msecs": 354.0, "levelname": "INFO", "correlation_id": "-", "name": "integration.handlers.all_events_handler", "lineno": 31, "message": "Starting to process events"}
{"asctime": "2024-12-19T13:56:52", "msecs": 354.0, "levelname": "INFO", "correlation_id": "-", "name": "uvicorn.error", "lineno": 214, "message": "Uvicorn running on http://127.0.0.1:8000 (Press CTRL+C to quit)", "color_message": "Uvicorn running on \u001b[1m%s://%s:%d\u001b[0m (Press CTRL+C to quit)"}
{"asctime": "2024-12-19T13:57:12", "msecs": 397.0, "levelname": "INFO", "correlation_id": "-", "name": "integration.main", "lineno": 26, "message": "Start time --> 2024-12-19 13:57:02.397845"}
{"asctime": "2024-12-19T13:57:12", "msecs": 397.0, "levelname": "INFO", "correlation_id": "-", "name": "integration.handlers.get_events_handler", "lineno": 20, "message": "getting events starting from 2024-12-19 13:57:02.397845"}
{"asctime": "2024-12-19T13:57:12", "msecs": 397.0, "levelname": "DEBUG", "correlation_id": "-", "name": "integration.services.get_events_service", "lineno": 26, "message": "Fetching events with parameters: {'start_at': datetime.datetime(2024, 12, 19, 13, 57, 2, 397845)}"}
{"asctime": "2024-12-19T13:57:14", "msecs": 444.0, "levelname": "DEBUG", "correlation_id": "-", "name": "integration.services.get_events_service", "lineno": 30, "message": "Response received: Status code 200, Headers: {'date': 'Thu, 19 Dec 2024 13:57:14 GMT', 'server': 'uvicorn', 'content-length': '1030', 'content-type': 'application/json'}"}
{"asctime": "2024-12-19T13:57:14", "msecs": 444.0, "levelname": "INFO", "correlation_id": "-", "name": "integration.services.get_events_service", "lineno": 41, "message": "Events fetched successfully: 8 events found starting at 2024-12-19 13:57:02.397845."}
{"asctime": "2024-12-19T13:57:14", "msecs": 444.0, "levelname": "INFO", "correlation_id": "-", "name": "integration.handlers.all_events_handler", "lineno": 31, "message": "Starting to process events"}
{"asctime": "2024-12-19T13:57:14", "msecs": 444.0, "levelname": "INFO", "correlation_id": "-", "name": "integration.handlers.start_event_handler", "lineno": 9, "message": "Starting to handle start event"}
{"asctime": "2024-12-19T13:57:14", "msecs": 459.0, "levelname": "INFO", "correlation_id": "-", "name": "integration.services.event_preprocessing_service", "lineno": 17, "message": "Starting event preprocessing"}
{"asctime": "2024-12-19T13:57:14", "msecs": 459.0, "levelname": "DEBUG", "correlation_id": "-", "name": "integration.services.event_preprocessing_service", "lineno": 18, "message": "event --> {'conversation_id': 8, 'event_name': 'START', 'event_at': 1734616634, 'data': None}"}
{"asctime": "2024-12-19T13:57:14", "msecs": 465.0, "levelname": "INFO", "correlation_id": "-", "name": "integration.services.get_conversation_details_service", "lineno": 26, "message": "Fetching conversation details for conversation_id: 8"}
{"asctime": "2024-12-19T13:57:16", "msecs": 488.0, "levelname": "INFO", "correlation_id": "-", "name": "integration.services.get_conversation_details_service", "lineno": 50, "message": "Conversation details fetched successfully."}
{"asctime": "2024-12-19T13:57:16", "msecs": 488.0, "levelname": "INFO", "correlation_id": "-", "name": "integration.services.get_advisor_service", "lineno": 26, "message": "Fetching advisor details for advisor_id: 9"}
{"asctime": "2024-12-19T13:57:18", "msecs": 536.0, "levelname": "INFO", "correlation_id": "-", "name": "integration.services.get_advisor_service", "lineno": 44, "message": "Advisor details fetched successfully."}
{"asctime": "2024-12-19T13:57:18", "msecs": 538.0, "levelname": "INFO", "correlation_id": "-", "name": "integration.services.is_agent_exist_service", "lineno": 27, "message": "Checking if agent exists for email: louis_rowe@company.com"}
{"asctime": "2024-12-19T13:57:20", "msecs": 563.0, "levelname": "INFO", "correlation_id": "-", "name": "integration.services.is_agent_exist_service", "lineno": 42, "message": "No agents found for email: louis_rowe@company.com."}
{"asctime": "2024-12-19T13:57:20", "msecs": 563.0, "levelname": "INFO", "correlation_id": "-", "name": "integration.services.event_preprocessing_service", "lineno": 42, "message": "No agent found, creating a new one"}
{"asctime": "2024-12-19T13:57:20", "msecs": 563.0, "levelname": "INFO", "correlation_id": "-", "name": "integration.services.create_agent_service", "lineno": 37, "message": "Creating agent with payload: {'email': 'louis_rowe@company.com', 'name': 'Oliver Robinson-Miller'}"}
{"asctime": "2024-12-19T13:57:22", "msecs": 608.0, "levelname": "INFO", "correlation_id": "-", "name": "integration.services.create_agent_service", "lineno": 51, "message": "Agent created successfully: {'name': 'Oliver Robinson-Miller', 'email': 'louis_rowe@company.com', 'agent_id': '450e10cc-3bdc-4cd5-9685-a9134287a906'}"}
{"asctime": "2024-12-19T13:57:22", "msecs": 608.0, "levelname": "INFO", "correlation_id": "-", "name": "integration.services.event_preprocessing_service", "lineno": 47, "message": "New agent created successfully"}
{"asctime": "2024-12-19T13:57:22", "msecs": 608.0, "levelname": "DEBUG", "correlation_id": "-", "name": "integration.services.start_event_service", "lineno": 40, "message": "Starting event with payload: {'agent_id': '450e10cc-3bdc-4cd5-9685-a9134287a906', 'started_at': '2024-12-19T13:57:14.000000', 'external_id': '8'}"}
{"asctime": "2024-12-19T13:57:24", "msecs": 659.0, "levelname": "INFO", "correlation_id": "-", "name": "integration.services.start_event_service", "lineno": 58, "message": "Event started successfully: {'agent_id': '450e10cc-3bdc-4cd5-9685-a9134287a906', 'started_at': '2024-12-19T13:57:14', 'ended_at': None, 'external_id': '8', 'chat_id': 'cbdb4352-b702-45d0-9a98-73b8ea22175d'}"}
{"asctime": "2024-12-19T13:57:24", "msecs": 663.0, "levelname": "INFO", "correlation_id": "-", "name": "integration.services.event_preprocessing_service", "lineno": 75, "message": "Event processed successfully"}
{"asctime": "2024-12-19T13:57:24", "msecs": 665.0, "levelname": "INFO", "correlation_id": "-", "name": "integration.handlers.start_event_handler", "lineno": 19, "message": "Event preprocessing completed successfully"}
{"asctime": "2024-12-19T13:57:24", "msecs": 793.0, "levelname": "INFO", "correlation_id": "-", "name": "integration.handlers.start_event_handler", "lineno": 33, "message": "Start event handled successfully, event saved in database"}
{"asctime": "2024-12-19T13:57:34", "msecs": 821.0, "levelname": "INFO", "correlation_id": "-", "name": "integration.main", "lineno": 26, "message": "Start time --> 2024-12-19 13:57:24.821674"}
{"asctime": "2024-12-19T13:57:34", "msecs": 821.0, "levelname": "INFO", "correlation_id": "-", "name": "integration.handlers.get_events_handler", "lineno": 20, "message": "getting events starting from 2024-12-19 13:57:24.821674"}
{"asctime": "2024-12-19T13:57:34", "msecs": 821.0, "levelname": "DEBUG", "correlation_id": "-", "name": "integration.services.get_events_service", "lineno": 26, "message": "Fetching events with parameters: {'start_at': datetime.datetime(2024, 12, 19, 13, 57, 24, 821674)}"}
{"asctime": "2024-12-19T13:57:36", "msecs": 995.0, "levelname": "DEBUG", "correlation_id": "-", "name": "integration.services.get_events_service", "lineno": 30, "message": "Response received: Status code 500, Headers: {'date': 'Thu, 19 Dec 2024 13:57:36 GMT', 'server': 'uvicorn', 'content-length': '21', 'content-type': 'text/plain; charset=utf-8'}"}
{"asctime": "2024-12-19T13:57:36", "msecs": 995.0, "levelname": "ERROR", "correlation_id": "-", "name": "integration.services.get_events_service", "lineno": 33, "message": "Unhandled status code: 500. Parameters: {'start_at': datetime.datetime(2024, 12, 19, 13, 57, 24, 821674)}"}
{"asctime": "2024-12-19T13:57:36", "msecs": 995.0, "levelname": "WARNING", "correlation_id": "-", "name": "integration.handlers.all_events_handler", "lineno": 29, "message": "No events found"}
{"asctime": "2024-12-19T13:57:57", "msecs": 29.0, "levelname": "INFO", "correlation_id": "-", "name": "integration.main", "lineno": 26, "message": "Start time --> 2024-12-19 13:57:47.029027"}
{"asctime": "2024-12-19T13:57:57", "msecs": 29.0, "levelname": "INFO", "correlation_id": "-", "name": "integration.handlers.get_events_handler", "lineno": 20, "message": "getting events starting from 2024-12-19 13:57:47.029027"}
{"asctime": "2024-12-19T13:57:57", "msecs": 29.0, "levelname": "DEBUG", "correlation_id": "-", "name": "integration.services.get_events_service", "lineno": 26, "message": "Fetching events with parameters: {'start_at': datetime.datetime(2024, 12, 19, 13, 57, 47, 29027)}"}
{"asctime": "2024-12-19T13:57:59", "msecs": 66.0, "levelname": "DEBUG", "correlation_id": "-", "name": "integration.services.get_events_service", "lineno": 30, "message": "Response received: Status code 200, Headers: {'date': 'Thu, 19 Dec 2024 13:57:58 GMT', 'server': 'uvicorn', 'content-length': '771', 'content-type': 'application/json'}"}
{"asctime": "2024-12-19T13:57:59", "msecs": 66.0, "levelname": "INFO", "correlation_id": "-", "name": "integration.services.get_events_service", "lineno": 41, "message": "Events fetched successfully: 7 events found starting at 2024-12-19 13:57:47.029027."}
{"asctime": "2024-12-19T13:57:59", "msecs": 78.0, "levelname": "INFO", "correlation_id": "-", "name": "integration.handlers.all_events_handler", "lineno": 31, "message": "Starting to process events"}
{"asctime": "2024-12-19T13:58:19", "msecs": 77.0, "levelname": "INFO", "correlation_id": "-", "name": "integration.main", "lineno": 26, "message": "Start time --> 2024-12-19 13:58:09.077278"}
{"asctime": "2024-12-19T13:58:19", "msecs": 77.0, "levelname": "INFO", "correlation_id": "-", "name": "integration.handlers.get_events_handler", "lineno": 20, "message": "getting events starting from 2024-12-19 13:58:09.077278"}
{"asctime": "2024-12-19T13:58:19", "msecs": 77.0, "levelname": "DEBUG", "correlation_id": "-", "name": "integration.services.get_events_service", "lineno": 26, "message": "Fetching events with parameters: {'start_at': datetime.datetime(2024, 12, 19, 13, 58, 9, 77278)}"}
{"asctime": "2024-12-19T13:58:21", "msecs": 121.0, "levelname": "DEBUG", "correlation_id": "-", "name": "integration.services.get_events_service", "lineno": 30, "message": "Response received: Status code 200, Headers: {'date': 'Thu, 19 Dec 2024 13:58:21 GMT', 'server': 'uvicorn', 'content-length': '937', 'content-type': 'application/json'}"}
{"asctime": "2024-12-19T13:58:21", "msecs": 121.0, "levelname": "INFO", "correlation_id": "-", "name": "integration.services.get_events_service", "lineno": 41, "message": "Events fetched successfully: 8 events found starting at 2024-12-19 13:58:09.077278."}
{"asctime": "2024-12-19T13:58:21", "msecs": 121.0, "levelname": "INFO", "correlation_id": "-", "name": "integration.handlers.all_events_handler", "lineno": 31, "message": "Starting to process events"}
{"asctime": "2024-12-19T13:58:41", "msecs": 133.0, "levelname": "INFO", "correlation_id": "-", "name": "integration.main", "lineno": 26, "message": "Start time --> 2024-12-19 13:58:31.133901"}
{"asctime": "2024-12-19T13:58:41", "msecs": 133.0, "levelname": "INFO", "correlation_id": "-", "name": "integration.handlers.get_events_handler", "lineno": 20, "message": "getting events starting from 2024-12-19 13:58:31.133901"}
{"asctime": "2024-12-19T13:58:41", "msecs": 133.0, "levelname": "DEBUG", "correlation_id": "-", "name": "integration.services.get_events_service", "lineno": 26, "message": "Fetching events with parameters: {'start_at': datetime.datetime(2024, 12, 19, 13, 58, 31, 133901)}"}
{"asctime": "2024-12-19T13:58:43", "msecs": 207.0, "levelname": "DEBUG", "correlation_id": "-", "name": "integration.services.get_events_service", "lineno": 30, "message": "Response received: Status code 200, Headers: {'date': 'Thu, 19 Dec 2024 13:58:42 GMT', 'server': 'uvicorn', 'content-length': '993', 'content-type': 'application/json'}"}
{"asctime": "2024-12-19T13:58:43", "msecs": 207.0, "levelname": "INFO", "correlation_id": "-", "name": "integration.services.get_events_service", "lineno": 41, "message": "Events fetched successfully: 9 events found starting at 2024-12-19 13:58:31.133901."}
{"asctime": "2024-12-19T13:58:43", "msecs": 222.0, "levelname": "INFO", "correlation_id": "-", "name": "integration.handlers.all_events_handler", "lineno": 31, "message": "Starting to process events"}
{"asctime": "2024-12-19T13:58:43", "msecs": 222.0, "levelname": "INFO", "correlation_id": "-", "name": "integration.handlers.start_event_handler", "lineno": 9, "message": "Starting to handle start event"}
{"asctime": "2024-12-19T13:58:43", "msecs": 230.0, "levelname": "INFO", "correlation_id": "-", "name": "integration.services.event_preprocessing_service", "lineno": 17, "message": "Starting event preprocessing"}
{"asctime": "2024-12-19T13:58:43", "msecs": 233.0, "levelname": "DEBUG", "correlation_id": "-", "name": "integration.services.event_preprocessing_service", "lineno": 18, "message": "event --> {'conversation_id': 9, 'event_name': 'START', 'event_at': 1734616723, 'data': None}"}
{"asctime": "2024-12-19T13:58:43", "msecs": 233.0, "levelname": "INFO", "correlation_id": "-", "name": "integration.services.get_conversation_details_service", "lineno": 26, "message": "Fetching conversation details for conversation_id: 9"}
{"asctime": "2024-12-19T13:58:45", "msecs": 269.0, "levelname": "INFO", "correlation_id": "-", "name": "integration.services.get_conversation_details_service", "lineno": 50, "message": "Conversation details fetched successfully."}
{"asctime": "2024-12-19T13:58:45", "msecs": 269.0, "levelname": "INFO", "correlation_id": "-", "name": "integration.services.get_advisor_service", "lineno": 26, "message": "Fetching advisor details for advisor_id: 4"}
{"asctime": "2024-12-19T13:58:47", "msecs": 298.0, "levelname": "INFO", "correlation_id": "-", "name": "integration.services.get_advisor_service", "lineno": 44, "message": "Advisor details fetched successfully."}
{"asctime": "2024-12-19T13:58:47", "msecs": 298.0, "levelname": "INFO", "correlation_id": "-", "name": "integration.services.is_agent_exist_service", "lineno": 27, "message": "Checking if agent exists for email: miss_kimberley_morris@company.com"}
{"asctime": "2024-12-19T13:58:49", "msecs": 324.0, "levelname": "INFO", "correlation_id": "-", "name": "integration.services.is_agent_exist_service", "lineno": 45, "message": "Agent fetch successful: 1 agents found."}
{"asctime": "2024-12-19T13:58:49", "msecs": 330.0, "levelname": "DEBUG", "correlation_id": "-", "name": "integration.services.start_event_service", "lineno": 40, "message": "Starting event with payload: {'agent_id': '72a78221-cc21-446c-b89a-d0d571b9f7b8', 'started_at': '2024-12-19T13:58:43.000000', 'external_id': '9'}"}
{"asctime": "2024-12-19T13:58:51", "msecs": 358.0, "levelname": "INFO", "correlation_id": "-", "name": "integration.services.start_event_service", "lineno": 58, "message": "Event started successfully: {'agent_id': '72a78221-cc21-446c-b89a-d0d571b9f7b8', 'started_at': '2024-12-19T13:58:43', 'ended_at': None, 'external_id': '9', 'chat_id': '3c1deb13-f731-4110-af49-182fe1ca8f9c'}"}
{"asctime": "2024-12-19T13:58:51", "msecs": 358.0, "levelname": "INFO", "correlation_id": "-", "name": "integration.services.event_preprocessing_service", "lineno": 75, "message": "Event processed successfully"}
{"asctime": "2024-12-19T13:58:51", "msecs": 358.0, "levelname": "INFO", "correlation_id": "-", "name": "integration.handlers.start_event_handler", "lineno": 19, "message": "Event preprocessing completed successfully"}
{"asctime": "2024-12-19T13:58:51", "msecs": 407.0, "levelname": "INFO", "correlation_id": "-", "name": "integration.handlers.start_event_handler", "lineno": 33, "message": "Start event handled successfully, event saved in database"}
{"asctime": "2024-12-19T13:59:03", "msecs": 220.0, "levelname": "INFO", "correlation_id": "-", "name": "integration.main", "lineno": 26, "message": "Start time --> 2024-12-19 13:58:53.220688"}
{"asctime": "2024-12-19T13:59:03", "msecs": 220.0, "levelname": "INFO", "correlation_id": "-", "name": "integration.handlers.get_events_handler", "lineno": 20, "message": "getting events starting from 2024-12-19 13:58:53.220688"}
{"asctime": "2024-12-19T13:59:03", "msecs": 220.0, "levelname": "DEBUG", "correlation_id": "-", "name": "integration.services.get_events_service", "lineno": 26, "message": "Fetching events with parameters: {'start_at': datetime.datetime(2024, 12, 19, 13, 58, 53, 220688)}"}
{"asctime": "2024-12-19T13:59:05", "msecs": 250.0, "levelname": "DEBUG", "correlation_id": "-", "name": "integration.services.get_events_service", "lineno": 30, "message": "Response received: Status code 200, Headers: {'date': 'Thu, 19 Dec 2024 13:59:04 GMT', 'server': 'uvicorn', 'content-length': '1109', 'content-type': 'application/json'}"}
{"asctime": "2024-12-19T13:59:05", "msecs": 250.0, "levelname": "INFO", "correlation_id": "-", "name": "integration.services.get_events_service", "lineno": 41, "message": "Events fetched successfully: 9 events found starting at 2024-12-19 13:58:53.220688."}
{"asctime": "2024-12-19T13:59:05", "msecs": 250.0, "levelname": "INFO", "correlation_id": "-", "name": "integration.handlers.all_events_handler", "lineno": 31, "message": "Starting to process events"}
{"asctime": "2024-12-19T13:59:25", "msecs": 277.0, "levelname": "INFO", "correlation_id": "-", "name": "integration.main", "lineno": 26, "message": "Start time --> 2024-12-19 13:59:15.277247"}
{"asctime": "2024-12-19T13:59:25", "msecs": 277.0, "levelname": "INFO", "correlation_id": "-", "name": "integration.handlers.get_events_handler", "lineno": 20, "message": "getting events starting from 2024-12-19 13:59:15.277247"}
{"asctime": "2024-12-19T13:59:25", "msecs": 277.0, "levelname": "DEBUG", "correlation_id": "-", "name": "integration.services.get_events_service", "lineno": 26, "message": "Fetching events with parameters: {'start_at': datetime.datetime(2024, 12, 19, 13, 59, 15, 277247)}"}
{"asctime": "2024-12-19T13:59:27", "msecs": 295.0, "levelname": "DEBUG", "correlation_id": "-", "name": "integration.services.get_events_service", "lineno": 30, "message": "Response received: Status code 200, Headers: {'date': 'Thu, 19 Dec 2024 13:59:27 GMT', 'server': 'uvicorn', 'content-length': '691', 'content-type': 'application/json'}"}
{"asctime": "2024-12-19T13:59:27", "msecs": 295.0, "levelname": "INFO", "correlation_id": "-", "name": "integration.services.get_events_service", "lineno": 41, "message": "Events fetched successfully: 6 events found starting at 2024-12-19 13:59:15.277247."}
{"asctime": "2024-12-19T13:59:27", "msecs": 295.0, "levelname": "INFO", "correlation_id": "-", "name": "integration.handlers.all_events_handler", "lineno": 31, "message": "Starting to process events"}
{"asctime": "2024-12-19T13:59:27", "msecs": 311.0, "levelname": "INFO", "correlation_id": "-", "name": "integration.handlers.start_event_handler", "lineno": 9, "message": "Starting to handle start event"}
{"asctime": "2024-12-19T13:59:27", "msecs": 313.0, "levelname": "INFO", "correlation_id": "-", "name": "integration.services.event_preprocessing_service", "lineno": 17, "message": "Starting event preprocessing"}
{"asctime": "2024-12-19T13:59:27", "msecs": 315.0, "levelname": "DEBUG", "correlation_id": "-", "name": "integration.services.event_preprocessing_service", "lineno": 18, "message": "event --> {'conversation_id': 10, 'event_name': 'START', 'event_at': 1734616767, 'data': None}"}
{"asctime": "2024-12-19T13:59:27", "msecs": 315.0, "levelname": "INFO", "correlation_id": "-", "name": "integration.services.get_conversation_details_service", "lineno": 26, "message": "Fetching conversation details for conversation_id: 10"}
{"asctime": "2024-12-19T13:59:29", "msecs": 340.0, "levelname": "INFO", "correlation_id": "-", "name": "integration.services.get_conversation_details_service", "lineno": 50, "message": "Conversation details fetched successfully."}
{"asctime": "2024-12-19T13:59:29", "msecs": 340.0, "levelname": "INFO", "correlation_id": "-", "name": "integration.services.get_advisor_service", "lineno": 26, "message": "Fetching advisor details for advisor_id: 5"}
{"asctime": "2024-12-19T13:59:31", "msecs": 365.0, "levelname": "INFO", "correlation_id": "-", "name": "integration.services.get_advisor_service", "lineno": 44, "message": "Advisor details fetched successfully."}
{"asctime": "2024-12-19T13:59:31", "msecs": 365.0, "levelname": "INFO", "correlation_id": "-", "name": "integration.services.is_agent_exist_service", "lineno": 27, "message": "Checking if agent exists for email: mrs_nicola_fleming@company.com"}
{"asctime": "2024-12-19T13:59:33", "msecs": 418.0, "levelname": "INFO", "correlation_id": "-", "name": "integration.services.is_agent_exist_service", "lineno": 42, "message": "No agents found for email: mrs_nicola_fleming@company.com."}
{"asctime": "2024-12-19T13:59:33", "msecs": 418.0, "levelname": "INFO", "correlation_id": "-", "name": "integration.services.event_preprocessing_service", "lineno": 42, "message": "No agent found, creating a new one"}
{"asctime": "2024-12-19T13:59:33", "msecs": 433.0, "levelname": "INFO", "correlation_id": "-", "name": "integration.services.create_agent_service", "lineno": 37, "message": "Creating agent with payload: {'email': 'mrs_nicola_fleming@company.com', 'name': 'Susan Morris'}"}
{"asctime": "2024-12-19T13:59:35", "msecs": 463.0, "levelname": "INFO", "correlation_id": "-", "name": "integration.services.create_agent_service", "lineno": 51, "message": "Agent created successfully: {'name': 'Susan Morris', 'email': 'mrs_nicola_fleming@company.com', 'agent_id': 'ba4dcc39-2dee-4e88-b0b6-19e015c2491a'}"}
{"asctime": "2024-12-19T13:59:35", "msecs": 463.0, "levelname": "INFO", "correlation_id": "-", "name": "integration.services.event_preprocessing_service", "lineno": 47, "message": "New agent created successfully"}
{"asctime": "2024-12-19T13:59:35", "msecs": 463.0, "levelname": "DEBUG", "correlation_id": "-", "name": "integration.services.start_event_service", "lineno": 40, "message": "Starting event with payload: {'agent_id': 'ba4dcc39-2dee-4e88-b0b6-19e015c2491a', 'started_at': '2024-12-19T13:59:27.000000', 'external_id': '10'}"}
{"asctime": "2024-12-19T13:59:37", "msecs": 490.0, "levelname": "INFO", "correlation_id": "-", "name": "integration.services.start_event_service", "lineno": 58, "message": "Event started successfully: {'agent_id': 'ba4dcc39-2dee-4e88-b0b6-19e015c2491a', 'started_at': '2024-12-19T13:59:27', 'ended_at': None, 'external_id': '10', 'chat_id': '4dc4f0bb-e42f-4e8d-a80b-af2b18bdaaac'}"}
{"asctime": "2024-12-19T13:59:37", "msecs": 490.0, "levelname": "INFO", "correlation_id": "-", "name": "integration.services.event_preprocessing_service", "lineno": 75, "message": "Event processed successfully"}
{"asctime": "2024-12-19T13:59:37", "msecs": 490.0, "levelname": "INFO", "correlation_id": "-", "name": "integration.handlers.start_event_handler", "lineno": 19, "message": "Event preprocessing completed successfully"}
{"asctime": "2024-12-19T13:59:37", "msecs": 534.0, "levelname": "INFO", "correlation_id": "-", "name": "integration.handlers.start_event_handler", "lineno": 33, "message": "Start event handled successfully, event saved in database"}
{"asctime": "2024-12-19T13:59:47", "msecs": 579.0, "levelname": "INFO", "correlation_id": "-", "name": "integration.main", "lineno": 26, "message": "Start time --> 2024-12-19 13:59:37.579277"}
{"asctime": "2024-12-19T13:59:47", "msecs": 579.0, "levelname": "INFO", "correlation_id": "-", "name": "integration.handlers.get_events_handler", "lineno": 20, "message": "getting events starting from 2024-12-19 13:59:37.579277"}
{"asctime": "2024-12-19T13:59:47", "msecs": 579.0, "levelname": "DEBUG", "correlation_id": "-", "name": "integration.services.get_events_service", "lineno": 26, "message": "Fetching events with parameters: {'start_at': datetime.datetime(2024, 12, 19, 13, 59, 37, 579277)}"}
{"asctime": "2024-12-19T13:59:49", "msecs": 629.0, "levelname": "DEBUG", "correlation_id": "-", "name": "integration.services.get_events_service", "lineno": 30, "message": "Response received: Status code 200, Headers: {'date': 'Thu, 19 Dec 2024 13:59:48 GMT', 'server': 'uvicorn', 'content-length': '900', 'content-type': 'application/json'}"}
{"asctime": "2024-12-19T13:59:49", "msecs": 629.0, "levelname": "INFO", "correlation_id": "-", "name": "integration.services.get_events_service", "lineno": 41, "message": "Events fetched successfully: 8 events found starting at 2024-12-19 13:59:37.579277."}
{"asctime": "2024-12-19T13:59:49", "msecs": 644.0, "levelname": "INFO", "correlation_id": "-", "name": "integration.handlers.all_events_handler", "lineno": 31, "message": "Starting to process events"}
{"asctime": "2024-12-19T14:00:09", "msecs": 678.0, "levelname": "INFO", "correlation_id": "-", "name": "integration.main", "lineno": 26, "message": "Start time --> 2024-12-19 13:59:59.678680"}
{"asctime": "2024-12-19T14:00:09", "msecs": 678.0, "levelname": "INFO", "correlation_id": "-", "name": "integration.handlers.get_events_handler", "lineno": 20, "message": "getting events starting from 2024-12-19 13:59:59.678680"}
{"asctime": "2024-12-19T14:00:09", "msecs": 678.0, "levelname": "DEBUG", "correlation_id": "-", "name": "integration.services.get_events_service", "lineno": 26, "message": "Fetching events with parameters: {'start_at': datetime.datetime(2024, 12, 19, 13, 59, 59, 678680)}"}
{"asctime": "2024-12-19T14:00:11", "msecs": 727.0, "levelname": "DEBUG", "correlation_id": "-", "name": "integration.services.get_events_service", "lineno": 30, "message": "Response received: Status code 200, Headers: {'date': 'Thu, 19 Dec 2024 14:00:11 GMT', 'server': 'uvicorn', 'content-length': '710', 'content-type': 'application/json'}"}
{"asctime": "2024-12-19T14:00:11", "msecs": 727.0, "levelname": "INFO", "correlation_id": "-", "name": "integration.services.get_events_service", "lineno": 41, "message": "Events fetched successfully: 6 events found starting at 2024-12-19 13:59:59.678680."}
{"asctime": "2024-12-19T14:00:11", "msecs": 727.0, "levelname": "INFO", "correlation_id": "-", "name": "integration.handlers.all_events_handler", "lineno": 31, "message": "Starting to process events"}
{"asctime": "2024-12-19T14:00:11", "msecs": 745.0, "levelname": "INFO", "correlation_id": "-", "name": "integration.handlers.start_event_handler", "lineno": 9, "message": "Starting to handle start event"}
{"asctime": "2024-12-19T14:00:11", "msecs": 747.0, "levelname": "INFO", "correlation_id": "-", "name": "integration.services.event_preprocessing_service", "lineno": 17, "message": "Starting event preprocessing"}
{"asctime": "2024-12-19T14:00:11", "msecs": 749.0, "levelname": "DEBUG", "correlation_id": "-", "name": "integration.services.event_preprocessing_service", "lineno": 18, "message": "event --> {'conversation_id': 11, 'event_name': 'START', 'event_at': 1734616811, 'data': None}"}
{"asctime": "2024-12-19T14:00:11", "msecs": 750.0, "levelname": "INFO", "correlation_id": "-", "name": "integration.services.get_conversation_details_service", "lineno": 26, "message": "Fetching conversation details for conversation_id: 11"}
{"asctime": "2024-12-19T14:00:13", "msecs": 773.0, "levelname": "INFO", "correlation_id": "-", "name": "integration.services.get_conversation_details_service", "lineno": 50, "message": "Conversation details fetched successfully."}
{"asctime": "2024-12-19T14:00:13", "msecs": 773.0, "levelname": "INFO", "correlation_id": "-", "name": "integration.services.get_advisor_service", "lineno": 26, "message": "Fetching advisor details for advisor_id: 1"}
{"asctime": "2024-12-19T14:00:15", "msecs": 802.0, "levelname": "INFO", "correlation_id": "-", "name": "integration.services.get_advisor_service", "lineno": 44, "message": "Advisor details fetched successfully."}
{"asctime": "2024-12-19T14:00:15", "msecs": 802.0, "levelname": "INFO", "correlation_id": "-", "name": "integration.services.is_agent_exist_service", "lineno": 27, "message": "Checking if agent exists for email: lawrence_hall@company.com"}
{"asctime": "2024-12-19T14:00:17", "msecs": 842.0, "levelname": "INFO", "correlation_id": "-", "name": "integration.services.is_agent_exist_service", "lineno": 42, "message": "No agents found for email: lawrence_hall@company.com."}
{"asctime": "2024-12-19T14:00:17", "msecs": 848.0, "levelname": "INFO", "correlation_id": "-", "name": "integration.services.event_preprocessing_service", "lineno": 42, "message": "No agent found, creating a new one"}
{"asctime": "2024-12-19T14:00:17", "msecs": 848.0, "levelname": "INFO", "correlation_id": "-", "name": "integration.services.create_agent_service", "lineno": 37, "message": "Creating agent with payload: {'email': 'lawrence_hall@company.com', 'name': 'Leah Wade'}"}
{"asctime": "2024-12-19T14:00:19", "msecs": 877.0, "levelname": "INFO", "correlation_id": "-", "name": "integration.services.create_agent_service", "lineno": 51, "message": "Agent created successfully: {'name': 'Leah Wade', 'email': 'lawrence_hall@company.com', 'agent_id': 'bf3bda5d-e16d-400a-a313-7efa2819047a'}"}
{"asctime": "2024-12-19T14:00:19", "msecs": 877.0, "levelname": "INFO", "correlation_id": "-", "name": "integration.services.event_preprocessing_service", "lineno": 47, "message": "New agent created successfully"}
{"asctime": "2024-12-19T14:00:19", "msecs": 877.0, "levelname": "DEBUG", "correlation_id": "-", "name": "integration.services.start_event_service", "lineno": 40, "message": "Starting event with payload: {'agent_id': 'bf3bda5d-e16d-400a-a313-7efa2819047a', 'started_at': '2024-12-19T14:00:11.000000', 'external_id': '11'}"}
{"asctime": "2024-12-19T14:00:21", "msecs": 916.0, "levelname": "INFO", "correlation_id": "-", "name": "integration.services.start_event_service", "lineno": 58, "message": "Event started successfully: {'agent_id': 'bf3bda5d-e16d-400a-a313-7efa2819047a', 'started_at': '2024-12-19T14:00:11', 'ended_at': None, 'external_id': '11', 'chat_id': '1313e882-9176-4c58-80be-b0ca67bc390d'}"}
{"asctime": "2024-12-19T14:00:21", "msecs": 919.0, "levelname": "INFO", "correlation_id": "-", "name": "integration.services.event_preprocessing_service", "lineno": 75, "message": "Event processed successfully"}
{"asctime": "2024-12-19T14:00:21", "msecs": 921.0, "levelname": "INFO", "correlation_id": "-", "name": "integration.handlers.start_event_handler", "lineno": 19, "message": "Event preprocessing completed successfully"}
{"asctime": "2024-12-19T14:00:22", "msecs": 43.0, "levelname": "INFO", "correlation_id": "-", "name": "integration.handlers.start_event_handler", "lineno": 33, "message": "Start event handled successfully, event saved in database"}
{"asctime": "2024-12-19T14:00:32", "msecs": 45.0, "levelname": "INFO", "correlation_id": "-", "name": "integration.main", "lineno": 26, "message": "Start time --> 2024-12-19 14:00:22.045573"}
{"asctime": "2024-12-19T14:00:32", "msecs": 45.0, "levelname": "INFO", "correlation_id": "-", "name": "integration.handlers.get_events_handler", "lineno": 20, "message": "getting events starting from 2024-12-19 14:00:22.045573"}
{"asctime": "2024-12-19T14:00:32", "msecs": 45.0, "levelname": "DEBUG", "correlation_id": "-", "name": "integration.services.get_events_service", "lineno": 26, "message": "Fetching events with parameters: {'start_at': datetime.datetime(2024, 12, 19, 14, 0, 22, 45573)}"}
{"asctime": "2024-12-19T14:00:34", "msecs": 107.0, "levelname": "DEBUG", "correlation_id": "-", "name": "integration.services.get_events_service", "lineno": 30, "message": "Response received: Status code 200, Headers: {'date': 'Thu, 19 Dec 2024 14:00:33 GMT', 'server': 'uvicorn', 'content-length': '1388', 'content-type': 'application/json'}"}
{"asctime": "2024-12-19T14:00:34", "msecs": 110.0, "levelname": "INFO", "correlation_id": "-", "name": "integration.services.get_events_service", "lineno": 41, "message": "Events fetched successfully: 12 events found starting at 2024-12-19 14:00:22.045573."}
{"asctime": "2024-12-19T14:00:34", "msecs": 113.0, "levelname": "INFO", "correlation_id": "-", "name": "integration.handlers.all_events_handler", "lineno": 31, "message": "Starting to process events"}
{"asctime": "2024-12-19T14:00:34", "msecs": 113.0, "levelname": "INFO", "correlation_id": "-", "name": "integration.handlers.start_event_handler", "lineno": 9, "message": "Starting to handle start event"}
{"asctime": "2024-12-19T14:00:34", "msecs": 119.0, "levelname": "INFO", "correlation_id": "-", "name": "integration.services.event_preprocessing_service", "lineno": 17, "message": "Starting event preprocessing"}
{"asctime": "2024-12-19T14:00:34", "msecs": 122.0, "levelname": "DEBUG", "correlation_id": "-", "name": "integration.services.event_preprocessing_service", "lineno": 18, "message": "event --> {'conversation_id': 12, 'event_name': 'START', 'event_at': 1734616834, 'data': None}"}
{"asctime": "2024-12-19T14:00:34", "msecs": 122.0, "levelname": "INFO", "correlation_id": "-", "name": "integration.services.get_conversation_details_service", "lineno": 26, "message": "Fetching conversation details for conversation_id: 12"}
{"asctime": "2024-12-19T14:00:36", "msecs": 159.0, "levelname": "INFO", "correlation_id": "-", "name": "integration.services.get_conversation_details_service", "lineno": 50, "message": "Conversation details fetched successfully."}
{"asctime": "2024-12-19T14:00:36", "msecs": 159.0, "levelname": "INFO", "correlation_id": "-", "name": "integration.services.get_advisor_service", "lineno": 26, "message": "Fetching advisor details for advisor_id: 4"}
{"asctime": "2024-12-19T14:00:38", "msecs": 193.0, "levelname": "INFO", "correlation_id": "-", "name": "integration.services.get_advisor_service", "lineno": 44, "message": "Advisor details fetched successfully."}
{"asctime": "2024-12-19T14:00:38", "msecs": 193.0, "levelname": "INFO", "correlation_id": "-", "name": "integration.services.is_agent_exist_service", "lineno": 27, "message": "Checking if agent exists for email: miss_kimberley_morris@company.com"}
{"asctime": "2024-12-19T14:00:40", "msecs": 222.0, "levelname": "INFO", "correlation_id": "-", "name": "integration.services.is_agent_exist_service", "lineno": 45, "message": "Agent fetch successful: 1 agents found."}
{"asctime": "2024-12-19T14:00:40", "msecs": 222.0, "levelname": "DEBUG", "correlation_id": "-", "name": "integration.services.start_event_service", "lineno": 40, "message": "Starting event with payload: {'agent_id': '72a78221-cc21-446c-b89a-d0d571b9f7b8', 'started_at': '2024-12-19T14:00:34.000000', 'external_id': '12'}"}
{"asctime": "2024-12-19T14:00:42", "msecs": 251.0, "levelname": "INFO", "correlation_id": "-", "name": "integration.services.start_event_service", "lineno": 58, "message": "Event started successfully: {'agent_id': '72a78221-cc21-446c-b89a-d0d571b9f7b8', 'started_at': '2024-12-19T14:00:34', 'ended_at': None, 'external_id': '12', 'chat_id': 'badfec36-89e2-4bac-81fc-c1230c22901e'}"}
{"asctime": "2024-12-19T14:00:42", "msecs": 251.0, "levelname": "INFO", "correlation_id": "-", "name": "integration.services.event_preprocessing_service", "lineno": 75, "message": "Event processed successfully"}
{"asctime": "2024-12-19T14:00:42", "msecs": 251.0, "levelname": "INFO", "correlation_id": "-", "name": "integration.handlers.start_event_handler", "lineno": 19, "message": "Event preprocessing completed successfully"}
{"asctime": "2024-12-19T14:00:42", "msecs": 386.0, "levelname": "INFO", "correlation_id": "-", "name": "integration.handlers.start_event_handler", "lineno": 33, "message": "Start event handled successfully, event saved in database"}
{"asctime": "2024-12-19T14:00:54", "msecs": 142.0, "levelname": "INFO", "correlation_id": "-", "name": "integration.main", "lineno": 26, "message": "Start time --> 2024-12-19 14:00:44.142368"}
{"asctime": "2024-12-19T14:00:54", "msecs": 142.0, "levelname": "INFO", "correlation_id": "-", "name": "integration.handlers.get_events_handler", "lineno": 20, "message": "getting events starting from 2024-12-19 14:00:44.142368"}
{"asctime": "2024-12-19T14:00:54", "msecs": 142.0, "levelname": "DEBUG", "correlation_id": "-", "name": "integration.services.get_events_service", "lineno": 26, "message": "Fetching events with parameters: {'start_at': datetime.datetime(2024, 12, 19, 14, 0, 44, 142368)}"}
{"asctime": "2024-12-19T14:00:56", "msecs": 201.0, "levelname": "DEBUG", "correlation_id": "-", "name": "integration.services.get_events_service", "lineno": 30, "message": "Response received: Status code 500, Headers: {'date': 'Thu, 19 Dec 2024 14:00:55 GMT', 'server': 'uvicorn', 'content-length': '21', 'content-type': 'text/plain; charset=utf-8'}"}
{"asctime": "2024-12-19T14:00:56", "msecs": 216.0, "levelname": "ERROR", "correlation_id": "-", "name": "integration.services.get_events_service", "lineno": 33, "message": "Unhandled status code: 500. Parameters: {'start_at': datetime.datetime(2024, 12, 19, 14, 0, 44, 142368)}"}
{"asctime": "2024-12-19T14:00:56", "msecs": 216.0, "levelname": "WARNING", "correlation_id": "-", "name": "integration.handlers.all_events_handler", "lineno": 29, "message": "No events found"}
{"asctime": "2024-12-19T14:00:58", "msecs": 623.0, "levelname": "INFO", "correlation_id": "-", "name": "uvicorn.error", "lineno": 258, "message": "Shutting down"}
{"asctime": "2024-12-19T14:00:58", "msecs": 732.0, "levelname": "INFO", "correlation_id": "-", "name": "uvicorn.error", "lineno": 67, "message": "Waiting for application shutdown."}
{"asctime": "2024-12-19T14:00:58", "msecs": 732.0, "levelname": "INFO", "correlation_id": "-", "name": "uvicorn.error", "lineno": 76, "message": "Application shutdown complete."}
{"asctime": "2024-12-19T14:00:58", "msecs": 732.0, "levelname": "INFO", "correlation_id": "-", "name": "uvicorn.error", "lineno": 92, "message": "Finished server process [13756]", "color_message": "Finished server process [\u001b[36m%d\u001b[0m]"}
{"asctime": "2024-12-19T16:44:35", "msecs": 843.0, "levelname": "INFO", "correlation_id": "-", "name": "integration.main", "lineno": 50, "message": "Hello World"}
{"asctime": "2024-12-19T16:44:35", "msecs": 859.0, "levelname": "INFO", "correlation_id": "-", "name": "integration.main", "lineno": 26, "message": "Start time --> 2024-12-19 16:44:25.859446"}
{"asctime": "2024-12-19T16:44:35", "msecs": 859.0, "levelname": "INFO", "correlation_id": "-", "name": "integration.handlers.get_events_handler", "lineno": 20, "message": "getting events starting from 2024-12-19 16:44:25.859446"}
{"asctime": "2024-12-19T16:44:35", "msecs": 859.0, "levelname": "DEBUG", "correlation_id": "-", "name": "integration.services.get_events_service", "lineno": 26, "message": "Fetching events with parameters: {'start_at': datetime.datetime(2024, 12, 19, 16, 44, 25, 859446)}"}
{"asctime": "2024-12-19T16:44:37", "msecs": 918.0, "levelname": "DEBUG", "correlation_id": "-", "name": "integration.services.get_events_service", "lineno": 30, "message": "Response received: Status code 200, Headers: {'date': 'Thu, 19 Dec 2024 16:44:37 GMT', 'server': 'uvicorn', 'content-length': '2989', 'content-type': 'application/json'}"}
{"asctime": "2024-12-19T16:44:37", "msecs": 918.0, "levelname": "INFO", "correlation_id": "-", "name": "integration.services.get_events_service", "lineno": 41, "message": "Events fetched successfully: 27 events found starting at 2024-12-19 16:44:25.859446."}
{"asctime": "2024-12-19T16:44:37", "msecs": 918.0, "levelname": "INFO", "correlation_id": "-", "name": "uvicorn.error", "lineno": 62, "message": "Application startup complete."}
{"asctime": "2024-12-19T16:44:37", "msecs": 932.0, "levelname": "INFO", "correlation_id": "-", "name": "integration.handlers.all_events_handler", "lineno": 31, "message": "Starting to process events"}
{"asctime": "2024-12-19T16:44:37", "msecs": 934.0, "levelname": "INFO", "correlation_id": "-", "name": "uvicorn.error", "lineno": 214, "message": "Uvicorn running on http://127.0.0.1:8000 (Press CTRL+C to quit)", "color_message": "Uvicorn running on \u001b[1m%s://%s:%d\u001b[0m (Press CTRL+C to quit)"}
{"asctime": "2024-12-19T16:44:47", "msecs": 914.0, "levelname": "INFO", "correlation_id": "-", "name": "integration.main", "lineno": 26, "message": "Start time --> 2024-12-19 16:44:37.914512"}
{"asctime": "2024-12-19T16:44:47", "msecs": 914.0, "levelname": "INFO", "correlation_id": "-", "name": "integration.handlers.get_events_handler", "lineno": 20, "message": "getting events starting from 2024-12-19 16:44:37.914512"}
{"asctime": "2024-12-19T16:44:47", "msecs": 914.0, "levelname": "DEBUG", "correlation_id": "-", "name": "integration.services.get_events_service", "lineno": 26, "message": "Fetching events with parameters: {'start_at': datetime.datetime(2024, 12, 19, 16, 44, 37, 914512)}"}
{"asctime": "2024-12-19T16:44:49", "msecs": 962.0, "levelname": "DEBUG", "correlation_id": "-", "name": "integration.services.get_events_service", "lineno": 30, "message": "Response received: Status code 200, Headers: {'date': 'Thu, 19 Dec 2024 16:44:49 GMT', 'server': 'uvicorn', 'content-length': '3356', 'content-type': 'application/json'}"}
{"asctime": "2024-12-19T16:44:49", "msecs": 962.0, "levelname": "INFO", "correlation_id": "-", "name": "integration.services.get_events_service", "lineno": 41, "message": "Events fetched successfully: 29 events found starting at 2024-12-19 16:44:37.914512."}
{"asctime": "2024-12-19T16:44:49", "msecs": 962.0, "levelname": "INFO", "correlation_id": "-", "name": "integration.handlers.all_events_handler", "lineno": 31, "message": "Starting to process events"}
{"asctime": "2024-12-19T16:44:59", "msecs": 981.0, "levelname": "INFO", "correlation_id": "-", "name": "integration.main", "lineno": 26, "message": "Start time --> 2024-12-19 16:44:49.981697"}
{"asctime": "2024-12-19T16:44:59", "msecs": 981.0, "levelname": "INFO", "correlation_id": "-", "name": "integration.handlers.get_events_handler", "lineno": 20, "message": "getting events starting from 2024-12-19 16:44:49.981697"}
{"asctime": "2024-12-19T16:44:59", "msecs": 987.0, "levelname": "DEBUG", "correlation_id": "-", "name": "integration.services.get_events_service", "lineno": 26, "message": "Fetching events with parameters: {'start_at': datetime.datetime(2024, 12, 19, 16, 44, 49, 981697)}"}
{"asctime": "2024-12-19T16:45:02", "msecs": 29.0, "levelname": "DEBUG", "correlation_id": "-", "name": "integration.services.get_events_service", "lineno": 30, "message": "Response received: Status code 200, Headers: {'date': 'Thu, 19 Dec 2024 16:45:00 GMT', 'server': 'uvicorn', 'content-length': '3268', 'content-type': 'application/json'}"}
{"asctime": "2024-12-19T16:45:02", "msecs": 29.0, "levelname": "INFO", "correlation_id": "-", "name": "integration.services.get_events_service", "lineno": 41, "message": "Events fetched successfully: 28 events found starting at 2024-12-19 16:44:49.981697."}
{"asctime": "2024-12-19T16:45:02", "msecs": 29.0, "levelname": "INFO", "correlation_id": "-", "name": "integration.handlers.all_events_handler", "lineno": 31, "message": "Starting to process events"}
{"asctime": "2024-12-19T16:45:12", "msecs": 34.0, "levelname": "INFO", "correlation_id": "-", "name": "integration.main", "lineno": 26, "message": "Start time --> 2024-12-19 16:45:02.034286"}
{"asctime": "2024-12-19T16:45:12", "msecs": 34.0, "levelname": "INFO", "correlation_id": "-", "name": "integration.handlers.get_events_handler", "lineno": 20, "message": "getting events starting from 2024-12-19 16:45:02.034286"}
{"asctime": "2024-12-19T16:45:12", "msecs": 34.0, "levelname": "DEBUG", "correlation_id": "-", "name": "integration.services.get_events_service", "lineno": 26, "message": "Fetching events with parameters: {'start_at': datetime.datetime(2024, 12, 19, 16, 45, 2, 34286)}"}
{"asctime": "2024-12-19T16:45:14", "msecs": 94.0, "levelname": "DEBUG", "correlation_id": "-", "name": "integration.services.get_events_service", "lineno": 30, "message": "Response received: Status code 200, Headers: {'date': 'Thu, 19 Dec 2024 16:45:13 GMT', 'server': 'uvicorn', 'content-length': '3379', 'content-type': 'application/json'}"}
{"asctime": "2024-12-19T16:45:14", "msecs": 94.0, "levelname": "INFO", "correlation_id": "-", "name": "integration.services.get_events_service", "lineno": 41, "message": "Events fetched successfully: 28 events found starting at 2024-12-19 16:45:02.034286."}
{"asctime": "2024-12-19T16:45:14", "msecs": 94.0, "levelname": "INFO", "correlation_id": "-", "name": "integration.handlers.all_events_handler", "lineno": 31, "message": "Starting to process events"}
{"asctime": "2024-12-19T16:45:14", "msecs": 110.0, "levelname": "INFO", "correlation_id": "-", "name": "integration.handlers.start_event_handler", "lineno": 9, "message": "Starting to handle start event"}
{"asctime": "2024-12-19T16:45:14", "msecs": 110.0, "levelname": "INFO", "correlation_id": "-", "name": "integration.services.event_preprocessing_service", "lineno": 17, "message": "Starting event preprocessing"}
{"asctime": "2024-12-19T16:45:14", "msecs": 116.0, "levelname": "DEBUG", "correlation_id": "-", "name": "integration.services.event_preprocessing_service", "lineno": 18, "message": "event --> {'conversation_id': 38, 'event_name': 'START', 'event_at': 1734626714, 'data': None}"}
{"asctime": "2024-12-19T16:45:14", "msecs": 120.0, "levelname": "INFO", "correlation_id": "-", "name": "integration.services.get_conversation_details_service", "lineno": 26, "message": "Fetching conversation details for conversation_id: 38"}
{"asctime": "2024-12-19T16:45:16", "msecs": 137.0, "levelname": "INFO", "correlation_id": "-", "name": "integration.services.get_conversation_details_service", "lineno": 50, "message": "Conversation details fetched successfully."}
{"asctime": "2024-12-19T16:45:16", "msecs": 137.0, "levelname": "INFO", "correlation_id": "-", "name": "integration.services.get_advisor_service", "lineno": 26, "message": "Fetching advisor details for advisor_id: 6"}
{"asctime": "2024-12-19T16:45:18", "msecs": 179.0, "levelname": "INFO", "correlation_id": "-", "name": "integration.services.get_advisor_service", "lineno": 44, "message": "Advisor details fetched successfully."}
{"asctime": "2024-12-19T16:45:18", "msecs": 179.0, "levelname": "INFO", "correlation_id": "-", "name": "integration.services.is_agent_exist_service", "lineno": 27, "message": "Checking if agent exists for email: timothy_pickering@company.com"}
{"asctime": "2024-12-19T16:45:20", "msecs": 223.0, "levelname": "INFO", "correlation_id": "-", "name": "integration.services.is_agent_exist_service", "lineno": 45, "message": "Agent fetch successful: 1 agents found."}
{"asctime": "2024-12-19T16:45:20", "msecs": 229.0, "levelname": "DEBUG", "correlation_id": "-", "name": "integration.services.start_event_service", "lineno": 40, "message": "Starting event with payload: {'agent_id': '3a61963e-11be-4057-a8a6-83d5443f62a0', 'started_at': '2024-12-19T16:45:14.000000', 'external_id': '38'}"}
{"asctime": "2024-12-19T16:45:22", "msecs": 276.0, "levelname": "INFO", "correlation_id": "-", "name": "integration.services.start_event_service", "lineno": 58, "message": "Event started successfully: {'agent_id': '3a61963e-11be-4057-a8a6-83d5443f62a0', 'started_at': '2024-12-19T16:45:14', 'ended_at': None, 'external_id': '38', 'chat_id': 'b19b7d64-3dfa-4b63-9195-da82e91ef48a'}"}
{"asctime": "2024-12-19T16:45:22", "msecs": 276.0, "levelname": "INFO", "correlation_id": "-", "name": "integration.services.event_preprocessing_service", "lineno": 75, "message": "Event processed successfully"}
{"asctime": "2024-12-19T16:45:22", "msecs": 284.0, "levelname": "INFO", "correlation_id": "-", "name": "integration.handlers.start_event_handler", "lineno": 19, "message": "Event preprocessing completed successfully"}
{"asctime": "2024-12-19T16:45:22", "msecs": 595.0, "levelname": "INFO", "correlation_id": "-", "name": "integration.handlers.start_event_handler", "lineno": 33, "message": "Start event handled successfully, event saved in database"}
{"asctime": "2024-12-19T16:45:24", "msecs": 116.0, "levelname": "INFO", "correlation_id": "-", "name": "integration.main", "lineno": 26, "message": "Start time --> 2024-12-19 16:45:14.116386"}
{"asctime": "2024-12-19T16:45:24", "msecs": 116.0, "levelname": "INFO", "correlation_id": "-", "name": "integration.handlers.get_events_handler", "lineno": 20, "message": "getting events starting from 2024-12-19 16:45:14.116386"}
{"asctime": "2024-12-19T16:45:24", "msecs": 116.0, "levelname": "DEBUG", "correlation_id": "-", "name": "integration.services.get_events_service", "lineno": 26, "message": "Fetching events with parameters: {'start_at': datetime.datetime(2024, 12, 19, 16, 45, 14, 116386)}"}
{"asctime": "2024-12-19T16:45:26", "msecs": 159.0, "levelname": "DEBUG", "correlation_id": "-", "name": "integration.services.get_events_service", "lineno": 30, "message": "Response received: Status code 200, Headers: {'date': 'Thu, 19 Dec 2024 16:45:25 GMT', 'server': 'uvicorn', 'content-length': '3162', 'content-type': 'application/json'}"}
{"asctime": "2024-12-19T16:45:26", "msecs": 159.0, "levelname": "INFO", "correlation_id": "-", "name": "integration.services.get_events_service", "lineno": 41, "message": "Events fetched successfully: 26 events found starting at 2024-12-19 16:45:14.116386."}
{"asctime": "2024-12-19T16:45:26", "msecs": 175.0, "levelname": "INFO", "correlation_id": "-", "name": "integration.handlers.all_events_handler", "lineno": 31, "message": "Starting to process events"}
{"asctime": "2024-12-19T16:45:36", "msecs": 173.0, "levelname": "INFO", "correlation_id": "-", "name": "integration.main", "lineno": 26, "message": "Start time --> 2024-12-19 16:45:26.173999"}
{"asctime": "2024-12-19T16:45:36", "msecs": 175.0, "levelname": "INFO", "correlation_id": "-", "name": "integration.handlers.get_events_handler", "lineno": 20, "message": "getting events starting from 2024-12-19 16:45:26.173999"}
{"asctime": "2024-12-19T16:45:36", "msecs": 175.0, "levelname": "DEBUG", "correlation_id": "-", "name": "integration.services.get_events_service", "lineno": 26, "message": "Fetching events with parameters: {'start_at': datetime.datetime(2024, 12, 19, 16, 45, 26, 173999)}"}
{"asctime": "2024-12-19T16:45:38", "msecs": 202.0, "levelname": "DEBUG", "correlation_id": "-", "name": "integration.services.get_events_service", "lineno": 30, "message": "Response received: Status code 200, Headers: {'date': 'Thu, 19 Dec 2024 16:45:37 GMT', 'server': 'uvicorn', 'content-length': '3623', 'content-type': 'application/json'}"}
{"asctime": "2024-12-19T16:45:38", "msecs": 217.0, "levelname": "INFO", "correlation_id": "-", "name": "integration.services.get_events_service", "lineno": 41, "message": "Events fetched successfully: 31 events found starting at 2024-12-19 16:45:26.173999."}
{"asctime": "2024-12-19T16:45:38", "msecs": 217.0, "levelname": "INFO", "correlation_id": "-", "name": "integration.handlers.all_events_handler", "lineno": 31, "message": "Starting to process events"}
{"asctime": "2024-12-19T16:45:42", "msecs": 799.0, "levelname": "INFO", "correlation_id": "-", "name": "uvicorn.error", "lineno": 258, "message": "Shutting down"}
{"asctime": "2024-12-19T16:45:42", "msecs": 915.0, "levelname": "INFO", "correlation_id": "-", "name": "uvicorn.error", "lineno": 67, "message": "Waiting for application shutdown."}
{"asctime": "2024-12-19T16:45:42", "msecs": 915.0, "levelname": "INFO", "correlation_id": "-", "name": "uvicorn.error", "lineno": 76, "message": "Application shutdown complete."}
{"asctime": "2024-12-19T16:45:42", "msecs": 915.0, "levelname": "INFO", "correlation_id": "-", "name": "uvicorn.error", "lineno": 92, "message": "Finished server process [24052]", "color_message": "Finished server process [\u001b[36m%d\u001b[0m]"}
{"asctime": "2024-12-19T16:47:43", "msecs": 984.0, "levelname": "INFO", "correlation_id": "-", "name": "integration.main", "lineno": 50, "message": "Hello World"}
{"asctime": "2024-12-19T16:47:43", "msecs": 984.0, "levelname": "INFO", "correlation_id": "-", "name": "integration.main", "lineno": 26, "message": "Start time --> 2024-12-19 16:47:33.984836"}
{"asctime": "2024-12-19T16:47:43", "msecs": 984.0, "levelname": "INFO", "correlation_id": "-", "name": "integration.handlers.get_events_handler", "lineno": 20, "message": "getting events starting from 2024-12-19 16:47:33.984836"}
{"asctime": "2024-12-19T16:47:43", "msecs": 984.0, "levelname": "DEBUG", "correlation_id": "-", "name": "integration.services.get_events_service", "lineno": 26, "message": "Fetching events with parameters: {'start_at': datetime.datetime(2024, 12, 19, 16, 47, 33, 984836)}"}
{"asctime": "2024-12-19T16:47:46", "msecs": 65.0, "levelname": "DEBUG", "correlation_id": "-", "name": "integration.services.get_events_service", "lineno": 30, "message": "Response received: Status code 200, Headers: {'date': 'Thu, 19 Dec 2024 16:47:45 GMT', 'server': 'uvicorn', 'content-length': '3138', 'content-type': 'application/json'}"}
{"asctime": "2024-12-19T16:47:46", "msecs": 65.0, "levelname": "INFO", "correlation_id": "-", "name": "integration.services.get_events_service", "lineno": 41, "message": "Events fetched successfully: 28 events found starting at 2024-12-19 16:47:33.984836."}
{"asctime": "2024-12-19T16:47:46", "msecs": 65.0, "levelname": "INFO", "correlation_id": "-", "name": "uvicorn.error", "lineno": 62, "message": "Application startup complete."}
{"asctime": "2024-12-19T16:47:46", "msecs": 65.0, "levelname": "INFO", "correlation_id": "-", "name": "integration.handlers.all_events_handler", "lineno": 31, "message": "Starting to process events"}
{"asctime": "2024-12-19T16:47:46", "msecs": 84.0, "levelname": "INFO", "correlation_id": "-", "name": "uvicorn.error", "lineno": 214, "message": "Uvicorn running on http://127.0.0.1:8000 (Press CTRL+C to quit)", "color_message": "Uvicorn running on \u001b[1m%s://%s:%d\u001b[0m (Press CTRL+C to quit)"}
{"asctime": "2024-12-19T16:47:56", "msecs": 81.0, "levelname": "INFO", "correlation_id": "-", "name": "integration.main", "lineno": 26, "message": "Start time --> 2024-12-19 16:47:46.081077"}
{"asctime": "2024-12-19T16:47:56", "msecs": 81.0, "levelname": "INFO", "correlation_id": "-", "name": "integration.handlers.get_events_handler", "lineno": 20, "message": "getting events starting from 2024-12-19 16:47:46.081077"}
{"asctime": "2024-12-19T16:47:56", "msecs": 81.0, "levelname": "DEBUG", "correlation_id": "-", "name": "integration.services.get_events_service", "lineno": 26, "message": "Fetching events with parameters: {'start_at': datetime.datetime(2024, 12, 19, 16, 47, 46, 81077)}"}
{"asctime": "2024-12-19T16:47:58", "msecs": 144.0, "levelname": "DEBUG", "correlation_id": "-", "name": "integration.services.get_events_service", "lineno": 30, "message": "Response received: Status code 200, Headers: {'date': 'Thu, 19 Dec 2024 16:47:57 GMT', 'server': 'uvicorn', 'content-length': '3288', 'content-type': 'application/json'}"}
{"asctime": "2024-12-19T16:47:58", "msecs": 144.0, "levelname": "INFO", "correlation_id": "-", "name": "integration.services.get_events_service", "lineno": 41, "message": "Events fetched successfully: 27 events found starting at 2024-12-19 16:47:46.081077."}
{"asctime": "2024-12-19T16:47:58", "msecs": 144.0, "levelname": "INFO", "correlation_id": "-", "name": "integration.handlers.all_events_handler", "lineno": 31, "message": "Starting to process events"}
{"asctime": "2024-12-19T16:48:08", "msecs": 153.0, "levelname": "INFO", "correlation_id": "-", "name": "integration.main", "lineno": 26, "message": "Start time --> 2024-12-19 16:47:58.153111"}
{"asctime": "2024-12-19T16:48:08", "msecs": 153.0, "levelname": "INFO", "correlation_id": "-", "name": "integration.handlers.get_events_handler", "lineno": 20, "message": "getting events starting from 2024-12-19 16:47:58.153111"}
{"asctime": "2024-12-19T16:48:08", "msecs": 153.0, "levelname": "DEBUG", "correlation_id": "-", "name": "integration.services.get_events_service", "lineno": 26, "message": "Fetching events with parameters: {'start_at': datetime.datetime(2024, 12, 19, 16, 47, 58, 153111)}"}
{"asctime": "2024-12-19T16:48:10", "msecs": 196.0, "levelname": "DEBUG", "correlation_id": "-", "name": "integration.services.get_events_service", "lineno": 30, "message": "Response received: Status code 200, Headers: {'date': 'Thu, 19 Dec 2024 16:48:09 GMT', 'server': 'uvicorn', 'content-length': '3365', 'content-type': 'application/json'}"}
{"asctime": "2024-12-19T16:48:10", "msecs": 212.0, "levelname": "INFO", "correlation_id": "-", "name": "integration.services.get_events_service", "lineno": 41, "message": "Events fetched successfully: 29 events found starting at 2024-12-19 16:47:58.153111."}
{"asctime": "2024-12-19T16:48:10", "msecs": 212.0, "levelname": "INFO", "correlation_id": "-", "name": "integration.handlers.all_events_handler", "lineno": 31, "message": "Starting to process events"}
{"asctime": "2024-12-19T16:48:10", "msecs": 212.0, "levelname": "INFO", "correlation_id": "-", "name": "integration.handlers.start_event_handler", "lineno": 9, "message": "Starting to handle start event"}
{"asctime": "2024-12-19T16:48:10", "msecs": 222.0, "levelname": "INFO", "correlation_id": "-", "name": "integration.services.event_preprocessing_service", "lineno": 17, "message": "Starting event preprocessing"}
{"asctime": "2024-12-19T16:48:10", "msecs": 224.0, "levelname": "DEBUG", "correlation_id": "-", "name": "integration.services.event_preprocessing_service", "lineno": 18, "message": "event --> {'conversation_id': 39, 'event_name': 'START', 'event_at': 1734626890, 'data': None}"}
{"asctime": "2024-12-19T16:48:10", "msecs": 229.0, "levelname": "INFO", "correlation_id": "-", "name": "integration.services.get_conversation_details_service", "lineno": 26, "message": "Fetching conversation details for conversation_id: 39"}
{"asctime": "2024-12-19T16:48:12", "msecs": 265.0, "levelname": "INFO", "correlation_id": "-", "name": "integration.services.get_conversation_details_service", "lineno": 50, "message": "Conversation details fetched successfully."}
{"asctime": "2024-12-19T16:48:12", "msecs": 265.0, "levelname": "INFO", "correlation_id": "-", "name": "integration.services.get_advisor_service", "lineno": 26, "message": "Fetching advisor details for advisor_id: 7"}
{"asctime": "2024-12-19T16:48:14", "msecs": 296.0, "levelname": "INFO", "correlation_id": "-", "name": "integration.services.get_advisor_service", "lineno": 44, "message": "Advisor details fetched successfully."}
{"asctime": "2024-12-19T16:48:14", "msecs": 296.0, "levelname": "INFO", "correlation_id": "-", "name": "integration.services.is_agent_exist_service", "lineno": 27, "message": "Checking if agent exists for email: dr_lee_pearson@company.com"}
{"asctime": "2024-12-19T16:48:16", "msecs": 324.0, "levelname": "INFO", "correlation_id": "-", "name": "integration.services.is_agent_exist_service", "lineno": 45, "message": "Agent fetch successful: 1 agents found."}
{"asctime": "2024-12-19T16:48:16", "msecs": 324.0, "levelname": "DEBUG", "correlation_id": "-", "name": "integration.services.start_event_service", "lineno": 40, "message": "Starting event with payload: {'agent_id': '6fc6e5a5-e7bc-4d32-97a0-318f21ffbb12', 'started_at': '2024-12-19T16:48:10.000000', 'external_id': '39'}"}
{"asctime": "2024-12-19T16:48:18", "msecs": 369.0, "levelname": "INFO", "correlation_id": "-", "name": "integration.services.start_event_service", "lineno": 58, "message": "Event started successfully: {'agent_id': '6fc6e5a5-e7bc-4d32-97a0-318f21ffbb12', 'started_at': '2024-12-19T16:48:10', 'ended_at': None, 'external_id': '39', 'chat_id': 'a700100d-71c3-4d76-83cc-771747e6cb49'}"}
{"asctime": "2024-12-19T16:48:18", "msecs": 369.0, "levelname": "INFO", "correlation_id": "-", "name": "integration.services.event_preprocessing_service", "lineno": 75, "message": "Event processed successfully"}
{"asctime": "2024-12-19T16:48:18", "msecs": 369.0, "levelname": "INFO", "correlation_id": "-", "name": "integration.handlers.start_event_handler", "lineno": 19, "message": "Event preprocessing completed successfully"}
{"asctime": "2024-12-19T16:48:18", "msecs": 423.0, "levelname": "INFO", "correlation_id": "-", "name": "integration.handlers.start_event_handler", "lineno": 33, "message": "Start event handled successfully, event saved in database"}
{"asctime": "2024-12-19T16:48:20", "msecs": 218.0, "levelname": "INFO", "correlation_id": "-", "name": "integration.main", "lineno": 26, "message": "Start time --> 2024-12-19 16:48:10.218408"}
{"asctime": "2024-12-19T16:48:20", "msecs": 221.0, "levelname": "INFO", "correlation_id": "-", "name": "integration.handlers.get_events_handler", "lineno": 20, "message": "getting events starting from 2024-12-19 16:48:10.218408"}
{"asctime": "2024-12-19T16:48:20", "msecs": 224.0, "levelname": "DEBUG", "correlation_id": "-", "name": "integration.services.get_events_service", "lineno": 26, "message": "Fetching events with parameters: {'start_at': datetime.datetime(2024, 12, 19, 16, 48, 10, 218408)}"}
{"asctime": "2024-12-19T16:48:22", "msecs": 263.0, "levelname": "DEBUG", "correlation_id": "-", "name": "integration.services.get_events_service", "lineno": 30, "message": "Response received: Status code 200, Headers: {'date': 'Thu, 19 Dec 2024 16:48:21 GMT', 'server': 'uvicorn', 'content-length': '3972', 'content-type': 'application/json'}"}
{"asctime": "2024-12-19T16:48:22", "msecs": 263.0, "levelname": "INFO", "correlation_id": "-", "name": "integration.services.get_events_service", "lineno": 41, "message": "Events fetched successfully: 34 events found starting at 2024-12-19 16:48:10.218408."}
{"asctime": "2024-12-19T16:48:22", "msecs": 263.0, "levelname": "INFO", "correlation_id": "-", "name": "integration.handlers.all_events_handler", "lineno": 31, "message": "Starting to process events"}
{"asctime": "2024-12-19T16:48:32", "msecs": 279.0, "levelname": "INFO", "correlation_id": "-", "name": "integration.main", "lineno": 26, "message": "Start time --> 2024-12-19 16:48:22.279681"}
{"asctime": "2024-12-19T16:48:32", "msecs": 279.0, "levelname": "INFO", "correlation_id": "-", "name": "integration.handlers.get_events_handler", "lineno": 20, "message": "getting events starting from 2024-12-19 16:48:22.279681"}
{"asctime": "2024-12-19T16:48:32", "msecs": 279.0, "levelname": "DEBUG", "correlation_id": "-", "name": "integration.services.get_events_service", "lineno": 26, "message": "Fetching events with parameters: {'start_at': datetime.datetime(2024, 12, 19, 16, 48, 22, 279681)}"}
{"asctime": "2024-12-19T16:48:34", "msecs": 329.0, "levelname": "DEBUG", "correlation_id": "-", "name": "integration.services.get_events_service", "lineno": 30, "message": "Response received: Status code 200, Headers: {'date': 'Thu, 19 Dec 2024 16:48:33 GMT', 'server': 'uvicorn', 'content-length': '4141', 'content-type': 'application/json'}"}
{"asctime": "2024-12-19T16:48:34", "msecs": 329.0, "levelname": "INFO", "correlation_id": "-", "name": "integration.services.get_events_service", "lineno": 41, "message": "Events fetched successfully: 33 events found starting at 2024-12-19 16:48:22.279681."}
{"asctime": "2024-12-19T16:48:34", "msecs": 329.0, "levelname": "INFO", "correlation_id": "-", "name": "integration.handlers.all_events_handler", "lineno": 31, "message": "Starting to process events"}
{"asctime": "2024-12-19T16:48:44", "msecs": 325.0, "levelname": "INFO", "correlation_id": "-", "name": "integration.main", "lineno": 26, "message": "Start time --> 2024-12-19 16:48:34.325656"}
{"asctime": "2024-12-19T16:48:44", "msecs": 325.0, "levelname": "INFO", "correlation_id": "-", "name": "integration.handlers.get_events_handler", "lineno": 20, "message": "getting events starting from 2024-12-19 16:48:34.325656"}
{"asctime": "2024-12-19T16:48:44", "msecs": 325.0, "levelname": "DEBUG", "correlation_id": "-", "name": "integration.services.get_events_service", "lineno": 26, "message": "Fetching events with parameters: {'start_at': datetime.datetime(2024, 12, 19, 16, 48, 34, 325656)}"}
{"asctime": "2024-12-19T16:48:46", "msecs": 392.0, "levelname": "DEBUG", "correlation_id": "-", "name": "integration.services.get_events_service", "lineno": 30, "message": "Response received: Status code 200, Headers: {'date': 'Thu, 19 Dec 2024 16:48:45 GMT', 'server': 'uvicorn', 'content-length': '2874', 'content-type': 'application/json'}"}
{"asctime": "2024-12-19T16:48:46", "msecs": 396.0, "levelname": "INFO", "correlation_id": "-", "name": "integration.services.get_events_service", "lineno": 41, "message": "Events fetched successfully: 24 events found starting at 2024-12-19 16:48:34.325656."}
{"asctime": "2024-12-19T16:48:46", "msecs": 396.0, "levelname": "INFO", "correlation_id": "-", "name": "integration.handlers.all_events_handler", "lineno": 31, "message": "Starting to process events"}
{"asctime": "2024-12-19T16:48:48", "msecs": 947.0, "levelname": "INFO", "correlation_id": "-", "name": "uvicorn.error", "lineno": 258, "message": "Shutting down"}
{"asctime": "2024-12-19T16:48:49", "msecs": 62.0, "levelname": "INFO", "correlation_id": "-", "name": "uvicorn.error", "lineno": 67, "message": "Waiting for application shutdown."}
{"asctime": "2024-12-19T16:48:49", "msecs": 62.0, "levelname": "INFO", "correlation_id": "-", "name": "uvicorn.error", "lineno": 76, "message": "Application shutdown complete."}
{"asctime": "2024-12-19T16:48:49", "msecs": 62.0, "levelname": "INFO", "correlation_id": "-", "name": "uvicorn.error", "lineno": 92, "message": "Finished server process [19336]", "color_message": "Finished server process [\u001b[36m%d\u001b[0m]"}
{"asctime": "2024-12-19T16:52:10", "msecs": 183.0, "levelname": "INFO", "correlation_id": "-", "name": "integration.main", "lineno": 50, "message": "Hello World"}
{"asctime": "2024-12-19T16:52:10", "msecs": 187.0, "levelname": "INFO", "correlation_id": "-", "name": "integration.main", "lineno": 26, "message": "Start time --> 2024-12-19 16:52:00.187575"}
{"asctime": "2024-12-19T16:52:10", "msecs": 190.0, "levelname": "INFO", "correlation_id": "-", "name": "integration.handlers.get_events_handler", "lineno": 20, "message": "getting events starting from 2024-12-19 16:52:00.187575"}
{"asctime": "2024-12-19T16:52:10", "msecs": 193.0, "levelname": "DEBUG", "correlation_id": "-", "name": "integration.services.get_events_service", "lineno": 26, "message": "Fetching events with parameters: {'start_at': datetime.datetime(2024, 12, 19, 16, 52, 0, 187575)}"}
{"asctime": "2024-12-19T16:52:12", "msecs": 236.0, "levelname": "DEBUG", "correlation_id": "-", "name": "integration.services.get_events_service", "lineno": 30, "message": "Response received: Status code 200, Headers: {'date': 'Thu, 19 Dec 2024 16:52:11 GMT', 'server': 'uvicorn', 'content-length': '3601', 'content-type': 'application/json'}"}
{"asctime": "2024-12-19T16:52:12", "msecs": 236.0, "levelname": "INFO", "correlation_id": "-", "name": "integration.services.get_events_service", "lineno": 41, "message": "Events fetched successfully: 33 events found starting at 2024-12-19 16:52:00.187575."}
{"asctime": "2024-12-19T16:52:12", "msecs": 236.0, "levelname": "INFO", "correlation_id": "-", "name": "uvicorn.error", "lineno": 62, "message": "Application startup complete."}
{"asctime": "2024-12-19T16:52:12", "msecs": 253.0, "levelname": "INFO", "correlation_id": "-", "name": "integration.handlers.all_events_handler", "lineno": 31, "message": "Starting to process events"}
{"asctime": "2024-12-19T16:52:12", "msecs": 256.0, "levelname": "INFO", "correlation_id": "-", "name": "uvicorn.error", "lineno": 214, "message": "Uvicorn running on http://127.0.0.1:8000 (Press CTRL+C to quit)", "color_message": "Uvicorn running on \u001b[1m%s://%s:%d\u001b[0m (Press CTRL+C to quit)"}
{"asctime": "2024-12-19T16:52:22", "msecs": 250.0, "levelname": "INFO", "correlation_id": "-", "name": "integration.main", "lineno": 26, "message": "Start time --> 2024-12-19 16:52:12.250007"}
{"asctime": "2024-12-19T16:52:22", "msecs": 250.0, "levelname": "INFO", "correlation_id": "-", "name": "integration.handlers.get_events_handler", "lineno": 20, "message": "getting events starting from 2024-12-19 16:52:12.250007"}
{"asctime": "2024-12-19T16:52:22", "msecs": 250.0, "levelname": "DEBUG", "correlation_id": "-", "name": "integration.services.get_events_service", "lineno": 26, "message": "Fetching events with parameters: {'start_at': datetime.datetime(2024, 12, 19, 16, 52, 12, 250007)}"}
{"asctime": "2024-12-19T16:52:24", "msecs": 302.0, "levelname": "DEBUG", "correlation_id": "-", "name": "integration.services.get_events_service", "lineno": 30, "message": "Response received: Status code 200, Headers: {'date': 'Thu, 19 Dec 2024 16:52:23 GMT', 'server': 'uvicorn', 'content-length': '3599', 'content-type': 'application/json'}"}
{"asctime": "2024-12-19T16:52:24", "msecs": 302.0, "levelname": "INFO", "correlation_id": "-", "name": "integration.services.get_events_service", "lineno": 41, "message": "Events fetched successfully: 31 events found starting at 2024-12-19 16:52:12.250007."}
{"asctime": "2024-12-19T16:52:24", "msecs": 302.0, "levelname": "INFO", "correlation_id": "-", "name": "integration.handlers.all_events_handler", "lineno": 31, "message": "Starting to process events"}
{"asctime": "2024-12-19T16:52:24", "msecs": 317.0, "levelname": "INFO", "correlation_id": "-", "name": "integration.handlers.start_event_handler", "lineno": 9, "message": "Starting to handle start event"}
{"asctime": "2024-12-19T16:52:24", "msecs": 320.0, "levelname": "INFO", "correlation_id": "-", "name": "integration.services.event_preprocessing_service", "lineno": 17, "message": "Starting event preprocessing"}
{"asctime": "2024-12-19T16:52:24", "msecs": 324.0, "levelname": "DEBUG", "correlation_id": "-", "name": "integration.services.event_preprocessing_service", "lineno": 18, "message": "event --> {'conversation_id': 40, 'event_name': 'START', 'event_at': 1734627144, 'data': None}"}
{"asctime": "2024-12-19T16:52:24", "msecs": 327.0, "levelname": "INFO", "correlation_id": "-", "name": "integration.services.get_conversation_details_service", "lineno": 26, "message": "Fetching conversation details for conversation_id: 40"}
{"asctime": "2024-12-19T16:52:26", "msecs": 346.0, "levelname": "INFO", "correlation_id": "-", "name": "integration.services.get_conversation_details_service", "lineno": 50, "message": "Conversation details fetched successfully."}
{"asctime": "2024-12-19T16:52:26", "msecs": 346.0, "levelname": "INFO", "correlation_id": "-", "name": "integration.services.get_advisor_service", "lineno": 26, "message": "Fetching advisor details for advisor_id: 3"}
{"asctime": "2024-12-19T16:52:28", "msecs": 376.0, "levelname": "INFO", "correlation_id": "-", "name": "integration.services.get_advisor_service", "lineno": 44, "message": "Advisor details fetched successfully."}
{"asctime": "2024-12-19T16:52:28", "msecs": 376.0, "levelname": "INFO", "correlation_id": "-", "name": "integration.services.is_agent_exist_service", "lineno": 27, "message": "Checking if agent exists for email: gerard_martin@company.com"}
{"asctime": "2024-12-19T16:52:30", "msecs": 402.0, "levelname": "INFO", "correlation_id": "-", "name": "integration.services.is_agent_exist_service", "lineno": 45, "message": "Agent fetch successful: 1 agents found."}
{"asctime": "2024-12-19T16:52:30", "msecs": 408.0, "levelname": "DEBUG", "correlation_id": "-", "name": "integration.services.start_event_service", "lineno": 40, "message": "Starting event with payload: {'agent_id': '56957b60-c356-47b8-b6d2-0b8da4d99325', 'started_at': '2024-12-19T16:52:24.000000', 'external_id': '40'}"}
{"asctime": "2024-12-19T16:52:32", "msecs": 446.0, "levelname": "INFO", "correlation_id": "-", "name": "integration.services.start_event_service", "lineno": 58, "message": "Event started successfully: {'agent_id': '56957b60-c356-47b8-b6d2-0b8da4d99325', 'started_at': '2024-12-19T16:52:24', 'ended_at': None, 'external_id': '40', 'chat_id': 'd2fabfd9-59ca-4777-af35-e539c9817c06'}"}
{"asctime": "2024-12-19T16:52:32", "msecs": 449.0, "levelname": "INFO", "correlation_id": "-", "name": "integration.services.event_preprocessing_service", "lineno": 75, "message": "Event processed successfully"}
{"asctime": "2024-12-19T16:52:32", "msecs": 449.0, "levelname": "INFO", "correlation_id": "-", "name": "integration.handlers.start_event_handler", "lineno": 19, "message": "Event preprocessing completed successfully"}
{"asctime": "2024-12-19T16:52:32", "msecs": 494.0, "levelname": "INFO", "correlation_id": "-", "name": "integration.handlers.start_event_handler", "lineno": 33, "message": "Start event handled successfully, event saved in database"}
{"asctime": "2024-12-19T16:52:34", "msecs": 312.0, "levelname": "INFO", "correlation_id": "-", "name": "integration.main", "lineno": 26, "message": "Start time --> 2024-12-19 16:52:24.312992"}
{"asctime": "2024-12-19T16:52:34", "msecs": 312.0, "levelname": "INFO", "correlation_id": "-", "name": "integration.handlers.get_events_handler", "lineno": 20, "message": "getting events starting from 2024-12-19 16:52:24.312992"}
{"asctime": "2024-12-19T16:52:34", "msecs": 312.0, "levelname": "DEBUG", "correlation_id": "-", "name": "integration.services.get_events_service", "lineno": 26, "message": "Fetching events with parameters: {'start_at': datetime.datetime(2024, 12, 19, 16, 52, 24, 312992)}"}
{"asctime": "2024-12-19T16:52:36", "msecs": 378.0, "levelname": "DEBUG", "correlation_id": "-", "name": "integration.services.get_events_service", "lineno": 30, "message": "Response received: Status code 200, Headers: {'date': 'Thu, 19 Dec 2024 16:52:35 GMT', 'server': 'uvicorn', 'content-length': '3705', 'content-type': 'application/json'}"}
{"asctime": "2024-12-19T16:52:36", "msecs": 378.0, "levelname": "INFO", "correlation_id": "-", "name": "integration.services.get_events_service", "lineno": 41, "message": "Events fetched successfully: 33 events found starting at 2024-12-19 16:52:24.312992."}
{"asctime": "2024-12-19T16:52:36", "msecs": 393.0, "levelname": "INFO", "correlation_id": "-", "name": "integration.handlers.all_events_handler", "lineno": 31, "message": "Starting to process events"}
{"asctime": "2024-12-19T16:52:36", "msecs": 393.0, "levelname": "INFO", "correlation_id": "-", "name": "integration.handlers.start_event_handler", "lineno": 9, "message": "Starting to handle start event"}
{"asctime": "2024-12-19T16:52:36", "msecs": 393.0, "levelname": "INFO", "correlation_id": "-", "name": "integration.services.event_preprocessing_service", "lineno": 17, "message": "Starting event preprocessing"}
{"asctime": "2024-12-19T16:52:36", "msecs": 404.0, "levelname": "DEBUG", "correlation_id": "-", "name": "integration.services.event_preprocessing_service", "lineno": 18, "message": "event --> {'conversation_id': 41, 'event_name': 'START', 'event_at': 1734627156, 'data': None}"}
{"asctime": "2024-12-19T16:52:36", "msecs": 407.0, "levelname": "INFO", "correlation_id": "-", "name": "integration.services.get_conversation_details_service", "lineno": 26, "message": "Fetching conversation details for conversation_id: 41"}
{"asctime": "2024-12-19T16:52:38", "msecs": 434.0, "levelname": "INFO", "correlation_id": "-", "name": "integration.services.get_conversation_details_service", "lineno": 50, "message": "Conversation details fetched successfully."}
{"asctime": "2024-12-19T16:52:38", "msecs": 434.0, "levelname": "INFO", "correlation_id": "-", "name": "integration.services.get_advisor_service", "lineno": 26, "message": "Fetching advisor details for advisor_id: 1"}
{"asctime": "2024-12-19T16:52:40", "msecs": 482.0, "levelname": "INFO", "correlation_id": "-", "name": "integration.services.get_advisor_service", "lineno": 44, "message": "Advisor details fetched successfully."}
{"asctime": "2024-12-19T16:52:40", "msecs": 482.0, "levelname": "INFO", "correlation_id": "-", "name": "integration.services.is_agent_exist_service", "lineno": 27, "message": "Checking if agent exists for email: lawrence_hall@company.com"}
{"asctime": "2024-12-19T16:52:42", "msecs": 513.0, "levelname": "INFO", "correlation_id": "-", "name": "integration.services.is_agent_exist_service", "lineno": 45, "message": "Agent fetch successful: 1 agents found."}
{"asctime": "2024-12-19T16:52:42", "msecs": 513.0, "levelname": "DEBUG", "correlation_id": "-", "name": "integration.services.start_event_service", "lineno": 40, "message": "Starting event with payload: {'agent_id': 'bf3bda5d-e16d-400a-a313-7efa2819047a', 'started_at': '2024-12-19T16:52:36.000000', 'external_id': '41'}"}
{"asctime": "2024-12-19T16:52:44", "msecs": 542.0, "levelname": "INFO", "correlation_id": "-", "name": "integration.services.start_event_service", "lineno": 58, "message": "Event started successfully: {'agent_id': 'bf3bda5d-e16d-400a-a313-7efa2819047a', 'started_at': '2024-12-19T16:52:36', 'ended_at': None, 'external_id': '41', 'chat_id': 'cfe6df9c-5d81-4d99-aa9c-cb806b38c47b'}"}
{"asctime": "2024-12-19T16:52:44", "msecs": 542.0, "levelname": "INFO", "correlation_id": "-", "name": "integration.services.event_preprocessing_service", "lineno": 75, "message": "Event processed successfully"}
{"asctime": "2024-12-19T16:52:44", "msecs": 542.0, "levelname": "INFO", "correlation_id": "-", "name": "integration.handlers.start_event_handler", "lineno": 19, "message": "Event preprocessing completed successfully"}
{"asctime": "2024-12-19T16:52:44", "msecs": 675.0, "levelname": "INFO", "correlation_id": "-", "name": "integration.handlers.start_event_handler", "lineno": 33, "message": "Start event handled successfully, event saved in database"}
{"asctime": "2024-12-19T16:52:46", "msecs": 399.0, "levelname": "INFO", "correlation_id": "-", "name": "integration.main", "lineno": 26, "message": "Start time --> 2024-12-19 16:52:36.399672"}
{"asctime": "2024-12-19T16:52:46", "msecs": 399.0, "levelname": "INFO", "correlation_id": "-", "name": "integration.handlers.get_events_handler", "lineno": 20, "message": "getting events starting from 2024-12-19 16:52:36.399672"}
{"asctime": "2024-12-19T16:52:46", "msecs": 399.0, "levelname": "DEBUG", "correlation_id": "-", "name": "integration.services.get_events_service", "lineno": 26, "message": "Fetching events with parameters: {'start_at': datetime.datetime(2024, 12, 19, 16, 52, 36, 399672)}"}
{"asctime": "2024-12-19T16:52:48", "msecs": 436.0, "levelname": "DEBUG", "correlation_id": "-", "name": "integration.services.get_events_service", "lineno": 30, "message": "Response received: Status code 200, Headers: {'date': 'Thu, 19 Dec 2024 16:52:48 GMT', 'server': 'uvicorn', 'content-length': '3305', 'content-type': 'application/json'}"}
{"asctime": "2024-12-19T16:52:48", "msecs": 451.0, "levelname": "INFO", "correlation_id": "-", "name": "integration.services.get_events_service", "lineno": 41, "message": "Events fetched successfully: 28 events found starting at 2024-12-19 16:52:36.399672."}
{"asctime": "2024-12-19T16:52:48", "msecs": 451.0, "levelname": "INFO", "correlation_id": "-", "name": "integration.handlers.all_events_handler", "lineno": 31, "message": "Starting to process events"}
{"asctime": "2024-12-19T16:52:48", "msecs": 459.0, "levelname": "INFO", "correlation_id": "-", "name": "integration.handlers.start_event_handler", "lineno": 9, "message": "Starting to handle start event"}
{"asctime": "2024-12-19T16:52:48", "msecs": 461.0, "levelname": "INFO", "correlation_id": "-", "name": "integration.services.event_preprocessing_service", "lineno": 17, "message": "Starting event preprocessing"}
{"asctime": "2024-12-19T16:52:48", "msecs": 463.0, "levelname": "DEBUG", "correlation_id": "-", "name": "integration.services.event_preprocessing_service", "lineno": 18, "message": "event --> {'conversation_id': 42, 'event_name': 'START', 'event_at': 1734627168, 'data': None}"}
{"asctime": "2024-12-19T16:52:48", "msecs": 468.0, "levelname": "INFO", "correlation_id": "-", "name": "integration.services.get_conversation_details_service", "lineno": 26, "message": "Fetching conversation details for conversation_id: 42"}
{"asctime": "2024-12-19T16:52:50", "msecs": 519.0, "levelname": "INFO", "correlation_id": "-", "name": "integration.services.get_conversation_details_service", "lineno": 50, "message": "Conversation details fetched successfully."}
{"asctime": "2024-12-19T16:52:50", "msecs": 519.0, "levelname": "INFO", "correlation_id": "-", "name": "integration.services.get_advisor_service", "lineno": 26, "message": "Fetching advisor details for advisor_id: 9"}
{"asctime": "2024-12-19T16:52:52", "msecs": 540.0, "levelname": "INFO", "correlation_id": "-", "name": "integration.services.get_advisor_service", "lineno": 44, "message": "Advisor details fetched successfully."}
{"asctime": "2024-12-19T16:52:52", "msecs": 540.0, "levelname": "INFO", "correlation_id": "-", "name": "integration.services.is_agent_exist_service", "lineno": 27, "message": "Checking if agent exists for email: louis_rowe@company.com"}
{"asctime": "2024-12-19T16:52:54", "msecs": 571.0, "levelname": "INFO", "correlation_id": "-", "name": "integration.services.is_agent_exist_service", "lineno": 45, "message": "Agent fetch successful: 1 agents found."}
{"asctime": "2024-12-19T16:52:54", "msecs": 571.0, "levelname": "DEBUG", "correlation_id": "-", "name": "integration.services.start_event_service", "lineno": 40, "message": "Starting event with payload: {'agent_id': '450e10cc-3bdc-4cd5-9685-a9134287a906', 'started_at': '2024-12-19T16:52:48.000000', 'external_id': '42'}"}
{"asctime": "2024-12-19T16:52:56", "msecs": 612.0, "levelname": "INFO", "correlation_id": "-", "name": "integration.services.start_event_service", "lineno": 58, "message": "Event started successfully: {'agent_id': '450e10cc-3bdc-4cd5-9685-a9134287a906', 'started_at': '2024-12-19T16:52:48', 'ended_at': None, 'external_id': '42', 'chat_id': '767b6463-b13a-4bd0-a094-30d67421c61d'}"}
{"asctime": "2024-12-19T16:52:56", "msecs": 612.0, "levelname": "INFO", "correlation_id": "-", "name": "integration.services.event_preprocessing_service", "lineno": 75, "message": "Event processed successfully"}
{"asctime": "2024-12-19T16:52:56", "msecs": 612.0, "levelname": "INFO", "correlation_id": "-", "name": "integration.handlers.start_event_handler", "lineno": 19, "message": "Event preprocessing completed successfully"}
{"asctime": "2024-12-19T16:52:56", "msecs": 744.0, "levelname": "INFO", "correlation_id": "-", "name": "integration.handlers.start_event_handler", "lineno": 33, "message": "Start event handled successfully, event saved in database"}
{"asctime": "2024-12-19T16:52:58", "msecs": 453.0, "levelname": "INFO", "correlation_id": "-", "name": "integration.main", "lineno": 26, "message": "Start time --> 2024-12-19 16:52:48.453577"}
{"asctime": "2024-12-19T16:52:58", "msecs": 453.0, "levelname": "INFO", "correlation_id": "-", "name": "integration.handlers.get_events_handler", "lineno": 20, "message": "getting events starting from 2024-12-19 16:52:48.453577"}
{"asctime": "2024-12-19T16:52:58", "msecs": 453.0, "levelname": "DEBUG", "correlation_id": "-", "name": "integration.services.get_events_service", "lineno": 26, "message": "Fetching events with parameters: {'start_at': datetime.datetime(2024, 12, 19, 16, 52, 48, 453577)}"}
{"asctime": "2024-12-19T16:53:00", "msecs": 500.0, "levelname": "DEBUG", "correlation_id": "-", "name": "integration.services.get_events_service", "lineno": 30, "message": "Response received: Status code 200, Headers: {'date': 'Thu, 19 Dec 2024 16:52:59 GMT', 'server': 'uvicorn', 'content-length': '3721', 'content-type': 'application/json'}"}
{"asctime": "2024-12-19T16:53:00", "msecs": 515.0, "levelname": "INFO", "correlation_id": "-", "name": "integration.services.get_events_service", "lineno": 41, "message": "Events fetched successfully: 32 events found starting at 2024-12-19 16:52:48.453577."}
{"asctime": "2024-12-19T16:53:00", "msecs": 515.0, "levelname": "INFO", "correlation_id": "-", "name": "integration.handlers.all_events_handler", "lineno": 31, "message": "Starting to process events"}
{"asctime": "2024-12-19T16:53:10", "msecs": 528.0, "levelname": "INFO", "correlation_id": "-", "name": "integration.main", "lineno": 26, "message": "Start time --> 2024-12-19 16:53:00.528448"}
{"asctime": "2024-12-19T16:53:10", "msecs": 528.0, "levelname": "INFO", "correlation_id": "-", "name": "integration.handlers.get_events_handler", "lineno": 20, "message": "getting events starting from 2024-12-19 16:53:00.528448"}
{"asctime": "2024-12-19T16:53:10", "msecs": 528.0, "levelname": "DEBUG", "correlation_id": "-", "name": "integration.services.get_events_service", "lineno": 26, "message": "Fetching events with parameters: {'start_at': datetime.datetime(2024, 12, 19, 16, 53, 0, 528448)}"}
{"asctime": "2024-12-19T16:53:12", "msecs": 572.0, "levelname": "DEBUG", "correlation_id": "-", "name": "integration.services.get_events_service", "lineno": 30, "message": "Response received: Status code 200, Headers: {'date': 'Thu, 19 Dec 2024 16:53:12 GMT', 'server': 'uvicorn', 'content-length': '3732', 'content-type': 'application/json'}"}
{"asctime": "2024-12-19T16:53:12", "msecs": 572.0, "levelname": "INFO", "correlation_id": "-", "name": "integration.services.get_events_service", "lineno": 41, "message": "Events fetched successfully: 32 events found starting at 2024-12-19 16:53:00.528448."}
{"asctime": "2024-12-19T16:53:12", "msecs": 572.0, "levelname": "INFO", "correlation_id": "-", "name": "integration.handlers.all_events_handler", "lineno": 31, "message": "Starting to process events"}
{"asctime": "2024-12-19T16:53:22", "msecs": 590.0, "levelname": "INFO", "correlation_id": "-", "name": "integration.main", "lineno": 26, "message": "Start time --> 2024-12-19 16:53:12.590798"}
{"asctime": "2024-12-19T16:53:22", "msecs": 590.0, "levelname": "INFO", "correlation_id": "-", "name": "integration.handlers.get_events_handler", "lineno": 20, "message": "getting events starting from 2024-12-19 16:53:12.590798"}
{"asctime": "2024-12-19T16:53:22", "msecs": 590.0, "levelname": "DEBUG", "correlation_id": "-", "name": "integration.services.get_events_service", "lineno": 26, "message": "Fetching events with parameters: {'start_at': datetime.datetime(2024, 12, 19, 16, 53, 12, 590798)}"}
{"asctime": "2024-12-19T16:53:24", "msecs": 617.0, "levelname": "DEBUG", "correlation_id": "-", "name": "integration.services.get_events_service", "lineno": 30, "message": "Response received: Status code 200, Headers: {'date': 'Thu, 19 Dec 2024 16:53:23 GMT', 'server': 'uvicorn', 'content-length': '3982', 'content-type': 'application/json'}"}
{"asctime": "2024-12-19T16:53:24", "msecs": 617.0, "levelname": "INFO", "correlation_id": "-", "name": "integration.services.get_events_service", "lineno": 41, "message": "Events fetched successfully: 32 events found starting at 2024-12-19 16:53:12.590798."}
{"asctime": "2024-12-19T16:53:24", "msecs": 632.0, "levelname": "INFO", "correlation_id": "-", "name": "uvicorn.error", "lineno": 258, "message": "Shutting down"}
{"asctime": "2024-12-19T16:53:24", "msecs": 638.0, "levelname": "INFO", "correlation_id": "-", "name": "integration.handlers.all_events_handler", "lineno": 31, "message": "Starting to process events"}
{"asctime": "2024-12-19T16:53:24", "msecs": 754.0, "levelname": "INFO", "correlation_id": "-", "name": "uvicorn.error", "lineno": 67, "message": "Waiting for application shutdown."}
{"asctime": "2024-12-19T16:53:24", "msecs": 757.0, "levelname": "INFO", "correlation_id": "-", "name": "uvicorn.error", "lineno": 76, "message": "Application shutdown complete."}
{"asctime": "2024-12-19T16:53:24", "msecs": 759.0, "levelname": "INFO", "correlation_id": "-", "name": "uvicorn.error", "lineno": 92, "message": "Finished server process [992]", "color_message": "Finished server process [\u001b[36m%d\u001b[0m]"}
{"asctime": "2024-12-19T22:44:08", "msecs": 521.0, "levelname": "INFO", "correlation_id": "-", "name": "integration.main", "lineno": 50, "message": "Hello World"}
{"asctime": "2024-12-19T22:44:08", "msecs": 537.0, "levelname": "INFO", "correlation_id": "-", "name": "integration.main", "lineno": 26, "message": "Start time --> 2024-12-19 22:43:58.537781"}
{"asctime": "2024-12-19T22:44:08", "msecs": 541.0, "levelname": "INFO", "correlation_id": "-", "name": "integration.handlers.get_events_handler", "lineno": 20, "message": "getting events starting from 2024-12-19 22:43:58.537781"}
{"asctime": "2024-12-19T22:44:08", "msecs": 546.0, "levelname": "DEBUG", "correlation_id": "-", "name": "integration.services.get_events_service", "lineno": 26, "message": "Fetching events with parameters: {'start_at': datetime.datetime(2024, 12, 19, 22, 43, 58, 537781)}"}
{"asctime": "2024-12-19T22:44:10", "msecs": 616.0, "levelname": "DEBUG", "correlation_id": "-", "name": "integration.services.get_events_service", "lineno": 30, "message": "Response received: Status code 200, Headers: {'date': 'Thu, 19 Dec 2024 22:44:10 GMT', 'server': 'uvicorn', 'content-length': '247', 'content-type': 'application/json'}"}
{"asctime": "2024-12-19T22:44:10", "msecs": 619.0, "levelname": "INFO", "correlation_id": "-", "name": "integration.services.get_events_service", "lineno": 41, "message": "Events fetched successfully: 2 events found starting at 2024-12-19 22:43:58.537781."}
{"asctime": "2024-12-19T22:44:10", "msecs": 619.0, "levelname": "INFO", "correlation_id": "-", "name": "uvicorn.error", "lineno": 62, "message": "Application startup complete."}
{"asctime": "2024-12-19T22:44:10", "msecs": 626.0, "levelname": "INFO", "correlation_id": "-", "name": "integration.handlers.all_events_handler", "lineno": 31, "message": "Starting to process events"}
{"asctime": "2024-12-19T22:44:10", "msecs": 629.0, "levelname": "INFO", "correlation_id": "-", "name": "integration.handlers.start_event_handler", "lineno": 9, "message": "Starting to handle start event"}
{"asctime": "2024-12-19T22:44:10", "msecs": 632.0, "levelname": "INFO", "correlation_id": "-", "name": "integration.services.event_preprocessing_service", "lineno": 17, "message": "Starting event preprocessing"}
{"asctime": "2024-12-19T22:44:10", "msecs": 636.0, "levelname": "DEBUG", "correlation_id": "-", "name": "integration.services.event_preprocessing_service", "lineno": 18, "message": "event --> {'conversation_id': 2, 'event_name': 'START', 'event_at': 1734648250, 'data': None}"}
{"asctime": "2024-12-19T22:44:10", "msecs": 640.0, "levelname": "INFO", "correlation_id": "-", "name": "integration.services.get_conversation_details_service", "lineno": 26, "message": "Fetching conversation details for conversation_id: 2"}
{"asctime": "2024-12-19T22:44:12", "msecs": 669.0, "levelname": "INFO", "correlation_id": "-", "name": "integration.services.get_conversation_details_service", "lineno": 50, "message": "Conversation details fetched successfully."}
{"asctime": "2024-12-19T22:44:12", "msecs": 674.0, "levelname": "INFO", "correlation_id": "-", "name": "integration.services.get_advisor_service", "lineno": 26, "message": "Fetching advisor details for advisor_id: 4"}
{"asctime": "2024-12-19T22:44:14", "msecs": 729.0, "levelname": "INFO", "correlation_id": "-", "name": "integration.services.get_advisor_service", "lineno": 44, "message": "Advisor details fetched successfully."}
{"asctime": "2024-12-19T22:44:14", "msecs": 730.0, "levelname": "INFO", "correlation_id": "-", "name": "integration.services.is_agent_exist_service", "lineno": 27, "message": "Checking if agent exists for email: alan_walters-gray@company.com"}
{"asctime": "2024-12-19T22:44:16", "msecs": 770.0, "levelname": "INFO", "correlation_id": "-", "name": "integration.services.is_agent_exist_service", "lineno": 42, "message": "No agents found for email: alan_walters-gray@company.com."}
{"asctime": "2024-12-19T22:44:16", "msecs": 770.0, "levelname": "INFO", "correlation_id": "-", "name": "integration.services.event_preprocessing_service", "lineno": 42, "message": "No agent found, creating a new one"}
{"asctime": "2024-12-19T22:44:16", "msecs": 770.0, "levelname": "INFO", "correlation_id": "-", "name": "integration.services.create_agent_service", "lineno": 37, "message": "Creating agent with payload: {'email': 'alan_walters-gray@company.com', 'name': 'Raymond Morgan'}"}
{"asctime": "2024-12-19T22:44:18", "msecs": 816.0, "levelname": "INFO", "correlation_id": "-", "name": "integration.services.create_agent_service", "lineno": 51, "message": "Agent created successfully: {'name': 'Raymond Morgan', 'email': 'alan_walters-gray@company.com', 'agent_id': '4d95b8aa-6e10-4edd-a775-c68c7cf0ecc0'}"}
{"asctime": "2024-12-19T22:44:18", "msecs": 819.0, "levelname": "INFO", "correlation_id": "-", "name": "integration.services.event_preprocessing_service", "lineno": 47, "message": "New agent created successfully"}
{"asctime": "2024-12-19T22:44:18", "msecs": 822.0, "levelname": "DEBUG", "correlation_id": "-", "name": "integration.services.start_event_service", "lineno": 40, "message": "Starting event with payload: {'agent_id': '4d95b8aa-6e10-4edd-a775-c68c7cf0ecc0', 'started_at': '2024-12-19T22:44:10.000000', 'external_id': '2'}"}
{"asctime": "2024-12-19T22:44:20", "msecs": 874.0, "levelname": "INFO", "correlation_id": "-", "name": "integration.services.start_event_service", "lineno": 58, "message": "Event started successfully: {'agent_id': '4d95b8aa-6e10-4edd-a775-c68c7cf0ecc0', 'started_at': '2024-12-19T22:44:10', 'ended_at': None, 'external_id': '2', 'chat_id': '481368ac-65f9-46cd-96ec-191b10a29402'}"}
{"asctime": "2024-12-19T22:44:20", "msecs": 880.0, "levelname": "INFO", "correlation_id": "-", "name": "integration.services.event_preprocessing_service", "lineno": 75, "message": "Event processed successfully"}
{"asctime": "2024-12-19T22:44:20", "msecs": 883.0, "levelname": "INFO", "correlation_id": "-", "name": "integration.handlers.start_event_handler", "lineno": 19, "message": "Event preprocessing completed successfully"}
{"asctime": "2024-12-19T22:44:21", "msecs": 315.0, "levelname": "INFO", "correlation_id": "-", "name": "integration.handlers.start_event_handler", "lineno": 33, "message": "Start event handled successfully, event saved in database"}
{"asctime": "2024-12-19T22:44:21", "msecs": 317.0, "levelname": "INFO", "correlation_id": "-", "name": "integration.main", "lineno": 26, "message": "Start time --> 2024-12-19 22:44:11.317594"}
{"asctime": "2024-12-19T22:44:21", "msecs": 319.0, "levelname": "INFO", "correlation_id": "-", "name": "integration.handlers.get_events_handler", "lineno": 20, "message": "getting events starting from 2024-12-19 22:44:11.317594"}
{"asctime": "2024-12-19T22:44:21", "msecs": 323.0, "levelname": "DEBUG", "correlation_id": "-", "name": "integration.services.get_events_service", "lineno": 26, "message": "Fetching events with parameters: {'start_at': datetime.datetime(2024, 12, 19, 22, 44, 11, 317594)}"}
{"asctime": "2024-12-19T22:44:23", "msecs": 369.0, "levelname": "DEBUG", "correlation_id": "-", "name": "integration.services.get_events_service", "lineno": 30, "message": "Response received: Status code 200, Headers: {'date': 'Thu, 19 Dec 2024 22:44:22 GMT', 'server': 'uvicorn', 'content-length': '329', 'content-type': 'application/json'}"}
{"asctime": "2024-12-19T22:44:23", "msecs": 374.0, "levelname": "INFO", "correlation_id": "-", "name": "integration.services.get_events_service", "lineno": 41, "message": "Events fetched successfully: 3 events found starting at 2024-12-19 22:44:11.317594."}
{"asctime": "2024-12-19T22:44:23", "msecs": 380.0, "levelname": "INFO", "correlation_id": "-", "name": "uvicorn.error", "lineno": 214, "message": "Uvicorn running on http://127.0.0.1:8000 (Press CTRL+C to quit)", "color_message": "Uvicorn running on \u001b[1m%s://%s:%d\u001b[0m (Press CTRL+C to quit)"}
{"asctime": "2024-12-19T22:44:23", "msecs": 383.0, "levelname": "INFO", "correlation_id": "-", "name": "integration.handlers.all_events_handler", "lineno": 31, "message": "Starting to process events"}
{"asctime": "2024-12-19T22:44:23", "msecs": 387.0, "levelname": "INFO", "correlation_id": "-", "name": "integration.handlers.start_event_handler", "lineno": 9, "message": "Starting to handle start event"}
{"asctime": "2024-12-19T22:44:23", "msecs": 389.0, "levelname": "INFO", "correlation_id": "-", "name": "integration.services.event_preprocessing_service", "lineno": 17, "message": "Starting event preprocessing"}
{"asctime": "2024-12-19T22:44:23", "msecs": 394.0, "levelname": "DEBUG", "correlation_id": "-", "name": "integration.services.event_preprocessing_service", "lineno": 18, "message": "event --> {'conversation_id': 3, 'event_name': 'START', 'event_at': 1734648263, 'data': None}"}
{"asctime": "2024-12-19T22:44:23", "msecs": 398.0, "levelname": "INFO", "correlation_id": "-", "name": "integration.services.get_conversation_details_service", "lineno": 26, "message": "Fetching conversation details for conversation_id: 3"}
{"asctime": "2024-12-19T22:44:25", "msecs": 705.0, "levelname": "ERROR", "correlation_id": "-", "name": "uvicorn.error", "lineno": 134, "message": "Traceback (most recent call last):\n  File \"E:\\EdgeTier\\Advance\\EdgeTier-Integration-Challenge\\venv\\Lib\\site-packages\\urllib3\\util\\connection.py\", line 73, in create_connection\n    sock.connect(sa)\nConnectionRefusedError: [WinError 10061] No connection could be made because the target machine actively refused it\n\nDuring handling of the above exception, another exception occurred:\n\nTraceback (most recent call last):\n  File \"C:\\Python312\\Lib\\asyncio\\runners.py\", line 194, in run\n    return runner.run(main)\n           ^^^^^^^^^^^^^^^^\n  File \"C:\\Python312\\Lib\\asyncio\\runners.py\", line 118, in run\n    return self._loop.run_until_complete(task)\n           ^^^^^^^^^^^^^^^^^^^^^^^^^^^^^^^^^^^\n  File \"C:\\Python312\\Lib\\asyncio\\base_events.py\", line 651, in run_until_complete\n    self.run_forever()\n  File \"C:\\Python312\\Lib\\asyncio\\windows_events.py\", line 321, in run_forever\n    super().run_forever()\n  File \"C:\\Python312\\Lib\\asyncio\\base_events.py\", line 618, in run_forever\n    self._run_once()\n  File \"C:\\Python312\\Lib\\asyncio\\base_events.py\", line 1951, in _run_once\n    handle._run()\n  File \"C:\\Python312\\Lib\\asyncio\\events.py\", line 84, in _run\n    self._context.run(self._callback, *self._args)\n  File \"E:\\EdgeTier\\Advance\\EdgeTier-Integration-Challenge\\integration\\handlers\\all_events_handler.py\", line 37, in all_events_handler\n    start_event_handler(event)  # Add async task\n    ^^^^^^^^^^^^^^^^^^^^^^^^^^\n  File \"E:\\EdgeTier\\Advance\\EdgeTier-Integration-Challenge\\integration\\handlers\\start_event_handler.py\", line 12, in start_event_handler\n    flag, start_chat, conversation_details, start_time = event_preprocessing_service(\n                                                         ^^^^^^^^^^^^^^^^^^^^^^^^^^^^\n  File \"E:\\EdgeTier\\Advance\\EdgeTier-Integration-Challenge\\integration\\services\\event_preprocessing_service.py\", line 21, in event_preprocessing_service\n    get_conversation_details_service(event[\"conversation_id\"])\n  File \"E:\\EdgeTier\\Advance\\EdgeTier-Integration-Challenge\\integration\\services\\get_conversation_details_service.py\", line 31, in get_conversation_details_service\n    response = requests.get(\n               ^^^^^^^^^^^^^\n  File \"E:\\EdgeTier\\Advance\\EdgeTier-Integration-Challenge\\venv\\Lib\\site-packages\\requests\\api.py\", line 73, in get\n    return request(\"get\", url, params=params, **kwargs)\n           ^^^^^^^^^^^^^^^^^^^^^^^^^^^^^^^^^^^^^^^^^^^^\n  File \"E:\\EdgeTier\\Advance\\EdgeTier-Integration-Challenge\\venv\\Lib\\site-packages\\requests\\api.py\", line 59, in request\n    return session.request(method=method, url=url, **kwargs)\n           ^^^^^^^^^^^^^^^^^^^^^^^^^^^^^^^^^^^^^^^^^^^^^^^^^\n  File \"E:\\EdgeTier\\Advance\\EdgeTier-Integration-Challenge\\venv\\Lib\\site-packages\\requests\\sessions.py\", line 589, in request\n    resp = self.send(prep, **send_kwargs)\n           ^^^^^^^^^^^^^^^^^^^^^^^^^^^^^^\n  File \"E:\\EdgeTier\\Advance\\EdgeTier-Integration-Challenge\\venv\\Lib\\site-packages\\requests\\sessions.py\", line 703, in send\n    r = adapter.send(request, **kwargs)\n        ^^^^^^^^^^^^^^^^^^^^^^^^^^^^^^^\n  File \"E:\\EdgeTier\\Advance\\EdgeTier-Integration-Challenge\\venv\\Lib\\site-packages\\requests\\adapters.py\", line 667, in send\n    resp = conn.urlopen(\n           ^^^^^^^^^^^^^\n  File \"E:\\EdgeTier\\Advance\\EdgeTier-Integration-Challenge\\venv\\Lib\\site-packages\\urllib3\\connectionpool.py\", line 789, in urlopen\n    response = self._make_request(\n               ^^^^^^^^^^^^^^^^^^^\n  File \"E:\\EdgeTier\\Advance\\EdgeTier-Integration-Challenge\\venv\\Lib\\site-packages\\urllib3\\connectionpool.py\", line 495, in _make_request\n    conn.request(\n  File \"E:\\EdgeTier\\Advance\\EdgeTier-Integration-Challenge\\venv\\Lib\\site-packages\\urllib3\\connection.py\", line 441, in request\n    self.endheaders()\n  File \"C:\\Python312\\Lib\\http\\client.py\", line 1314, in endheaders\n    self._send_output(message_body, encode_chunked=encode_chunked)\n  File \"C:\\Python312\\Lib\\http\\client.py\", line 1074, in _send_output\n    self.send(msg)\n  File \"C:\\Python312\\Lib\\http\\client.py\", line 1018, in send\n    self.connect()\n  File \"E:\\EdgeTier\\Advance\\EdgeTier-Integration-Challenge\\venv\\Lib\\site-packages\\urllib3\\connection.py\", line 279, in connect\n    self.sock = self._new_conn()\n                ^^^^^^^^^^^^^^^^\n  File \"E:\\EdgeTier\\Advance\\EdgeTier-Integration-Challenge\\venv\\Lib\\site-packages\\urllib3\\connection.py\", line 199, in _new_conn\n    sock = connection.create_connection(\n           ^^^^^^^^^^^^^^^^^^^^^^^^^^^^^\n  File \"E:\\EdgeTier\\Advance\\EdgeTier-Integration-Challenge\\venv\\Lib\\site-packages\\urllib3\\util\\connection.py\", line 81, in create_connection\n    sock.close()\n  File \"C:\\Python312\\Lib\\socket.py\", line 500, in close\n    def close(self):\n    \n  File \"C:\\Python312\\Lib\\asyncio\\runners.py\", line 157, in _on_sigint\n    raise KeyboardInterrupt()\nKeyboardInterrupt\n\nDuring handling of the above exception, another exception occurred:\n\nTraceback (most recent call last):\n  File \"E:\\EdgeTier\\Advance\\EdgeTier-Integration-Challenge\\venv\\Lib\\site-packages\\starlette\\routing.py\", line 741, in lifespan\n    await receive()\n  File \"E:\\EdgeTier\\Advance\\EdgeTier-Integration-Challenge\\venv\\Lib\\site-packages\\uvicorn\\lifespan\\on.py\", line 137, in receive\n    return await self.receive_queue.get()\n           ^^^^^^^^^^^^^^^^^^^^^^^^^^^^^^\n  File \"C:\\Python312\\Lib\\asyncio\\queues.py\", line 158, in get\n    await getter\nasyncio.exceptions.CancelledError\n"}
{"asctime": "2024-12-19T22:55:20", "msecs": 957.0, "levelname": "INFO", "correlation_id": "-", "name": "integration.main", "lineno": 50, "message": "Hello World"}
{"asctime": "2024-12-19T22:55:20", "msecs": 963.0, "levelname": "INFO", "correlation_id": "-", "name": "integration.main", "lineno": 26, "message": "Start time --> 2024-12-19 22:55:10.963196"}
{"asctime": "2024-12-19T22:55:20", "msecs": 965.0, "levelname": "INFO", "correlation_id": "-", "name": "integration.handlers.get_events_handler", "lineno": 20, "message": "getting events starting from 2024-12-19 22:55:10.963196"}
{"asctime": "2024-12-19T22:55:20", "msecs": 969.0, "levelname": "DEBUG", "correlation_id": "-", "name": "integration.services.get_events_service", "lineno": 26, "message": "Fetching events with parameters: {'start_at': datetime.datetime(2024, 12, 19, 22, 55, 10, 963196)}"}
{"asctime": "2024-12-19T22:55:22", "msecs": 999.0, "levelname": "DEBUG", "correlation_id": "-", "name": "integration.services.get_events_service", "lineno": 30, "message": "Response received: Status code 500, Headers: {'date': 'Thu, 19 Dec 2024 22:55:22 GMT', 'server': 'uvicorn', 'content-length': '21', 'content-type': 'text/plain; charset=utf-8'}"}
{"asctime": "2024-12-19T22:55:23", "msecs": 2.0, "levelname": "ERROR", "correlation_id": "-", "name": "integration.services.get_events_service", "lineno": 33, "message": "Unhandled status code: 500. Parameters: {'start_at': datetime.datetime(2024, 12, 19, 22, 55, 10, 963196)}"}
{"asctime": "2024-12-19T22:55:23", "msecs": 2.0, "levelname": "INFO", "correlation_id": "-", "name": "uvicorn.error", "lineno": 62, "message": "Application startup complete."}
{"asctime": "2024-12-19T22:55:23", "msecs": 12.0, "levelname": "WARNING", "correlation_id": "-", "name": "integration.handlers.all_events_handler", "lineno": 29, "message": "No events found"}
{"asctime": "2024-12-19T22:55:23", "msecs": 15.0, "levelname": "INFO", "correlation_id": "-", "name": "uvicorn.error", "lineno": 214, "message": "Uvicorn running on http://127.0.0.1:8000 (Press CTRL+C to quit)", "color_message": "Uvicorn running on \u001b[1m%s://%s:%d\u001b[0m (Press CTRL+C to quit)"}
{"asctime": "2024-12-19T22:55:33", "msecs": 9.0, "levelname": "INFO", "correlation_id": "-", "name": "integration.main", "lineno": 26, "message": "Start time --> 2024-12-19 22:55:23.009718"}
{"asctime": "2024-12-19T22:55:33", "msecs": 9.0, "levelname": "INFO", "correlation_id": "-", "name": "integration.handlers.get_events_handler", "lineno": 20, "message": "getting events starting from 2024-12-19 22:55:23.009718"}
{"asctime": "2024-12-19T22:55:33", "msecs": 9.0, "levelname": "DEBUG", "correlation_id": "-", "name": "integration.services.get_events_service", "lineno": 26, "message": "Fetching events with parameters: {'start_at': datetime.datetime(2024, 12, 19, 22, 55, 23, 9718)}"}
{"asctime": "2024-12-19T22:55:35", "msecs": 74.0, "levelname": "DEBUG", "correlation_id": "-", "name": "integration.services.get_events_service", "lineno": 30, "message": "Response received: Status code 200, Headers: {'date': 'Thu, 19 Dec 2024 22:55:34 GMT', 'server': 'uvicorn', 'content-length': '616', 'content-type': 'application/json'}"}
{"asctime": "2024-12-19T22:55:35", "msecs": 75.0, "levelname": "INFO", "correlation_id": "-", "name": "integration.services.get_events_service", "lineno": 41, "message": "Events fetched successfully: 5 events found starting at 2024-12-19 22:55:23.009718."}
{"asctime": "2024-12-19T22:55:35", "msecs": 81.0, "levelname": "INFO", "correlation_id": "-", "name": "integration.handlers.all_events_handler", "lineno": 31, "message": "Starting to process events"}
{"asctime": "2024-12-19T22:55:35", "msecs": 84.0, "levelname": "INFO", "correlation_id": "-", "name": "integration.handlers.start_event_handler", "lineno": 9, "message": "Starting to handle start event"}
{"asctime": "2024-12-19T22:55:35", "msecs": 87.0, "levelname": "INFO", "correlation_id": "-", "name": "integration.services.event_preprocessing_service", "lineno": 17, "message": "Starting event preprocessing"}
{"asctime": "2024-12-19T22:55:35", "msecs": 89.0, "levelname": "DEBUG", "correlation_id": "-", "name": "integration.services.event_preprocessing_service", "lineno": 18, "message": "event --> {'conversation_id': 5, 'event_name': 'START', 'event_at': 1734648935, 'data': None}"}
{"asctime": "2024-12-19T22:55:35", "msecs": 94.0, "levelname": "INFO", "correlation_id": "-", "name": "integration.services.get_conversation_details_service", "lineno": 26, "message": "Fetching conversation details for conversation_id: 5"}
{"asctime": "2024-12-19T22:55:37", "msecs": 112.0, "levelname": "INFO", "correlation_id": "-", "name": "integration.services.get_conversation_details_service", "lineno": 50, "message": "Conversation details fetched successfully."}
{"asctime": "2024-12-19T22:55:37", "msecs": 114.0, "levelname": "INFO", "correlation_id": "-", "name": "integration.services.get_advisor_service", "lineno": 26, "message": "Fetching advisor details for advisor_id: 2"}
{"asctime": "2024-12-19T22:55:39", "msecs": 169.0, "levelname": "INFO", "correlation_id": "-", "name": "integration.services.get_advisor_service", "lineno": 44, "message": "Advisor details fetched successfully."}
{"asctime": "2024-12-19T22:55:39", "msecs": 172.0, "levelname": "INFO", "correlation_id": "-", "name": "integration.services.is_agent_exist_service", "lineno": 27, "message": "Checking if agent exists for email: geoffrey_butler@company.com"}
{"asctime": "2024-12-19T22:55:41", "msecs": 231.0, "levelname": "INFO", "correlation_id": "-", "name": "integration.services.is_agent_exist_service", "lineno": 42, "message": "No agents found for email: geoffrey_butler@company.com."}
{"asctime": "2024-12-19T22:55:41", "msecs": 231.0, "levelname": "INFO", "correlation_id": "-", "name": "integration.services.event_preprocessing_service", "lineno": 42, "message": "No agent found, creating a new one"}
{"asctime": "2024-12-19T22:55:41", "msecs": 231.0, "levelname": "INFO", "correlation_id": "-", "name": "integration.services.create_agent_service", "lineno": 37, "message": "Creating agent with payload: {'email': 'geoffrey_butler@company.com', 'name': 'Ms Jasmine Young'}"}
{"asctime": "2024-12-19T22:55:43", "msecs": 270.0, "levelname": "INFO", "correlation_id": "-", "name": "integration.services.create_agent_service", "lineno": 51, "message": "Agent created successfully: {'name': 'Ms Jasmine Young', 'email': 'geoffrey_butler@company.com', 'agent_id': '53032de9-fe97-46cd-9309-70f56268c21f'}"}
{"asctime": "2024-12-19T22:55:43", "msecs": 270.0, "levelname": "INFO", "correlation_id": "-", "name": "integration.services.event_preprocessing_service", "lineno": 47, "message": "New agent created successfully"}
{"asctime": "2024-12-19T22:55:43", "msecs": 270.0, "levelname": "DEBUG", "correlation_id": "-", "name": "integration.services.start_event_service", "lineno": 40, "message": "Starting event with payload: {'agent_id': '53032de9-fe97-46cd-9309-70f56268c21f', 'started_at': '2024-12-19T22:55:35.000000', 'external_id': '5'}"}
{"asctime": "2024-12-19T22:55:45", "msecs": 331.0, "levelname": "INFO", "correlation_id": "-", "name": "integration.services.start_event_service", "lineno": 58, "message": "Event started successfully: {'agent_id': '53032de9-fe97-46cd-9309-70f56268c21f', 'started_at': '2024-12-19T22:55:35', 'ended_at': None, 'external_id': '5', 'chat_id': 'f3c9bc24-ef4f-4e20-a846-88f50185bdc4'}"}
{"asctime": "2024-12-19T22:55:45", "msecs": 334.0, "levelname": "INFO", "correlation_id": "-", "name": "integration.services.event_preprocessing_service", "lineno": 75, "message": "Event processed successfully"}
{"asctime": "2024-12-19T22:55:45", "msecs": 340.0, "levelname": "INFO", "correlation_id": "-", "name": "integration.handlers.start_event_handler", "lineno": 19, "message": "Event preprocessing completed successfully"}
{"asctime": "2024-12-19T22:55:45", "msecs": 388.0, "levelname": "INFO", "correlation_id": "-", "name": "integration.handlers.start_event_handler", "lineno": 33, "message": "Start event handled successfully, event saved in database"}
{"asctime": "2024-12-19T22:55:45", "msecs": 392.0, "levelname": "INFO", "correlation_id": "-", "name": "integration.main", "lineno": 26, "message": "Start time --> 2024-12-19 22:55:35.392465"}
{"asctime": "2024-12-19T22:55:45", "msecs": 395.0, "levelname": "INFO", "correlation_id": "-", "name": "integration.handlers.get_events_handler", "lineno": 20, "message": "getting events starting from 2024-12-19 22:55:35.392465"}
{"asctime": "2024-12-19T22:55:45", "msecs": 399.0, "levelname": "DEBUG", "correlation_id": "-", "name": "integration.services.get_events_service", "lineno": 26, "message": "Fetching events with parameters: {'start_at': datetime.datetime(2024, 12, 19, 22, 55, 35, 392465)}"}
{"asctime": "2024-12-19T22:55:47", "msecs": 449.0, "levelname": "DEBUG", "correlation_id": "-", "name": "integration.services.get_events_service", "lineno": 30, "message": "Response received: Status code 200, Headers: {'date': 'Thu, 19 Dec 2024 22:55:46 GMT', 'server': 'uvicorn', 'content-length': '500', 'content-type': 'application/json'}"}
{"asctime": "2024-12-19T22:55:47", "msecs": 451.0, "levelname": "INFO", "correlation_id": "-", "name": "integration.services.get_events_service", "lineno": 41, "message": "Events fetched successfully: 4 events found starting at 2024-12-19 22:55:35.392465."}
{"asctime": "2024-12-19T22:55:47", "msecs": 456.0, "levelname": "INFO", "correlation_id": "-", "name": "integration.handlers.all_events_handler", "lineno": 31, "message": "Starting to process events"}
{"asctime": "2024-12-19T22:55:47", "msecs": 461.0, "levelname": "INFO", "correlation_id": "-", "name": "integration.handlers.start_event_handler", "lineno": 9, "message": "Starting to handle start event"}
{"asctime": "2024-12-19T22:55:47", "msecs": 465.0, "levelname": "INFO", "correlation_id": "-", "name": "integration.services.event_preprocessing_service", "lineno": 17, "message": "Starting event preprocessing"}
{"asctime": "2024-12-19T22:55:47", "msecs": 467.0, "levelname": "DEBUG", "correlation_id": "-", "name": "integration.services.event_preprocessing_service", "lineno": 18, "message": "event --> {'conversation_id': 6, 'event_name': 'START', 'event_at': 1734648947, 'data': None}"}
{"asctime": "2024-12-19T22:55:47", "msecs": 470.0, "levelname": "INFO", "correlation_id": "-", "name": "integration.services.get_conversation_details_service", "lineno": 26, "message": "Fetching conversation details for conversation_id: 6"}
{"asctime": "2024-12-19T22:55:49", "msecs": 505.0, "levelname": "INFO", "correlation_id": "-", "name": "integration.services.get_conversation_details_service", "lineno": 50, "message": "Conversation details fetched successfully."}
{"asctime": "2024-12-19T22:55:49", "msecs": 508.0, "levelname": "INFO", "correlation_id": "-", "name": "integration.services.get_advisor_service", "lineno": 26, "message": "Fetching advisor details for advisor_id: 4"}
{"asctime": "2024-12-19T22:55:51", "msecs": 540.0, "levelname": "INFO", "correlation_id": "-", "name": "integration.services.get_advisor_service", "lineno": 44, "message": "Advisor details fetched successfully."}
{"asctime": "2024-12-19T22:55:51", "msecs": 541.0, "levelname": "INFO", "correlation_id": "-", "name": "integration.services.is_agent_exist_service", "lineno": 27, "message": "Checking if agent exists for email: alan_walters-gray@company.com"}
{"asctime": "2024-12-19T22:55:53", "msecs": 571.0, "levelname": "INFO", "correlation_id": "-", "name": "integration.services.is_agent_exist_service", "lineno": 45, "message": "Agent fetch successful: 1 agents found."}
{"asctime": "2024-12-19T22:55:53", "msecs": 571.0, "levelname": "DEBUG", "correlation_id": "-", "name": "integration.services.start_event_service", "lineno": 40, "message": "Starting event with payload: {'agent_id': '4d95b8aa-6e10-4edd-a775-c68c7cf0ecc0', 'started_at': '2024-12-19T22:55:47.000000', 'external_id': '6'}"}
{"asctime": "2024-12-19T22:55:55", "msecs": 614.0, "levelname": "INFO", "correlation_id": "-", "name": "integration.services.start_event_service", "lineno": 58, "message": "Event started successfully: {'agent_id': '4d95b8aa-6e10-4edd-a775-c68c7cf0ecc0', 'started_at': '2024-12-19T22:55:47', 'ended_at': None, 'external_id': '6', 'chat_id': '95d77809-d96f-47df-8126-ded235e424ba'}"}
{"asctime": "2024-12-19T22:55:55", "msecs": 617.0, "levelname": "INFO", "correlation_id": "-", "name": "integration.services.event_preprocessing_service", "lineno": 75, "message": "Event processed successfully"}
{"asctime": "2024-12-19T22:55:55", "msecs": 617.0, "levelname": "INFO", "correlation_id": "-", "name": "integration.handlers.start_event_handler", "lineno": 19, "message": "Event preprocessing completed successfully"}
{"asctime": "2024-12-19T22:55:55", "msecs": 951.0, "levelname": "INFO", "correlation_id": "-", "name": "integration.handlers.start_event_handler", "lineno": 33, "message": "Start event handled successfully, event saved in database"}
{"asctime": "2024-12-19T22:55:55", "msecs": 951.0, "levelname": "INFO", "correlation_id": "-", "name": "uvicorn.error", "lineno": 258, "message": "Shutting down"}
{"asctime": "2024-12-19T22:55:56", "msecs": 58.0, "levelname": "INFO", "correlation_id": "-", "name": "uvicorn.error", "lineno": 67, "message": "Waiting for application shutdown."}
{"asctime": "2024-12-19T22:55:56", "msecs": 61.0, "levelname": "INFO", "correlation_id": "-", "name": "uvicorn.error", "lineno": 76, "message": "Application shutdown complete."}
{"asctime": "2024-12-19T22:55:56", "msecs": 63.0, "levelname": "INFO", "correlation_id": "-", "name": "uvicorn.error", "lineno": 92, "message": "Finished server process [7492]", "color_message": "Finished server process [\u001b[36m%d\u001b[0m]"}
{"asctime": "2024-12-20T14:59:53", "msecs": 702.0, "levelname": "INFO", "correlation_id": "-", "name": "integration.main", "lineno": 49, "message": "Hello World"}
{"asctime": "2024-12-20T14:59:53", "msecs": 720.0, "levelname": "INFO", "correlation_id": "-", "name": "integration.main", "lineno": 25, "message": "Start time --> 2024-12-20 14:59:43.720985"}
{"asctime": "2024-12-20T14:59:53", "msecs": 723.0, "levelname": "INFO", "correlation_id": "-", "name": "integration.handlers.get_events_handler", "lineno": 20, "message": "getting events starting from 2024-12-20 14:59:43.720985"}
{"asctime": "2024-12-20T14:59:53", "msecs": 726.0, "levelname": "DEBUG", "correlation_id": "-", "name": "integration.services.get_events_service", "lineno": 26, "message": "Fetching events with parameters: {'start_at': datetime.datetime(2024, 12, 20, 14, 59, 43, 720985)}"}
{"asctime": "2024-12-20T14:59:55", "msecs": 790.0, "levelname": "DEBUG", "correlation_id": "-", "name": "integration.services.get_events_service", "lineno": 30, "message": "Response received: Status code 200, Headers: {'date': 'Fri, 20 Dec 2024 14:59:55 GMT', 'server': 'uvicorn', 'content-length': '344', 'content-type': 'application/json'}"}
{"asctime": "2024-12-20T14:59:55", "msecs": 793.0, "levelname": "INFO", "correlation_id": "-", "name": "integration.services.get_events_service", "lineno": 41, "message": "Events fetched successfully: 3 events found starting at 2024-12-20 14:59:43.720985."}
{"asctime": "2024-12-20T14:59:55", "msecs": 797.0, "levelname": "INFO", "correlation_id": "-", "name": "uvicorn.error", "lineno": 62, "message": "Application startup complete."}
{"asctime": "2024-12-20T14:59:55", "msecs": 799.0, "levelname": "INFO", "correlation_id": "-", "name": "integration.handlers.all_events_handler", "lineno": 31, "message": "Starting to process events"}
{"asctime": "2024-12-20T14:59:55", "msecs": 802.0, "levelname": "INFO", "correlation_id": "-", "name": "integration.handlers.start_event_handler", "lineno": 9, "message": "Starting to handle start event"}
{"asctime": "2024-12-20T14:59:55", "msecs": 805.0, "levelname": "INFO", "correlation_id": "-", "name": "integration.services.event_preprocessing_service", "lineno": 17, "message": "Starting event preprocessing"}
{"asctime": "2024-12-20T14:59:55", "msecs": 808.0, "levelname": "DEBUG", "correlation_id": "-", "name": "integration.services.event_preprocessing_service", "lineno": 18, "message": "event --> {'conversation_id': 4, 'event_name': 'START', 'event_at': 1734706795, 'data': None}"}
{"asctime": "2024-12-20T14:59:55", "msecs": 811.0, "levelname": "INFO", "correlation_id": "-", "name": "integration.services.get_conversation_details_service", "lineno": 26, "message": "Fetching conversation details for conversation_id: 4"}
{"asctime": "2024-12-20T14:59:57", "msecs": 867.0, "levelname": "INFO", "correlation_id": "-", "name": "integration.services.get_conversation_details_service", "lineno": 50, "message": "Conversation details fetched successfully."}
{"asctime": "2024-12-20T14:59:57", "msecs": 871.0, "levelname": "INFO", "correlation_id": "-", "name": "integration.services.get_advisor_service", "lineno": 26, "message": "Fetching advisor details for advisor_id: 9"}
{"asctime": "2024-12-20T14:59:59", "msecs": 915.0, "levelname": "INFO", "correlation_id": "-", "name": "integration.services.get_advisor_service", "lineno": 44, "message": "Advisor details fetched successfully."}
{"asctime": "2024-12-20T14:59:59", "msecs": 918.0, "levelname": "INFO", "correlation_id": "-", "name": "integration.services.is_agent_exist_service", "lineno": 27, "message": "Checking if agent exists for email: ben_burgess@company.com"}
{"asctime": "2024-12-20T15:00:01", "msecs": 988.0, "levelname": "INFO", "correlation_id": "-", "name": "integration.services.is_agent_exist_service", "lineno": 42, "message": "No agents found for email: ben_burgess@company.com."}
{"asctime": "2024-12-20T15:00:01", "msecs": 990.0, "levelname": "INFO", "correlation_id": "-", "name": "integration.services.event_preprocessing_service", "lineno": 42, "message": "No agent found, creating a new one"}
{"asctime": "2024-12-20T15:00:01", "msecs": 993.0, "levelname": "INFO", "correlation_id": "-", "name": "integration.services.create_agent_service", "lineno": 37, "message": "Creating agent with payload: {'email': 'ben_burgess@company.com', 'name': 'Louise Khan'}"}
{"asctime": "2024-12-20T15:00:04", "msecs": 22.0, "levelname": "INFO", "correlation_id": "-", "name": "integration.services.create_agent_service", "lineno": 51, "message": "Agent created successfully: {'name': 'Louise Khan', 'email': 'ben_burgess@company.com', 'agent_id': 'cdbfff46-4329-44a8-ba63-68dbf6bf97c9'}"}
{"asctime": "2024-12-20T15:00:04", "msecs": 26.0, "levelname": "INFO", "correlation_id": "-", "name": "integration.services.event_preprocessing_service", "lineno": 47, "message": "New agent created successfully"}
{"asctime": "2024-12-20T15:00:04", "msecs": 29.0, "levelname": "DEBUG", "correlation_id": "-", "name": "integration.services.start_event_service", "lineno": 40, "message": "Starting event with payload: {'agent_id': 'cdbfff46-4329-44a8-ba63-68dbf6bf97c9', 'started_at': '2024-12-20T14:59:55.000000', 'external_id': '4'}"}
{"asctime": "2024-12-20T15:00:06", "msecs": 91.0, "levelname": "INFO", "correlation_id": "-", "name": "integration.services.start_event_service", "lineno": 58, "message": "Event started successfully: {'agent_id': 'cdbfff46-4329-44a8-ba63-68dbf6bf97c9', 'started_at': '2024-12-20T14:59:55', 'ended_at': None, 'external_id': '4', 'chat_id': '2fa2aaec-430f-4406-8583-47ae5dc5fe8a'}"}
{"asctime": "2024-12-20T15:00:06", "msecs": 94.0, "levelname": "INFO", "correlation_id": "-", "name": "integration.services.event_preprocessing_service", "lineno": 75, "message": "Event processed successfully"}
{"asctime": "2024-12-20T15:00:06", "msecs": 96.0, "levelname": "INFO", "correlation_id": "-", "name": "integration.handlers.start_event_handler", "lineno": 19, "message": "Event preprocessing completed successfully"}
{"asctime": "2024-12-20T15:00:06", "msecs": 251.0, "levelname": "INFO", "correlation_id": "-", "name": "integration.handlers.start_event_handler", "lineno": 33, "message": "Start event handled successfully, event saved in database"}
{"asctime": "2024-12-20T15:00:06", "msecs": 255.0, "levelname": "INFO", "correlation_id": "-", "name": "integration.main", "lineno": 25, "message": "Start time --> 2024-12-20 14:59:56.255497"}
{"asctime": "2024-12-20T15:00:06", "msecs": 258.0, "levelname": "INFO", "correlation_id": "-", "name": "integration.handlers.get_events_handler", "lineno": 20, "message": "getting events starting from 2024-12-20 14:59:56.255497"}
{"asctime": "2024-12-20T15:00:06", "msecs": 261.0, "levelname": "DEBUG", "correlation_id": "-", "name": "integration.services.get_events_service", "lineno": 26, "message": "Fetching events with parameters: {'start_at': datetime.datetime(2024, 12, 20, 14, 59, 56, 255497)}"}
{"asctime": "2024-12-20T15:00:08", "msecs": 327.0, "levelname": "DEBUG", "correlation_id": "-", "name": "integration.services.get_events_service", "lineno": 30, "message": "Response received: Status code 200, Headers: {'date': 'Fri, 20 Dec 2024 15:00:07 GMT', 'server': 'uvicorn', 'content-length': '605', 'content-type': 'application/json'}"}
{"asctime": "2024-12-20T15:00:08", "msecs": 333.0, "levelname": "INFO", "correlation_id": "-", "name": "integration.services.get_events_service", "lineno": 41, "message": "Events fetched successfully: 5 events found starting at 2024-12-20 14:59:56.255497."}
{"asctime": "2024-12-20T15:00:08", "msecs": 340.0, "levelname": "INFO", "correlation_id": "-", "name": "uvicorn.error", "lineno": 214, "message": "Uvicorn running on http://127.0.0.1:8000 (Press CTRL+C to quit)", "color_message": "Uvicorn running on \u001b[1m%s://%s:%d\u001b[0m (Press CTRL+C to quit)"}
{"asctime": "2024-12-20T15:00:08", "msecs": 344.0, "levelname": "INFO", "correlation_id": "-", "name": "integration.handlers.all_events_handler", "lineno": 31, "message": "Starting to process events"}
{"asctime": "2024-12-20T15:00:08", "msecs": 349.0, "levelname": "INFO", "correlation_id": "-", "name": "integration.handlers.start_event_handler", "lineno": 9, "message": "Starting to handle start event"}
{"asctime": "2024-12-20T15:00:08", "msecs": 354.0, "levelname": "INFO", "correlation_id": "-", "name": "integration.services.event_preprocessing_service", "lineno": 17, "message": "Starting event preprocessing"}
{"asctime": "2024-12-20T15:00:08", "msecs": 358.0, "levelname": "DEBUG", "correlation_id": "-", "name": "integration.services.event_preprocessing_service", "lineno": 18, "message": "event --> {'conversation_id': 5, 'event_name': 'START', 'event_at': 1734706808, 'data': None}"}
{"asctime": "2024-12-20T15:00:08", "msecs": 365.0, "levelname": "INFO", "correlation_id": "-", "name": "integration.services.get_conversation_details_service", "lineno": 26, "message": "Fetching conversation details for conversation_id: 5"}
{"asctime": "2024-12-20T15:00:10", "msecs": 414.0, "levelname": "INFO", "correlation_id": "-", "name": "integration.services.get_conversation_details_service", "lineno": 50, "message": "Conversation details fetched successfully."}
{"asctime": "2024-12-20T15:00:10", "msecs": 417.0, "levelname": "INFO", "correlation_id": "-", "name": "integration.services.get_advisor_service", "lineno": 26, "message": "Fetching advisor details for advisor_id: 9"}
{"asctime": "2024-12-20T15:00:12", "msecs": 476.0, "levelname": "INFO", "correlation_id": "-", "name": "integration.services.get_advisor_service", "lineno": 44, "message": "Advisor details fetched successfully."}
{"asctime": "2024-12-20T15:00:12", "msecs": 480.0, "levelname": "INFO", "correlation_id": "-", "name": "integration.services.is_agent_exist_service", "lineno": 27, "message": "Checking if agent exists for email: ben_burgess@company.com"}
{"asctime": "2024-12-20T15:00:14", "msecs": 546.0, "levelname": "INFO", "correlation_id": "-", "name": "integration.services.is_agent_exist_service", "lineno": 45, "message": "Agent fetch successful: 1 agents found."}
{"asctime": "2024-12-20T15:00:14", "msecs": 549.0, "levelname": "DEBUG", "correlation_id": "-", "name": "integration.services.start_event_service", "lineno": 40, "message": "Starting event with payload: {'agent_id': 'cdbfff46-4329-44a8-ba63-68dbf6bf97c9', 'started_at': '2024-12-20T15:00:08.000000', 'external_id': '5'}"}
{"asctime": "2024-12-20T15:00:16", "msecs": 587.0, "levelname": "INFO", "correlation_id": "-", "name": "integration.services.start_event_service", "lineno": 58, "message": "Event started successfully: {'agent_id': 'cdbfff46-4329-44a8-ba63-68dbf6bf97c9', 'started_at': '2024-12-20T15:00:08', 'ended_at': None, 'external_id': '5', 'chat_id': 'db764647-2af7-402e-9b1e-dd55d13c576f'}"}
{"asctime": "2024-12-20T15:00:16", "msecs": 590.0, "levelname": "INFO", "correlation_id": "-", "name": "integration.services.event_preprocessing_service", "lineno": 75, "message": "Event processed successfully"}
{"asctime": "2024-12-20T15:00:16", "msecs": 592.0, "levelname": "INFO", "correlation_id": "-", "name": "integration.handlers.start_event_handler", "lineno": 19, "message": "Event preprocessing completed successfully"}
{"asctime": "2024-12-20T15:00:16", "msecs": 736.0, "levelname": "INFO", "correlation_id": "-", "name": "integration.handlers.start_event_handler", "lineno": 33, "message": "Start event handled successfully, event saved in database"}
{"asctime": "2024-12-20T15:00:18", "msecs": 347.0, "levelname": "INFO", "correlation_id": "-", "name": "integration.main", "lineno": 25, "message": "Start time --> 2024-12-20 15:00:08.347037"}
{"asctime": "2024-12-20T15:00:18", "msecs": 350.0, "levelname": "INFO", "correlation_id": "-", "name": "integration.handlers.get_events_handler", "lineno": 20, "message": "getting events starting from 2024-12-20 15:00:08.347037"}
{"asctime": "2024-12-20T15:00:18", "msecs": 353.0, "levelname": "DEBUG", "correlation_id": "-", "name": "integration.services.get_events_service", "lineno": 26, "message": "Fetching events with parameters: {'start_at': datetime.datetime(2024, 12, 20, 15, 0, 8, 347037)}"}
{"asctime": "2024-12-20T15:00:20", "msecs": 398.0, "levelname": "DEBUG", "correlation_id": "-", "name": "integration.services.get_events_service", "lineno": 30, "message": "Response received: Status code 200, Headers: {'date': 'Fri, 20 Dec 2024 15:00:19 GMT', 'server': 'uvicorn', 'content-length': '488', 'content-type': 'application/json'}"}
{"asctime": "2024-12-20T15:00:20", "msecs": 401.0, "levelname": "INFO", "correlation_id": "-", "name": "integration.services.get_events_service", "lineno": 41, "message": "Events fetched successfully: 5 events found starting at 2024-12-20 15:00:08.347037."}
{"asctime": "2024-12-20T15:00:20", "msecs": 406.0, "levelname": "INFO", "correlation_id": "-", "name": "integration.handlers.all_events_handler", "lineno": 31, "message": "Starting to process events"}
{"asctime": "2024-12-20T15:00:20", "msecs": 409.0, "levelname": "INFO", "correlation_id": "-", "name": "integration.handlers.start_event_handler", "lineno": 9, "message": "Starting to handle start event"}
{"asctime": "2024-12-20T15:00:20", "msecs": 411.0, "levelname": "INFO", "correlation_id": "-", "name": "integration.services.event_preprocessing_service", "lineno": 17, "message": "Starting event preprocessing"}
{"asctime": "2024-12-20T15:00:20", "msecs": 414.0, "levelname": "DEBUG", "correlation_id": "-", "name": "integration.services.event_preprocessing_service", "lineno": 18, "message": "event --> {'conversation_id': 6, 'event_name': 'START', 'event_at': 1734706820, 'data': None}"}
{"asctime": "2024-12-20T15:00:20", "msecs": 417.0, "levelname": "INFO", "correlation_id": "-", "name": "integration.services.get_conversation_details_service", "lineno": 26, "message": "Fetching conversation details for conversation_id: 6"}
{"asctime": "2024-12-20T15:00:22", "msecs": 464.0, "levelname": "INFO", "correlation_id": "-", "name": "integration.services.get_conversation_details_service", "lineno": 50, "message": "Conversation details fetched successfully."}
{"asctime": "2024-12-20T15:00:22", "msecs": 468.0, "levelname": "INFO", "correlation_id": "-", "name": "integration.services.get_advisor_service", "lineno": 26, "message": "Fetching advisor details for advisor_id: 3"}
{"asctime": "2024-12-20T15:00:24", "msecs": 529.0, "levelname": "INFO", "correlation_id": "-", "name": "integration.services.get_advisor_service", "lineno": 44, "message": "Advisor details fetched successfully."}
{"asctime": "2024-12-20T15:00:24", "msecs": 532.0, "levelname": "INFO", "correlation_id": "-", "name": "integration.services.is_agent_exist_service", "lineno": 27, "message": "Checking if agent exists for email: june_roberts@company.com"}
{"asctime": "2024-12-20T15:00:26", "msecs": 562.0, "levelname": "INFO", "correlation_id": "-", "name": "integration.services.is_agent_exist_service", "lineno": 42, "message": "No agents found for email: june_roberts@company.com."}
{"asctime": "2024-12-20T15:00:26", "msecs": 565.0, "levelname": "INFO", "correlation_id": "-", "name": "integration.services.event_preprocessing_service", "lineno": 42, "message": "No agent found, creating a new one"}
{"asctime": "2024-12-20T15:00:26", "msecs": 567.0, "levelname": "INFO", "correlation_id": "-", "name": "integration.services.create_agent_service", "lineno": 37, "message": "Creating agent with payload: {'email': 'june_roberts@company.com', 'name': 'Samantha Walton-Bailey'}"}
{"asctime": "2024-12-20T15:00:28", "msecs": 615.0, "levelname": "INFO", "correlation_id": "-", "name": "integration.services.create_agent_service", "lineno": 51, "message": "Agent created successfully: {'name': 'Samantha Walton-Bailey', 'email': 'june_roberts@company.com', 'agent_id': '94e51eff-8635-466d-b8f0-14e230286b95'}"}
{"asctime": "2024-12-20T15:00:28", "msecs": 619.0, "levelname": "INFO", "correlation_id": "-", "name": "integration.services.event_preprocessing_service", "lineno": 47, "message": "New agent created successfully"}
{"asctime": "2024-12-20T15:00:28", "msecs": 622.0, "levelname": "DEBUG", "correlation_id": "-", "name": "integration.services.start_event_service", "lineno": 40, "message": "Starting event with payload: {'agent_id': '94e51eff-8635-466d-b8f0-14e230286b95', 'started_at': '2024-12-20T15:00:20.000000', 'external_id': '6'}"}
{"asctime": "2024-12-20T15:00:30", "msecs": 681.0, "levelname": "INFO", "correlation_id": "-", "name": "integration.services.start_event_service", "lineno": 58, "message": "Event started successfully: {'agent_id': '94e51eff-8635-466d-b8f0-14e230286b95', 'started_at': '2024-12-20T15:00:20', 'ended_at': None, 'external_id': '6', 'chat_id': '9077b2fc-407a-44a2-98b2-5e1df2c8b31d'}"}
{"asctime": "2024-12-20T15:00:30", "msecs": 686.0, "levelname": "INFO", "correlation_id": "-", "name": "integration.services.event_preprocessing_service", "lineno": 75, "message": "Event processed successfully"}
{"asctime": "2024-12-20T15:00:30", "msecs": 688.0, "levelname": "INFO", "correlation_id": "-", "name": "integration.handlers.start_event_handler", "lineno": 19, "message": "Event preprocessing completed successfully"}
{"asctime": "2024-12-20T15:00:30", "msecs": 729.0, "levelname": "INFO", "correlation_id": "-", "name": "integration.handlers.start_event_handler", "lineno": 33, "message": "Start event handled successfully, event saved in database"}
{"asctime": "2024-12-20T15:00:30", "msecs": 733.0, "levelname": "INFO", "correlation_id": "-", "name": "integration.main", "lineno": 25, "message": "Start time --> 2024-12-20 15:00:20.733901"}
{"asctime": "2024-12-20T15:00:30", "msecs": 736.0, "levelname": "INFO", "correlation_id": "-", "name": "integration.handlers.get_events_handler", "lineno": 20, "message": "getting events starting from 2024-12-20 15:00:20.733901"}
{"asctime": "2024-12-20T15:00:30", "msecs": 738.0, "levelname": "DEBUG", "correlation_id": "-", "name": "integration.services.get_events_service", "lineno": 26, "message": "Fetching events with parameters: {'start_at': datetime.datetime(2024, 12, 20, 15, 0, 20, 733901)}"}
{"asctime": "2024-12-20T15:00:32", "msecs": 790.0, "levelname": "DEBUG", "correlation_id": "-", "name": "integration.services.get_events_service", "lineno": 30, "message": "Response received: Status code 200, Headers: {'date': 'Fri, 20 Dec 2024 15:00:32 GMT', 'server': 'uvicorn', 'content-length': '692', 'content-type': 'application/json'}"}
{"asctime": "2024-12-20T15:00:32", "msecs": 793.0, "levelname": "INFO", "correlation_id": "-", "name": "integration.services.get_events_service", "lineno": 41, "message": "Events fetched successfully: 6 events found starting at 2024-12-20 15:00:20.733901."}
{"asctime": "2024-12-20T15:00:32", "msecs": 797.0, "levelname": "INFO", "correlation_id": "-", "name": "integration.handlers.all_events_handler", "lineno": 31, "message": "Starting to process events"}
{"asctime": "2024-12-20T15:00:42", "msecs": 806.0, "levelname": "INFO", "correlation_id": "-", "name": "integration.main", "lineno": 25, "message": "Start time --> 2024-12-20 15:00:32.806481"}
{"asctime": "2024-12-20T15:00:42", "msecs": 808.0, "levelname": "INFO", "correlation_id": "-", "name": "integration.handlers.get_events_handler", "lineno": 20, "message": "getting events starting from 2024-12-20 15:00:32.806481"}
{"asctime": "2024-12-20T15:00:42", "msecs": 811.0, "levelname": "DEBUG", "correlation_id": "-", "name": "integration.services.get_events_service", "lineno": 26, "message": "Fetching events with parameters: {'start_at': datetime.datetime(2024, 12, 20, 15, 0, 32, 806481)}"}
{"asctime": "2024-12-20T15:00:44", "msecs": 863.0, "levelname": "DEBUG", "correlation_id": "-", "name": "integration.services.get_events_service", "lineno": 30, "message": "Response received: Status code 200, Headers: {'date': 'Fri, 20 Dec 2024 15:00:44 GMT', 'server': 'uvicorn', 'content-length': '524', 'content-type': 'application/json'}"}
{"asctime": "2024-12-20T15:00:44", "msecs": 866.0, "levelname": "INFO", "correlation_id": "-", "name": "integration.services.get_events_service", "lineno": 41, "message": "Events fetched successfully: 4 events found starting at 2024-12-20 15:00:32.806481."}
{"asctime": "2024-12-20T15:00:44", "msecs": 870.0, "levelname": "INFO", "correlation_id": "-", "name": "integration.handlers.all_events_handler", "lineno": 31, "message": "Starting to process events"}
{"asctime": "2024-12-20T15:00:54", "msecs": 870.0, "levelname": "INFO", "correlation_id": "-", "name": "integration.main", "lineno": 25, "message": "Start time --> 2024-12-20 15:00:44.870885"}
{"asctime": "2024-12-20T15:00:54", "msecs": 872.0, "levelname": "INFO", "correlation_id": "-", "name": "integration.handlers.get_events_handler", "lineno": 20, "message": "getting events starting from 2024-12-20 15:00:44.870885"}
{"asctime": "2024-12-20T15:00:54", "msecs": 875.0, "levelname": "DEBUG", "correlation_id": "-", "name": "integration.services.get_events_service", "lineno": 26, "message": "Fetching events with parameters: {'start_at': datetime.datetime(2024, 12, 20, 15, 0, 44, 870885)}"}
{"asctime": "2024-12-20T15:00:57", "msecs": 152.0, "levelname": "DEBUG", "correlation_id": "-", "name": "integration.services.get_events_service", "lineno": 30, "message": "Response received: Status code 500, Headers: {'date': 'Fri, 20 Dec 2024 15:00:56 GMT', 'server': 'uvicorn', 'content-length': '21', 'content-type': 'text/plain; charset=utf-8'}"}
{"asctime": "2024-12-20T15:00:57", "msecs": 156.0, "levelname": "ERROR", "correlation_id": "-", "name": "integration.services.get_events_service", "lineno": 33, "message": "Unhandled status code: 500. Parameters: {'start_at': datetime.datetime(2024, 12, 20, 15, 0, 44, 870885)}"}
{"asctime": "2024-12-20T15:00:57", "msecs": 161.0, "levelname": "WARNING", "correlation_id": "-", "name": "integration.handlers.all_events_handler", "lineno": 29, "message": "No events found"}
{"asctime": "2024-12-20T15:01:07", "msecs": 184.0, "levelname": "INFO", "correlation_id": "-", "name": "integration.main", "lineno": 25, "message": "Start time --> 2024-12-20 15:00:57.184508"}
{"asctime": "2024-12-20T15:01:07", "msecs": 186.0, "levelname": "INFO", "correlation_id": "-", "name": "integration.handlers.get_events_handler", "lineno": 20, "message": "getting events starting from 2024-12-20 15:00:57.184508"}
{"asctime": "2024-12-20T15:01:07", "msecs": 189.0, "levelname": "DEBUG", "correlation_id": "-", "name": "integration.services.get_events_service", "lineno": 26, "message": "Fetching events with parameters: {'start_at': datetime.datetime(2024, 12, 20, 15, 0, 57, 184508)}"}
{"asctime": "2024-12-20T15:01:09", "msecs": 250.0, "levelname": "DEBUG", "correlation_id": "-", "name": "integration.services.get_events_service", "lineno": 30, "message": "Response received: Status code 200, Headers: {'date': 'Fri, 20 Dec 2024 15:01:09 GMT', 'server': 'uvicorn', 'content-length': '644', 'content-type': 'application/json'}"}
{"asctime": "2024-12-20T15:01:09", "msecs": 254.0, "levelname": "INFO", "correlation_id": "-", "name": "integration.services.get_events_service", "lineno": 41, "message": "Events fetched successfully: 6 events found starting at 2024-12-20 15:00:57.184508."}
{"asctime": "2024-12-20T15:01:09", "msecs": 258.0, "levelname": "INFO", "correlation_id": "-", "name": "integration.handlers.all_events_handler", "lineno": 31, "message": "Starting to process events"}
{"asctime": "2024-12-20T15:01:09", "msecs": 261.0, "levelname": "INFO", "correlation_id": "-", "name": "integration.handlers.start_event_handler", "lineno": 9, "message": "Starting to handle start event"}
{"asctime": "2024-12-20T15:01:09", "msecs": 264.0, "levelname": "INFO", "correlation_id": "-", "name": "integration.services.event_preprocessing_service", "lineno": 17, "message": "Starting event preprocessing"}
{"asctime": "2024-12-20T15:01:09", "msecs": 267.0, "levelname": "DEBUG", "correlation_id": "-", "name": "integration.services.event_preprocessing_service", "lineno": 18, "message": "event --> {'conversation_id': 7, 'event_name': 'START', 'event_at': 1734706869, 'data': None}"}
{"asctime": "2024-12-20T15:01:09", "msecs": 271.0, "levelname": "INFO", "correlation_id": "-", "name": "integration.services.get_conversation_details_service", "lineno": 26, "message": "Fetching conversation details for conversation_id: 7"}
{"asctime": "2024-12-20T15:01:11", "msecs": 322.0, "levelname": "INFO", "correlation_id": "-", "name": "integration.services.get_conversation_details_service", "lineno": 50, "message": "Conversation details fetched successfully."}
{"asctime": "2024-12-20T15:01:11", "msecs": 325.0, "levelname": "INFO", "correlation_id": "-", "name": "integration.services.get_advisor_service", "lineno": 26, "message": "Fetching advisor details for advisor_id: 1"}
{"asctime": "2024-12-20T15:01:13", "msecs": 382.0, "levelname": "INFO", "correlation_id": "-", "name": "integration.services.get_advisor_service", "lineno": 44, "message": "Advisor details fetched successfully."}
{"asctime": "2024-12-20T15:01:13", "msecs": 384.0, "levelname": "INFO", "correlation_id": "-", "name": "integration.services.is_agent_exist_service", "lineno": 27, "message": "Checking if agent exists for email: julie_stevens@company.com"}
{"asctime": "2024-12-20T15:01:15", "msecs": 435.0, "levelname": "INFO", "correlation_id": "-", "name": "integration.services.is_agent_exist_service", "lineno": 45, "message": "Agent fetch successful: 1 agents found."}
{"asctime": "2024-12-20T15:01:15", "msecs": 438.0, "levelname": "DEBUG", "correlation_id": "-", "name": "integration.services.start_event_service", "lineno": 40, "message": "Starting event with payload: {'agent_id': '5447ea4c-5465-4503-a178-0d638943df51', 'started_at': '2024-12-20T15:01:09.000000', 'external_id': '7'}"}
{"asctime": "2024-12-20T15:01:17", "msecs": 482.0, "levelname": "INFO", "correlation_id": "-", "name": "integration.services.start_event_service", "lineno": 58, "message": "Event started successfully: {'agent_id': '5447ea4c-5465-4503-a178-0d638943df51', 'started_at': '2024-12-20T15:01:09', 'ended_at': None, 'external_id': '7', 'chat_id': '2bdbed28-e9a1-4683-a3c1-8a4e06741a8a'}"}
{"asctime": "2024-12-20T15:01:17", "msecs": 486.0, "levelname": "INFO", "correlation_id": "-", "name": "integration.services.event_preprocessing_service", "lineno": 75, "message": "Event processed successfully"}
{"asctime": "2024-12-20T15:01:17", "msecs": 488.0, "levelname": "INFO", "correlation_id": "-", "name": "integration.handlers.start_event_handler", "lineno": 19, "message": "Event preprocessing completed successfully"}
{"asctime": "2024-12-20T15:01:17", "msecs": 758.0, "levelname": "INFO", "correlation_id": "-", "name": "integration.handlers.start_event_handler", "lineno": 33, "message": "Start event handled successfully, event saved in database"}
{"asctime": "2024-12-20T15:01:19", "msecs": 276.0, "levelname": "INFO", "correlation_id": "-", "name": "integration.main", "lineno": 25, "message": "Start time --> 2024-12-20 15:01:09.276596"}
{"asctime": "2024-12-20T15:01:19", "msecs": 279.0, "levelname": "INFO", "correlation_id": "-", "name": "integration.handlers.get_events_handler", "lineno": 20, "message": "getting events starting from 2024-12-20 15:01:09.276596"}
{"asctime": "2024-12-20T15:01:19", "msecs": 284.0, "levelname": "DEBUG", "correlation_id": "-", "name": "integration.services.get_events_service", "lineno": 26, "message": "Fetching events with parameters: {'start_at': datetime.datetime(2024, 12, 20, 15, 1, 9, 276596)}"}
{"asctime": "2024-12-20T15:01:21", "msecs": 349.0, "levelname": "DEBUG", "correlation_id": "-", "name": "integration.services.get_events_service", "lineno": 30, "message": "Response received: Status code 200, Headers: {'date': 'Fri, 20 Dec 2024 15:01:21 GMT', 'server': 'uvicorn', 'content-length': '497', 'content-type': 'application/json'}"}
{"asctime": "2024-12-20T15:01:21", "msecs": 352.0, "levelname": "INFO", "correlation_id": "-", "name": "integration.services.get_events_service", "lineno": 41, "message": "Events fetched successfully: 5 events found starting at 2024-12-20 15:01:09.276596."}
{"asctime": "2024-12-20T15:01:21", "msecs": 356.0, "levelname": "INFO", "correlation_id": "-", "name": "integration.handlers.all_events_handler", "lineno": 31, "message": "Starting to process events"}
{"asctime": "2024-12-20T15:01:31", "msecs": 362.0, "levelname": "INFO", "correlation_id": "-", "name": "integration.main", "lineno": 25, "message": "Start time --> 2024-12-20 15:01:21.362216"}
{"asctime": "2024-12-20T15:01:31", "msecs": 365.0, "levelname": "INFO", "correlation_id": "-", "name": "integration.handlers.get_events_handler", "lineno": 20, "message": "getting events starting from 2024-12-20 15:01:21.362216"}
{"asctime": "2024-12-20T15:01:31", "msecs": 368.0, "levelname": "DEBUG", "correlation_id": "-", "name": "integration.services.get_events_service", "lineno": 26, "message": "Fetching events with parameters: {'start_at': datetime.datetime(2024, 12, 20, 15, 1, 21, 362216)}"}
{"asctime": "2024-12-20T15:01:33", "msecs": 428.0, "levelname": "DEBUG", "correlation_id": "-", "name": "integration.services.get_events_service", "lineno": 30, "message": "Response received: Status code 200, Headers: {'date': 'Fri, 20 Dec 2024 15:01:33 GMT', 'server': 'uvicorn', 'content-length': '466', 'content-type': 'application/json'}"}
{"asctime": "2024-12-20T15:01:33", "msecs": 432.0, "levelname": "INFO", "correlation_id": "-", "name": "integration.services.get_events_service", "lineno": 41, "message": "Events fetched successfully: 4 events found starting at 2024-12-20 15:01:21.362216."}
{"asctime": "2024-12-20T15:01:33", "msecs": 436.0, "levelname": "INFO", "correlation_id": "-", "name": "integration.handlers.all_events_handler", "lineno": 31, "message": "Starting to process events"}
{"asctime": "2024-12-20T15:01:43", "msecs": 413.0, "levelname": "INFO", "correlation_id": "-", "name": "integration.main", "lineno": 25, "message": "Start time --> 2024-12-20 15:01:33.412593"}
{"asctime": "2024-12-20T15:01:43", "msecs": 416.0, "levelname": "INFO", "correlation_id": "-", "name": "integration.handlers.get_events_handler", "lineno": 20, "message": "getting events starting from 2024-12-20 15:01:33.412593"}
{"asctime": "2024-12-20T15:01:43", "msecs": 420.0, "levelname": "DEBUG", "correlation_id": "-", "name": "integration.services.get_events_service", "lineno": 26, "message": "Fetching events with parameters: {'start_at': datetime.datetime(2024, 12, 20, 15, 1, 33, 412593)}"}
{"asctime": "2024-12-20T15:01:45", "msecs": 470.0, "levelname": "DEBUG", "correlation_id": "-", "name": "integration.services.get_events_service", "lineno": 30, "message": "Response received: Status code 200, Headers: {'date': 'Fri, 20 Dec 2024 15:01:45 GMT', 'server': 'uvicorn', 'content-length': '952', 'content-type': 'application/json'}"}
{"asctime": "2024-12-20T15:01:45", "msecs": 474.0, "levelname": "INFO", "correlation_id": "-", "name": "integration.services.get_events_service", "lineno": 41, "message": "Events fetched successfully: 8 events found starting at 2024-12-20 15:01:33.412593."}
{"asctime": "2024-12-20T15:01:45", "msecs": 478.0, "levelname": "INFO", "correlation_id": "-", "name": "integration.handlers.all_events_handler", "lineno": 31, "message": "Starting to process events"}
{"asctime": "2024-12-20T15:01:45", "msecs": 481.0, "levelname": "INFO", "correlation_id": "-", "name": "integration.handlers.start_event_handler", "lineno": 9, "message": "Starting to handle start event"}
{"asctime": "2024-12-20T15:01:45", "msecs": 484.0, "levelname": "INFO", "correlation_id": "-", "name": "integration.services.event_preprocessing_service", "lineno": 17, "message": "Starting event preprocessing"}
{"asctime": "2024-12-20T15:01:45", "msecs": 488.0, "levelname": "DEBUG", "correlation_id": "-", "name": "integration.services.event_preprocessing_service", "lineno": 18, "message": "event --> {'conversation_id': 8, 'event_name': 'START', 'event_at': 1734706905, 'data': None}"}
{"asctime": "2024-12-20T15:01:45", "msecs": 493.0, "levelname": "INFO", "correlation_id": "-", "name": "integration.services.get_conversation_details_service", "lineno": 26, "message": "Fetching conversation details for conversation_id: 8"}
{"asctime": "2024-12-20T15:01:47", "msecs": 550.0, "levelname": "INFO", "correlation_id": "-", "name": "integration.services.get_conversation_details_service", "lineno": 50, "message": "Conversation details fetched successfully."}
{"asctime": "2024-12-20T15:01:47", "msecs": 553.0, "levelname": "INFO", "correlation_id": "-", "name": "integration.services.get_advisor_service", "lineno": 26, "message": "Fetching advisor details for advisor_id: 6"}
{"asctime": "2024-12-20T15:01:49", "msecs": 593.0, "levelname": "INFO", "correlation_id": "-", "name": "integration.services.get_advisor_service", "lineno": 44, "message": "Advisor details fetched successfully."}
{"asctime": "2024-12-20T15:01:49", "msecs": 596.0, "levelname": "INFO", "correlation_id": "-", "name": "integration.services.is_agent_exist_service", "lineno": 27, "message": "Checking if agent exists for email: declan_payne@company.com"}
{"asctime": "2024-12-20T15:01:51", "msecs": 634.0, "levelname": "INFO", "correlation_id": "-", "name": "integration.services.is_agent_exist_service", "lineno": 42, "message": "No agents found for email: declan_payne@company.com."}
{"asctime": "2024-12-20T15:01:51", "msecs": 636.0, "levelname": "INFO", "correlation_id": "-", "name": "integration.services.event_preprocessing_service", "lineno": 42, "message": "No agent found, creating a new one"}
{"asctime": "2024-12-20T15:01:51", "msecs": 639.0, "levelname": "INFO", "correlation_id": "-", "name": "integration.services.create_agent_service", "lineno": 37, "message": "Creating agent with payload: {'email': 'declan_payne@company.com', 'name': 'Dr Rachel Dickinson'}"}
{"asctime": "2024-12-20T15:01:53", "msecs": 685.0, "levelname": "INFO", "correlation_id": "-", "name": "integration.services.create_agent_service", "lineno": 51, "message": "Agent created successfully: {'name': 'Dr Rachel Dickinson', 'email': 'declan_payne@company.com', 'agent_id': '368e03b8-ddbe-4d6e-83c8-a1c6cc272d7b'}"}
{"asctime": "2024-12-20T15:01:53", "msecs": 689.0, "levelname": "INFO", "correlation_id": "-", "name": "integration.services.event_preprocessing_service", "lineno": 47, "message": "New agent created successfully"}
{"asctime": "2024-12-20T15:01:53", "msecs": 691.0, "levelname": "DEBUG", "correlation_id": "-", "name": "integration.services.start_event_service", "lineno": 40, "message": "Starting event with payload: {'agent_id': '368e03b8-ddbe-4d6e-83c8-a1c6cc272d7b', 'started_at': '2024-12-20T15:01:45.000000', 'external_id': '8'}"}
{"asctime": "2024-12-20T15:01:55", "msecs": 746.0, "levelname": "INFO", "correlation_id": "-", "name": "integration.services.start_event_service", "lineno": 58, "message": "Event started successfully: {'agent_id': '368e03b8-ddbe-4d6e-83c8-a1c6cc272d7b', 'started_at': '2024-12-20T15:01:45', 'ended_at': None, 'external_id': '8', 'chat_id': 'cce734af-d245-484e-b9d2-f965884f30f4'}"}
{"asctime": "2024-12-20T15:01:55", "msecs": 750.0, "levelname": "INFO", "correlation_id": "-", "name": "integration.services.event_preprocessing_service", "lineno": 75, "message": "Event processed successfully"}
{"asctime": "2024-12-20T15:01:55", "msecs": 752.0, "levelname": "INFO", "correlation_id": "-", "name": "integration.handlers.start_event_handler", "lineno": 19, "message": "Event preprocessing completed successfully"}
{"asctime": "2024-12-20T15:01:56", "msecs": 404.0, "levelname": "INFO", "correlation_id": "-", "name": "integration.handlers.start_event_handler", "lineno": 33, "message": "Start event handled successfully, event saved in database"}
{"asctime": "2024-12-20T15:01:56", "msecs": 407.0, "levelname": "INFO", "correlation_id": "-", "name": "integration.main", "lineno": 25, "message": "Start time --> 2024-12-20 15:01:46.407885"}
{"asctime": "2024-12-20T15:01:56", "msecs": 409.0, "levelname": "INFO", "correlation_id": "-", "name": "integration.handlers.get_events_handler", "lineno": 20, "message": "getting events starting from 2024-12-20 15:01:46.407885"}
{"asctime": "2024-12-20T15:01:56", "msecs": 412.0, "levelname": "DEBUG", "correlation_id": "-", "name": "integration.services.get_events_service", "lineno": 26, "message": "Fetching events with parameters: {'start_at': datetime.datetime(2024, 12, 20, 15, 1, 46, 407885)}"}
{"asctime": "2024-12-20T15:01:58", "msecs": 506.0, "levelname": "DEBUG", "correlation_id": "-", "name": "integration.services.get_events_service", "lineno": 30, "message": "Response received: Status code 200, Headers: {'date': 'Fri, 20 Dec 2024 15:01:58 GMT', 'server': 'uvicorn', 'content-length': '916', 'content-type': 'application/json'}"}
{"asctime": "2024-12-20T15:01:58", "msecs": 510.0, "levelname": "INFO", "correlation_id": "-", "name": "integration.services.get_events_service", "lineno": 41, "message": "Events fetched successfully: 8 events found starting at 2024-12-20 15:01:46.407885."}
{"asctime": "2024-12-20T15:01:58", "msecs": 517.0, "levelname": "INFO", "correlation_id": "-", "name": "integration.handlers.all_events_handler", "lineno": 31, "message": "Starting to process events"}
{"asctime": "2024-12-20T15:02:08", "msecs": 533.0, "levelname": "INFO", "correlation_id": "-", "name": "integration.main", "lineno": 25, "message": "Start time --> 2024-12-20 15:01:58.533209"}
{"asctime": "2024-12-20T15:02:08", "msecs": 535.0, "levelname": "INFO", "correlation_id": "-", "name": "integration.handlers.get_events_handler", "lineno": 20, "message": "getting events starting from 2024-12-20 15:01:58.533209"}
{"asctime": "2024-12-20T15:02:08", "msecs": 538.0, "levelname": "DEBUG", "correlation_id": "-", "name": "integration.services.get_events_service", "lineno": 26, "message": "Fetching events with parameters: {'start_at': datetime.datetime(2024, 12, 20, 15, 1, 58, 533209)}"}
{"asctime": "2024-12-20T15:02:10", "msecs": 600.0, "levelname": "DEBUG", "correlation_id": "-", "name": "integration.services.get_events_service", "lineno": 30, "message": "Response received: Status code 200, Headers: {'date': 'Fri, 20 Dec 2024 15:02:10 GMT', 'server': 'uvicorn', 'content-length': '778', 'content-type': 'application/json'}"}
{"asctime": "2024-12-20T15:02:10", "msecs": 603.0, "levelname": "INFO", "correlation_id": "-", "name": "integration.services.get_events_service", "lineno": 41, "message": "Events fetched successfully: 8 events found starting at 2024-12-20 15:01:58.533209."}
{"asctime": "2024-12-20T15:02:10", "msecs": 607.0, "levelname": "INFO", "correlation_id": "-", "name": "integration.handlers.all_events_handler", "lineno": 31, "message": "Starting to process events"}
{"asctime": "2024-12-20T15:02:20", "msecs": 605.0, "levelname": "INFO", "correlation_id": "-", "name": "integration.main", "lineno": 25, "message": "Start time --> 2024-12-20 15:02:10.605761"}
{"asctime": "2024-12-20T15:02:20", "msecs": 607.0, "levelname": "INFO", "correlation_id": "-", "name": "integration.handlers.get_events_handler", "lineno": 20, "message": "getting events starting from 2024-12-20 15:02:10.605761"}
{"asctime": "2024-12-20T15:02:20", "msecs": 610.0, "levelname": "DEBUG", "correlation_id": "-", "name": "integration.services.get_events_service", "lineno": 26, "message": "Fetching events with parameters: {'start_at': datetime.datetime(2024, 12, 20, 15, 2, 10, 605761)}"}
{"asctime": "2024-12-20T15:02:22", "msecs": 681.0, "levelname": "DEBUG", "correlation_id": "-", "name": "integration.services.get_events_service", "lineno": 30, "message": "Response received: Status code 200, Headers: {'date': 'Fri, 20 Dec 2024 15:02:22 GMT', 'server': 'uvicorn', 'content-length': '687', 'content-type': 'application/json'}"}
{"asctime": "2024-12-20T15:02:22", "msecs": 687.0, "levelname": "INFO", "correlation_id": "-", "name": "integration.services.get_events_service", "lineno": 41, "message": "Events fetched successfully: 6 events found starting at 2024-12-20 15:02:10.605761."}
{"asctime": "2024-12-20T15:02:22", "msecs": 694.0, "levelname": "INFO", "correlation_id": "-", "name": "integration.handlers.all_events_handler", "lineno": 31, "message": "Starting to process events"}
{"asctime": "2024-12-20T15:02:32", "msecs": 694.0, "levelname": "INFO", "correlation_id": "-", "name": "integration.main", "lineno": 25, "message": "Start time --> 2024-12-20 15:02:22.694265"}
{"asctime": "2024-12-20T15:02:32", "msecs": 697.0, "levelname": "INFO", "correlation_id": "-", "name": "integration.handlers.get_events_handler", "lineno": 20, "message": "getting events starting from 2024-12-20 15:02:22.694265"}
{"asctime": "2024-12-20T15:02:32", "msecs": 701.0, "levelname": "DEBUG", "correlation_id": "-", "name": "integration.services.get_events_service", "lineno": 26, "message": "Fetching events with parameters: {'start_at': datetime.datetime(2024, 12, 20, 15, 2, 22, 694265)}"}
{"asctime": "2024-12-20T15:02:34", "msecs": 767.0, "levelname": "DEBUG", "correlation_id": "-", "name": "integration.services.get_events_service", "lineno": 30, "message": "Response received: Status code 200, Headers: {'date': 'Fri, 20 Dec 2024 15:02:34 GMT', 'server': 'uvicorn', 'content-length': '916', 'content-type': 'application/json'}"}
{"asctime": "2024-12-20T15:02:34", "msecs": 771.0, "levelname": "INFO", "correlation_id": "-", "name": "integration.services.get_events_service", "lineno": 41, "message": "Events fetched successfully: 9 events found starting at 2024-12-20 15:02:22.694265."}
{"asctime": "2024-12-20T15:02:34", "msecs": 776.0, "levelname": "INFO", "correlation_id": "-", "name": "integration.handlers.all_events_handler", "lineno": 31, "message": "Starting to process events"}
{"asctime": "2024-12-20T15:02:34", "msecs": 780.0, "levelname": "INFO", "correlation_id": "-", "name": "integration.handlers.start_event_handler", "lineno": 9, "message": "Starting to handle start event"}
{"asctime": "2024-12-20T15:02:34", "msecs": 783.0, "levelname": "INFO", "correlation_id": "-", "name": "integration.services.event_preprocessing_service", "lineno": 17, "message": "Starting event preprocessing"}
{"asctime": "2024-12-20T15:02:34", "msecs": 785.0, "levelname": "DEBUG", "correlation_id": "-", "name": "integration.services.event_preprocessing_service", "lineno": 18, "message": "event --> {'conversation_id': 9, 'event_name': 'START', 'event_at': 1734706954, 'data': None}"}
{"asctime": "2024-12-20T15:02:34", "msecs": 788.0, "levelname": "INFO", "correlation_id": "-", "name": "integration.services.get_conversation_details_service", "lineno": 26, "message": "Fetching conversation details for conversation_id: 9"}
{"asctime": "2024-12-20T15:02:36", "msecs": 827.0, "levelname": "INFO", "correlation_id": "-", "name": "integration.services.get_conversation_details_service", "lineno": 50, "message": "Conversation details fetched successfully."}
{"asctime": "2024-12-20T15:02:36", "msecs": 831.0, "levelname": "INFO", "correlation_id": "-", "name": "integration.services.get_advisor_service", "lineno": 26, "message": "Fetching advisor details for advisor_id: 9"}
{"asctime": "2024-12-20T15:02:38", "msecs": 890.0, "levelname": "INFO", "correlation_id": "-", "name": "integration.services.get_advisor_service", "lineno": 44, "message": "Advisor details fetched successfully."}
{"asctime": "2024-12-20T15:02:38", "msecs": 893.0, "levelname": "INFO", "correlation_id": "-", "name": "integration.services.is_agent_exist_service", "lineno": 27, "message": "Checking if agent exists for email: ben_burgess@company.com"}
{"asctime": "2024-12-20T15:02:40", "msecs": 934.0, "levelname": "INFO", "correlation_id": "-", "name": "integration.services.is_agent_exist_service", "lineno": 45, "message": "Agent fetch successful: 1 agents found."}
{"asctime": "2024-12-20T15:02:40", "msecs": 936.0, "levelname": "DEBUG", "correlation_id": "-", "name": "integration.services.start_event_service", "lineno": 40, "message": "Starting event with payload: {'agent_id': 'cdbfff46-4329-44a8-ba63-68dbf6bf97c9', 'started_at': '2024-12-20T15:02:34.000000', 'external_id': '9'}"}
{"asctime": "2024-12-20T15:02:42", "msecs": 990.0, "levelname": "INFO", "correlation_id": "-", "name": "integration.services.start_event_service", "lineno": 58, "message": "Event started successfully: {'agent_id': 'cdbfff46-4329-44a8-ba63-68dbf6bf97c9', 'started_at': '2024-12-20T15:02:34', 'ended_at': None, 'external_id': '9', 'chat_id': '99f1b615-21cf-405a-994a-1c9ccb002f67'}"}
{"asctime": "2024-12-20T15:02:42", "msecs": 994.0, "levelname": "INFO", "correlation_id": "-", "name": "integration.services.event_preprocessing_service", "lineno": 75, "message": "Event processed successfully"}
{"asctime": "2024-12-20T15:02:42", "msecs": 996.0, "levelname": "INFO", "correlation_id": "-", "name": "integration.handlers.start_event_handler", "lineno": 19, "message": "Event preprocessing completed successfully"}
{"asctime": "2024-12-20T15:02:43", "msecs": 126.0, "levelname": "INFO", "correlation_id": "-", "name": "integration.handlers.start_event_handler", "lineno": 33, "message": "Start event handled successfully, event saved in database"}
{"asctime": "2024-12-20T15:02:44", "msecs": 774.0, "levelname": "INFO", "correlation_id": "-", "name": "integration.main", "lineno": 25, "message": "Start time --> 2024-12-20 15:02:34.774947"}
{"asctime": "2024-12-20T15:02:44", "msecs": 776.0, "levelname": "INFO", "correlation_id": "-", "name": "integration.handlers.get_events_handler", "lineno": 20, "message": "getting events starting from 2024-12-20 15:02:34.774947"}
{"asctime": "2024-12-20T15:02:44", "msecs": 778.0, "levelname": "DEBUG", "correlation_id": "-", "name": "integration.services.get_events_service", "lineno": 26, "message": "Fetching events with parameters: {'start_at': datetime.datetime(2024, 12, 20, 15, 2, 34, 774947)}"}
{"asctime": "2024-12-20T15:02:46", "msecs": 821.0, "levelname": "DEBUG", "correlation_id": "-", "name": "integration.services.get_events_service", "lineno": 30, "message": "Response received: Status code 200, Headers: {'date': 'Fri, 20 Dec 2024 15:02:46 GMT', 'server': 'uvicorn', 'content-length': '856', 'content-type': 'application/json'}"}
{"asctime": "2024-12-20T15:02:46", "msecs": 824.0, "levelname": "INFO", "correlation_id": "-", "name": "integration.services.get_events_service", "lineno": 41, "message": "Events fetched successfully: 7 events found starting at 2024-12-20 15:02:34.774947."}
{"asctime": "2024-12-20T15:02:46", "msecs": 830.0, "levelname": "INFO", "correlation_id": "-", "name": "integration.handlers.all_events_handler", "lineno": 31, "message": "Starting to process events"}
{"asctime": "2024-12-20T15:02:56", "msecs": 850.0, "levelname": "INFO", "correlation_id": "-", "name": "integration.main", "lineno": 25, "message": "Start time --> 2024-12-20 15:02:46.850304"}
{"asctime": "2024-12-20T15:02:56", "msecs": 853.0, "levelname": "INFO", "correlation_id": "-", "name": "integration.handlers.get_events_handler", "lineno": 20, "message": "getting events starting from 2024-12-20 15:02:46.850304"}
{"asctime": "2024-12-20T15:02:56", "msecs": 855.0, "levelname": "DEBUG", "correlation_id": "-", "name": "integration.services.get_events_service", "lineno": 26, "message": "Fetching events with parameters: {'start_at': datetime.datetime(2024, 12, 20, 15, 2, 46, 850304)}"}
{"asctime": "2024-12-20T15:02:58", "msecs": 918.0, "levelname": "DEBUG", "correlation_id": "-", "name": "integration.services.get_events_service", "lineno": 30, "message": "Response received: Status code 200, Headers: {'date': 'Fri, 20 Dec 2024 15:02:58 GMT', 'server': 'uvicorn', 'content-length': '874', 'content-type': 'application/json'}"}
{"asctime": "2024-12-20T15:02:58", "msecs": 922.0, "levelname": "INFO", "correlation_id": "-", "name": "integration.services.get_events_service", "lineno": 41, "message": "Events fetched successfully: 8 events found starting at 2024-12-20 15:02:46.850304."}
{"asctime": "2024-12-20T15:02:58", "msecs": 929.0, "levelname": "INFO", "correlation_id": "-", "name": "integration.handlers.all_events_handler", "lineno": 31, "message": "Starting to process events"}
{"asctime": "2024-12-20T15:02:58", "msecs": 932.0, "levelname": "INFO", "correlation_id": "-", "name": "integration.handlers.start_event_handler", "lineno": 9, "message": "Starting to handle start event"}
{"asctime": "2024-12-20T15:02:58", "msecs": 934.0, "levelname": "INFO", "correlation_id": "-", "name": "integration.services.event_preprocessing_service", "lineno": 17, "message": "Starting event preprocessing"}
{"asctime": "2024-12-20T15:02:58", "msecs": 937.0, "levelname": "DEBUG", "correlation_id": "-", "name": "integration.services.event_preprocessing_service", "lineno": 18, "message": "event --> {'conversation_id': 10, 'event_name': 'START', 'event_at': 1734706978, 'data': None}"}
{"asctime": "2024-12-20T15:02:58", "msecs": 940.0, "levelname": "INFO", "correlation_id": "-", "name": "integration.services.get_conversation_details_service", "lineno": 26, "message": "Fetching conversation details for conversation_id: 10"}
{"asctime": "2024-12-20T15:03:00", "msecs": 997.0, "levelname": "INFO", "correlation_id": "-", "name": "integration.services.get_conversation_details_service", "lineno": 50, "message": "Conversation details fetched successfully."}
{"asctime": "2024-12-20T15:03:01", "msecs": 0.0, "levelname": "INFO", "correlation_id": "-", "name": "integration.services.get_advisor_service", "lineno": 26, "message": "Fetching advisor details for advisor_id: 6"}
{"asctime": "2024-12-20T15:03:03", "msecs": 47.0, "levelname": "INFO", "correlation_id": "-", "name": "integration.services.get_advisor_service", "lineno": 44, "message": "Advisor details fetched successfully."}
{"asctime": "2024-12-20T15:03:03", "msecs": 49.0, "levelname": "INFO", "correlation_id": "-", "name": "integration.services.is_agent_exist_service", "lineno": 27, "message": "Checking if agent exists for email: declan_payne@company.com"}
{"asctime": "2024-12-20T15:03:05", "msecs": 86.0, "levelname": "INFO", "correlation_id": "-", "name": "integration.services.is_agent_exist_service", "lineno": 45, "message": "Agent fetch successful: 1 agents found."}
{"asctime": "2024-12-20T15:03:05", "msecs": 89.0, "levelname": "DEBUG", "correlation_id": "-", "name": "integration.services.start_event_service", "lineno": 40, "message": "Starting event with payload: {'agent_id': '368e03b8-ddbe-4d6e-83c8-a1c6cc272d7b', 'started_at': '2024-12-20T15:02:58.000000', 'external_id': '10'}"}
{"asctime": "2024-12-20T15:03:07", "msecs": 159.0, "levelname": "INFO", "correlation_id": "-", "name": "integration.services.start_event_service", "lineno": 58, "message": "Event started successfully: {'agent_id': '368e03b8-ddbe-4d6e-83c8-a1c6cc272d7b', 'started_at': '2024-12-20T15:02:58', 'ended_at': None, 'external_id': '10', 'chat_id': '9da32bfc-ff9b-4c6b-bcef-ad3b63a394c9'}"}
{"asctime": "2024-12-20T15:03:07", "msecs": 165.0, "levelname": "INFO", "correlation_id": "-", "name": "integration.services.event_preprocessing_service", "lineno": 75, "message": "Event processed successfully"}
{"asctime": "2024-12-20T15:03:07", "msecs": 169.0, "levelname": "INFO", "correlation_id": "-", "name": "integration.handlers.start_event_handler", "lineno": 19, "message": "Event preprocessing completed successfully"}
{"asctime": "2024-12-20T15:03:07", "msecs": 218.0, "levelname": "INFO", "correlation_id": "-", "name": "integration.handlers.start_event_handler", "lineno": 33, "message": "Start event handled successfully, event saved in database"}
{"asctime": "2024-12-20T15:03:08", "msecs": 935.0, "levelname": "INFO", "correlation_id": "-", "name": "integration.main", "lineno": 25, "message": "Start time --> 2024-12-20 15:02:58.935044"}
{"asctime": "2024-12-20T15:03:08", "msecs": 937.0, "levelname": "INFO", "correlation_id": "-", "name": "integration.handlers.get_events_handler", "lineno": 20, "message": "getting events starting from 2024-12-20 15:02:58.935044"}
{"asctime": "2024-12-20T15:03:08", "msecs": 940.0, "levelname": "DEBUG", "correlation_id": "-", "name": "integration.services.get_events_service", "lineno": 26, "message": "Fetching events with parameters: {'start_at': datetime.datetime(2024, 12, 20, 15, 2, 58, 935044)}"}
{"asctime": "2024-12-20T15:03:10", "msecs": 968.0, "levelname": "DEBUG", "correlation_id": "-", "name": "integration.services.get_events_service", "lineno": 30, "message": "Response received: Status code 200, Headers: {'date': 'Fri, 20 Dec 2024 15:03:10 GMT', 'server': 'uvicorn', 'content-length': '1372', 'content-type': 'application/json'}"}
{"asctime": "2024-12-20T15:03:10", "msecs": 973.0, "levelname": "INFO", "correlation_id": "-", "name": "integration.services.get_events_service", "lineno": 41, "message": "Events fetched successfully: 10 events found starting at 2024-12-20 15:02:58.935044."}
{"asctime": "2024-12-20T15:03:10", "msecs": 978.0, "levelname": "INFO", "correlation_id": "-", "name": "integration.handlers.all_events_handler", "lineno": 31, "message": "Starting to process events"}
{"asctime": "2024-12-20T15:03:20", "msecs": 974.0, "levelname": "INFO", "correlation_id": "-", "name": "integration.main", "lineno": 25, "message": "Start time --> 2024-12-20 15:03:10.974591"}
{"asctime": "2024-12-20T15:03:20", "msecs": 976.0, "levelname": "INFO", "correlation_id": "-", "name": "integration.handlers.get_events_handler", "lineno": 20, "message": "getting events starting from 2024-12-20 15:03:10.974591"}
{"asctime": "2024-12-20T15:03:20", "msecs": 979.0, "levelname": "DEBUG", "correlation_id": "-", "name": "integration.services.get_events_service", "lineno": 26, "message": "Fetching events with parameters: {'start_at': datetime.datetime(2024, 12, 20, 15, 3, 10, 974591)}"}
{"asctime": "2024-12-20T15:03:23", "msecs": 14.0, "levelname": "DEBUG", "correlation_id": "-", "name": "integration.services.get_events_service", "lineno": 30, "message": "Response received: Status code 200, Headers: {'date': 'Fri, 20 Dec 2024 15:03:22 GMT', 'server': 'uvicorn', 'content-length': '950', 'content-type': 'application/json'}"}
{"asctime": "2024-12-20T15:03:23", "msecs": 17.0, "levelname": "INFO", "correlation_id": "-", "name": "integration.services.get_events_service", "lineno": 41, "message": "Events fetched successfully: 8 events found starting at 2024-12-20 15:03:10.974591."}
{"asctime": "2024-12-20T15:03:23", "msecs": 21.0, "levelname": "INFO", "correlation_id": "-", "name": "integration.handlers.all_events_handler", "lineno": 31, "message": "Starting to process events"}
{"asctime": "2024-12-20T15:03:33", "msecs": 25.0, "levelname": "INFO", "correlation_id": "-", "name": "integration.main", "lineno": 25, "message": "Start time --> 2024-12-20 15:03:23.025677"}
{"asctime": "2024-12-20T15:03:33", "msecs": 27.0, "levelname": "INFO", "correlation_id": "-", "name": "integration.handlers.get_events_handler", "lineno": 20, "message": "getting events starting from 2024-12-20 15:03:23.025677"}
{"asctime": "2024-12-20T15:03:33", "msecs": 30.0, "levelname": "DEBUG", "correlation_id": "-", "name": "integration.services.get_events_service", "lineno": 26, "message": "Fetching events with parameters: {'start_at': datetime.datetime(2024, 12, 20, 15, 3, 23, 25677)}"}
{"asctime": "2024-12-20T15:03:35", "msecs": 96.0, "levelname": "DEBUG", "correlation_id": "-", "name": "integration.services.get_events_service", "lineno": 30, "message": "Response received: Status code 200, Headers: {'date': 'Fri, 20 Dec 2024 15:03:34 GMT', 'server': 'uvicorn', 'content-length': '1108', 'content-type': 'application/json'}"}
{"asctime": "2024-12-20T15:03:35", "msecs": 100.0, "levelname": "INFO", "correlation_id": "-", "name": "integration.services.get_events_service", "lineno": 41, "message": "Events fetched successfully: 10 events found starting at 2024-12-20 15:03:23.025677."}
{"asctime": "2024-12-20T15:03:35", "msecs": 106.0, "levelname": "INFO", "correlation_id": "-", "name": "integration.handlers.all_events_handler", "lineno": 31, "message": "Starting to process events"}
{"asctime": "2024-12-20T15:03:35", "msecs": 110.0, "levelname": "INFO", "correlation_id": "-", "name": "integration.handlers.start_event_handler", "lineno": 9, "message": "Starting to handle start event"}
{"asctime": "2024-12-20T15:03:35", "msecs": 113.0, "levelname": "INFO", "correlation_id": "-", "name": "integration.services.event_preprocessing_service", "lineno": 17, "message": "Starting event preprocessing"}
{"asctime": "2024-12-20T15:03:35", "msecs": 117.0, "levelname": "DEBUG", "correlation_id": "-", "name": "integration.services.event_preprocessing_service", "lineno": 18, "message": "event --> {'conversation_id': 11, 'event_name': 'START', 'event_at': 1734707015, 'data': None}"}
{"asctime": "2024-12-20T15:03:35", "msecs": 122.0, "levelname": "INFO", "correlation_id": "-", "name": "integration.services.get_conversation_details_service", "lineno": 26, "message": "Fetching conversation details for conversation_id: 11"}
{"asctime": "2024-12-20T15:03:37", "msecs": 173.0, "levelname": "INFO", "correlation_id": "-", "name": "integration.services.get_conversation_details_service", "lineno": 50, "message": "Conversation details fetched successfully."}
{"asctime": "2024-12-20T15:03:37", "msecs": 177.0, "levelname": "INFO", "correlation_id": "-", "name": "integration.services.get_advisor_service", "lineno": 26, "message": "Fetching advisor details for advisor_id: 1"}
{"asctime": "2024-12-20T15:03:39", "msecs": 230.0, "levelname": "INFO", "correlation_id": "-", "name": "integration.services.get_advisor_service", "lineno": 44, "message": "Advisor details fetched successfully."}
{"asctime": "2024-12-20T15:03:39", "msecs": 232.0, "levelname": "INFO", "correlation_id": "-", "name": "integration.services.is_agent_exist_service", "lineno": 27, "message": "Checking if agent exists for email: julie_stevens@company.com"}
{"asctime": "2024-12-20T15:03:41", "msecs": 263.0, "levelname": "INFO", "correlation_id": "-", "name": "integration.services.is_agent_exist_service", "lineno": 45, "message": "Agent fetch successful: 1 agents found."}
{"asctime": "2024-12-20T15:03:41", "msecs": 266.0, "levelname": "DEBUG", "correlation_id": "-", "name": "integration.services.start_event_service", "lineno": 40, "message": "Starting event with payload: {'agent_id': '5447ea4c-5465-4503-a178-0d638943df51', 'started_at': '2024-12-20T15:03:35.000000', 'external_id': '11'}"}
{"asctime": "2024-12-20T15:03:43", "msecs": 314.0, "levelname": "INFO", "correlation_id": "-", "name": "integration.services.start_event_service", "lineno": 58, "message": "Event started successfully: {'agent_id': '5447ea4c-5465-4503-a178-0d638943df51', 'started_at': '2024-12-20T15:03:35', 'ended_at': None, 'external_id': '11', 'chat_id': 'f42194c7-8b14-40a6-a605-ad37845659ca'}"}
{"asctime": "2024-12-20T15:03:43", "msecs": 318.0, "levelname": "INFO", "correlation_id": "-", "name": "integration.services.event_preprocessing_service", "lineno": 75, "message": "Event processed successfully"}
{"asctime": "2024-12-20T15:03:43", "msecs": 320.0, "levelname": "INFO", "correlation_id": "-", "name": "integration.handlers.start_event_handler", "lineno": 19, "message": "Event preprocessing completed successfully"}
{"asctime": "2024-12-20T15:03:43", "msecs": 522.0, "levelname": "INFO", "correlation_id": "-", "name": "integration.handlers.start_event_handler", "lineno": 33, "message": "Start event handled successfully, event saved in database"}
{"asctime": "2024-12-20T15:03:45", "msecs": 123.0, "levelname": "INFO", "correlation_id": "-", "name": "integration.main", "lineno": 25, "message": "Start time --> 2024-12-20 15:03:35.123962"}
{"asctime": "2024-12-20T15:03:45", "msecs": 125.0, "levelname": "INFO", "correlation_id": "-", "name": "integration.handlers.get_events_handler", "lineno": 20, "message": "getting events starting from 2024-12-20 15:03:35.123962"}
{"asctime": "2024-12-20T15:03:45", "msecs": 128.0, "levelname": "DEBUG", "correlation_id": "-", "name": "integration.services.get_events_service", "lineno": 26, "message": "Fetching events with parameters: {'start_at': datetime.datetime(2024, 12, 20, 15, 3, 35, 123962)}"}
{"asctime": "2024-12-20T15:03:47", "msecs": 334.0, "levelname": "DEBUG", "correlation_id": "-", "name": "integration.services.get_events_service", "lineno": 30, "message": "Response received: Status code 200, Headers: {'date': 'Fri, 20 Dec 2024 15:03:46 GMT', 'server': 'uvicorn', 'content-length': '787', 'content-type': 'application/json'}"}
{"asctime": "2024-12-20T15:03:47", "msecs": 340.0, "levelname": "INFO", "correlation_id": "-", "name": "integration.services.get_events_service", "lineno": 41, "message": "Events fetched successfully: 7 events found starting at 2024-12-20 15:03:35.123962."}
{"asctime": "2024-12-20T15:03:47", "msecs": 347.0, "levelname": "INFO", "correlation_id": "-", "name": "integration.handlers.all_events_handler", "lineno": 31, "message": "Starting to process events"}
{"asctime": "2024-12-20T15:03:47", "msecs": 351.0, "levelname": "INFO", "correlation_id": "-", "name": "integration.handlers.start_event_handler", "lineno": 9, "message": "Starting to handle start event"}
{"asctime": "2024-12-20T15:03:47", "msecs": 355.0, "levelname": "INFO", "correlation_id": "-", "name": "integration.services.event_preprocessing_service", "lineno": 17, "message": "Starting event preprocessing"}
{"asctime": "2024-12-20T15:03:47", "msecs": 359.0, "levelname": "DEBUG", "correlation_id": "-", "name": "integration.services.event_preprocessing_service", "lineno": 18, "message": "event --> {'conversation_id': 12, 'event_name': 'START', 'event_at': 1734707027, 'data': None}"}
{"asctime": "2024-12-20T15:03:47", "msecs": 364.0, "levelname": "INFO", "correlation_id": "-", "name": "integration.services.get_conversation_details_service", "lineno": 26, "message": "Fetching conversation details for conversation_id: 12"}
{"asctime": "2024-12-20T15:03:49", "msecs": 412.0, "levelname": "INFO", "correlation_id": "-", "name": "integration.services.get_conversation_details_service", "lineno": 50, "message": "Conversation details fetched successfully."}
{"asctime": "2024-12-20T15:03:49", "msecs": 415.0, "levelname": "INFO", "correlation_id": "-", "name": "integration.services.get_advisor_service", "lineno": 26, "message": "Fetching advisor details for advisor_id: 4"}
{"asctime": "2024-12-20T15:03:51", "msecs": 449.0, "levelname": "INFO", "correlation_id": "-", "name": "integration.services.get_advisor_service", "lineno": 44, "message": "Advisor details fetched successfully."}
{"asctime": "2024-12-20T15:03:51", "msecs": 452.0, "levelname": "INFO", "correlation_id": "-", "name": "integration.services.is_agent_exist_service", "lineno": 27, "message": "Checking if agent exists for email: jacob_jones@company.com"}
{"asctime": "2024-12-20T15:03:53", "msecs": 485.0, "levelname": "INFO", "correlation_id": "-", "name": "integration.services.is_agent_exist_service", "lineno": 42, "message": "No agents found for email: jacob_jones@company.com."}
{"asctime": "2024-12-20T15:03:53", "msecs": 488.0, "levelname": "INFO", "correlation_id": "-", "name": "integration.services.event_preprocessing_service", "lineno": 42, "message": "No agent found, creating a new one"}
{"asctime": "2024-12-20T15:03:53", "msecs": 490.0, "levelname": "INFO", "correlation_id": "-", "name": "integration.services.create_agent_service", "lineno": 37, "message": "Creating agent with payload: {'email': 'jacob_jones@company.com', 'name': 'Rosie Robinson'}"}
{"asctime": "2024-12-20T15:03:55", "msecs": 537.0, "levelname": "INFO", "correlation_id": "-", "name": "integration.services.create_agent_service", "lineno": 51, "message": "Agent created successfully: {'name': 'Rosie Robinson', 'email': 'jacob_jones@company.com', 'agent_id': 'ed527412-9923-403e-8890-86849c3ec01f'}"}
{"asctime": "2024-12-20T15:03:55", "msecs": 541.0, "levelname": "INFO", "correlation_id": "-", "name": "integration.services.event_preprocessing_service", "lineno": 47, "message": "New agent created successfully"}
{"asctime": "2024-12-20T15:03:55", "msecs": 544.0, "levelname": "DEBUG", "correlation_id": "-", "name": "integration.services.start_event_service", "lineno": 40, "message": "Starting event with payload: {'agent_id': 'ed527412-9923-403e-8890-86849c3ec01f', 'started_at': '2024-12-20T15:03:47.000000', 'external_id': '12'}"}
{"asctime": "2024-12-20T15:03:57", "msecs": 591.0, "levelname": "INFO", "correlation_id": "-", "name": "integration.services.start_event_service", "lineno": 58, "message": "Event started successfully: {'agent_id': 'ed527412-9923-403e-8890-86849c3ec01f', 'started_at': '2024-12-20T15:03:47', 'ended_at': None, 'external_id': '12', 'chat_id': '05ad4686-5799-4d55-aba8-9bb91adb23cf'}"}
{"asctime": "2024-12-20T15:03:57", "msecs": 596.0, "levelname": "INFO", "correlation_id": "-", "name": "integration.services.event_preprocessing_service", "lineno": 75, "message": "Event processed successfully"}
{"asctime": "2024-12-20T15:03:57", "msecs": 598.0, "levelname": "INFO", "correlation_id": "-", "name": "integration.handlers.start_event_handler", "lineno": 19, "message": "Event preprocessing completed successfully"}
{"asctime": "2024-12-20T15:03:58", "msecs": 15.0, "levelname": "INFO", "correlation_id": "-", "name": "integration.handlers.start_event_handler", "lineno": 33, "message": "Start event handled successfully, event saved in database"}
{"asctime": "2024-12-20T15:03:58", "msecs": 20.0, "levelname": "INFO", "correlation_id": "-", "name": "integration.main", "lineno": 25, "message": "Start time --> 2024-12-20 15:03:48.020812"}
{"asctime": "2024-12-20T15:03:58", "msecs": 25.0, "levelname": "INFO", "correlation_id": "-", "name": "integration.handlers.get_events_handler", "lineno": 20, "message": "getting events starting from 2024-12-20 15:03:48.020812"}
{"asctime": "2024-12-20T15:03:58", "msecs": 30.0, "levelname": "DEBUG", "correlation_id": "-", "name": "integration.services.get_events_service", "lineno": 26, "message": "Fetching events with parameters: {'start_at': datetime.datetime(2024, 12, 20, 15, 3, 48, 20812)}"}
{"asctime": "2024-12-20T15:04:00", "msecs": 85.0, "levelname": "DEBUG", "correlation_id": "-", "name": "integration.services.get_events_service", "lineno": 30, "message": "Response received: Status code 200, Headers: {'date': 'Fri, 20 Dec 2024 15:03:59 GMT', 'server': 'uvicorn', 'content-length': '1203', 'content-type': 'application/json'}"}
{"asctime": "2024-12-20T15:04:00", "msecs": 88.0, "levelname": "INFO", "correlation_id": "-", "name": "integration.services.get_events_service", "lineno": 41, "message": "Events fetched successfully: 10 events found starting at 2024-12-20 15:03:48.020812."}
{"asctime": "2024-12-20T15:04:00", "msecs": 93.0, "levelname": "INFO", "correlation_id": "-", "name": "integration.handlers.all_events_handler", "lineno": 31, "message": "Starting to process events"}
{"asctime": "2024-12-20T15:04:10", "msecs": 107.0, "levelname": "INFO", "correlation_id": "-", "name": "integration.main", "lineno": 25, "message": "Start time --> 2024-12-20 15:04:00.107308"}
{"asctime": "2024-12-20T15:04:10", "msecs": 109.0, "levelname": "INFO", "correlation_id": "-", "name": "integration.handlers.get_events_handler", "lineno": 20, "message": "getting events starting from 2024-12-20 15:04:00.107308"}
{"asctime": "2024-12-20T15:04:10", "msecs": 112.0, "levelname": "DEBUG", "correlation_id": "-", "name": "integration.services.get_events_service", "lineno": 26, "message": "Fetching events with parameters: {'start_at': datetime.datetime(2024, 12, 20, 15, 4, 0, 107308)}"}
{"asctime": "2024-12-20T15:04:12", "msecs": 144.0, "levelname": "DEBUG", "correlation_id": "-", "name": "integration.services.get_events_service", "lineno": 30, "message": "Response received: Status code 200, Headers: {'date': 'Fri, 20 Dec 2024 15:04:11 GMT', 'server': 'uvicorn', 'content-length': '1344', 'content-type': 'application/json'}"}
{"asctime": "2024-12-20T15:04:12", "msecs": 148.0, "levelname": "INFO", "correlation_id": "-", "name": "integration.services.get_events_service", "lineno": 41, "message": "Events fetched successfully: 11 events found starting at 2024-12-20 15:04:00.107308."}
{"asctime": "2024-12-20T15:04:12", "msecs": 151.0, "levelname": "INFO", "correlation_id": "-", "name": "integration.handlers.all_events_handler", "lineno": 31, "message": "Starting to process events"}
{"asctime": "2024-12-20T15:04:22", "msecs": 169.0, "levelname": "INFO", "correlation_id": "-", "name": "integration.main", "lineno": 25, "message": "Start time --> 2024-12-20 15:04:12.169558"}
{"asctime": "2024-12-20T15:04:22", "msecs": 174.0, "levelname": "INFO", "correlation_id": "-", "name": "integration.handlers.get_events_handler", "lineno": 20, "message": "getting events starting from 2024-12-20 15:04:12.169558"}
{"asctime": "2024-12-20T15:04:22", "msecs": 179.0, "levelname": "DEBUG", "correlation_id": "-", "name": "integration.services.get_events_service", "lineno": 26, "message": "Fetching events with parameters: {'start_at': datetime.datetime(2024, 12, 20, 15, 4, 12, 169558)}"}
{"asctime": "2024-12-20T15:04:24", "msecs": 238.0, "levelname": "DEBUG", "correlation_id": "-", "name": "integration.services.get_events_service", "lineno": 30, "message": "Response received: Status code 200, Headers: {'date': 'Fri, 20 Dec 2024 15:04:23 GMT', 'server': 'uvicorn', 'content-length': '1257', 'content-type': 'application/json'}"}
{"asctime": "2024-12-20T15:04:24", "msecs": 241.0, "levelname": "INFO", "correlation_id": "-", "name": "integration.services.get_events_service", "lineno": 41, "message": "Events fetched successfully: 11 events found starting at 2024-12-20 15:04:12.169558."}
{"asctime": "2024-12-20T15:04:24", "msecs": 245.0, "levelname": "INFO", "correlation_id": "-", "name": "integration.handlers.all_events_handler", "lineno": 31, "message": "Starting to process events"}
{"asctime": "2024-12-20T15:04:34", "msecs": 251.0, "levelname": "INFO", "correlation_id": "-", "name": "integration.main", "lineno": 25, "message": "Start time --> 2024-12-20 15:04:24.251404"}
{"asctime": "2024-12-20T15:04:34", "msecs": 256.0, "levelname": "INFO", "correlation_id": "-", "name": "integration.handlers.get_events_handler", "lineno": 20, "message": "getting events starting from 2024-12-20 15:04:24.251404"}
{"asctime": "2024-12-20T15:04:34", "msecs": 260.0, "levelname": "DEBUG", "correlation_id": "-", "name": "integration.services.get_events_service", "lineno": 26, "message": "Fetching events with parameters: {'start_at': datetime.datetime(2024, 12, 20, 15, 4, 24, 251404)}"}
{"asctime": "2024-12-20T15:04:36", "msecs": 317.0, "levelname": "DEBUG", "correlation_id": "-", "name": "integration.services.get_events_service", "lineno": 30, "message": "Response received: Status code 200, Headers: {'date': 'Fri, 20 Dec 2024 15:04:35 GMT', 'server': 'uvicorn', 'content-length': '1021', 'content-type': 'application/json'}"}
{"asctime": "2024-12-20T15:04:36", "msecs": 320.0, "levelname": "INFO", "correlation_id": "-", "name": "integration.services.get_events_service", "lineno": 41, "message": "Events fetched successfully: 8 events found starting at 2024-12-20 15:04:24.251404."}
{"asctime": "2024-12-20T15:04:36", "msecs": 325.0, "levelname": "INFO", "correlation_id": "-", "name": "integration.handlers.all_events_handler", "lineno": 31, "message": "Starting to process events"}
{"asctime": "2024-12-20T15:04:46", "msecs": 325.0, "levelname": "INFO", "correlation_id": "-", "name": "integration.main", "lineno": 25, "message": "Start time --> 2024-12-20 15:04:36.325396"}
{"asctime": "2024-12-20T15:04:46", "msecs": 327.0, "levelname": "INFO", "correlation_id": "-", "name": "integration.handlers.get_events_handler", "lineno": 20, "message": "getting events starting from 2024-12-20 15:04:36.325396"}
{"asctime": "2024-12-20T15:04:46", "msecs": 330.0, "levelname": "DEBUG", "correlation_id": "-", "name": "integration.services.get_events_service", "lineno": 26, "message": "Fetching events with parameters: {'start_at': datetime.datetime(2024, 12, 20, 15, 4, 36, 325396)}"}
{"asctime": "2024-12-20T15:04:48", "msecs": 376.0, "levelname": "DEBUG", "correlation_id": "-", "name": "integration.services.get_events_service", "lineno": 30, "message": "Response received: Status code 200, Headers: {'date': 'Fri, 20 Dec 2024 15:04:47 GMT', 'server': 'uvicorn', 'content-length': '1017', 'content-type': 'application/json'}"}
{"asctime": "2024-12-20T15:04:48", "msecs": 379.0, "levelname": "INFO", "correlation_id": "-", "name": "integration.services.get_events_service", "lineno": 41, "message": "Events fetched successfully: 9 events found starting at 2024-12-20 15:04:36.325396."}
{"asctime": "2024-12-20T15:04:48", "msecs": 384.0, "levelname": "INFO", "correlation_id": "-", "name": "integration.handlers.all_events_handler", "lineno": 31, "message": "Starting to process events"}
{"asctime": "2024-12-20T15:04:58", "msecs": 401.0, "levelname": "INFO", "correlation_id": "-", "name": "integration.main", "lineno": 25, "message": "Start time --> 2024-12-20 15:04:48.401746"}
{"asctime": "2024-12-20T15:04:58", "msecs": 403.0, "levelname": "INFO", "correlation_id": "-", "name": "integration.handlers.get_events_handler", "lineno": 20, "message": "getting events starting from 2024-12-20 15:04:48.401746"}
{"asctime": "2024-12-20T15:04:58", "msecs": 406.0, "levelname": "DEBUG", "correlation_id": "-", "name": "integration.services.get_events_service", "lineno": 26, "message": "Fetching events with parameters: {'start_at': datetime.datetime(2024, 12, 20, 15, 4, 48, 401746)}"}
{"asctime": "2024-12-20T15:05:00", "msecs": 470.0, "levelname": "DEBUG", "correlation_id": "-", "name": "integration.services.get_events_service", "lineno": 30, "message": "Response received: Status code 500, Headers: {'date': 'Fri, 20 Dec 2024 15:04:59 GMT', 'server': 'uvicorn', 'content-length': '21', 'content-type': 'text/plain; charset=utf-8'}"}
{"asctime": "2024-12-20T15:05:00", "msecs": 475.0, "levelname": "ERROR", "correlation_id": "-", "name": "integration.services.get_events_service", "lineno": 33, "message": "Unhandled status code: 500. Parameters: {'start_at': datetime.datetime(2024, 12, 20, 15, 4, 48, 401746)}"}
{"asctime": "2024-12-20T15:05:00", "msecs": 480.0, "levelname": "WARNING", "correlation_id": "-", "name": "integration.handlers.all_events_handler", "lineno": 29, "message": "No events found"}
{"asctime": "2024-12-20T15:05:10", "msecs": 473.0, "levelname": "INFO", "correlation_id": "-", "name": "integration.main", "lineno": 25, "message": "Start time --> 2024-12-20 15:05:00.473990"}
{"asctime": "2024-12-20T15:05:10", "msecs": 476.0, "levelname": "INFO", "correlation_id": "-", "name": "integration.handlers.get_events_handler", "lineno": 20, "message": "getting events starting from 2024-12-20 15:05:00.473990"}
{"asctime": "2024-12-20T15:05:10", "msecs": 478.0, "levelname": "DEBUG", "correlation_id": "-", "name": "integration.services.get_events_service", "lineno": 26, "message": "Fetching events with parameters: {'start_at': datetime.datetime(2024, 12, 20, 15, 5, 0, 473990)}"}
{"asctime": "2024-12-20T15:05:12", "msecs": 534.0, "levelname": "DEBUG", "correlation_id": "-", "name": "integration.services.get_events_service", "lineno": 30, "message": "Response received: Status code 200, Headers: {'date': 'Fri, 20 Dec 2024 15:05:11 GMT', 'server': 'uvicorn', 'content-length': '1161', 'content-type': 'application/json'}"}
{"asctime": "2024-12-20T15:05:12", "msecs": 538.0, "levelname": "INFO", "correlation_id": "-", "name": "integration.services.get_events_service", "lineno": 41, "message": "Events fetched successfully: 10 events found starting at 2024-12-20 15:05:00.473990."}
{"asctime": "2024-12-20T15:05:12", "msecs": 543.0, "levelname": "INFO", "correlation_id": "-", "name": "integration.handlers.all_events_handler", "lineno": 31, "message": "Starting to process events"}
{"asctime": "2024-12-20T15:05:12", "msecs": 547.0, "levelname": "INFO", "correlation_id": "-", "name": "integration.handlers.start_event_handler", "lineno": 9, "message": "Starting to handle start event"}
{"asctime": "2024-12-20T15:05:12", "msecs": 549.0, "levelname": "INFO", "correlation_id": "-", "name": "integration.services.event_preprocessing_service", "lineno": 17, "message": "Starting event preprocessing"}
{"asctime": "2024-12-20T15:05:12", "msecs": 552.0, "levelname": "DEBUG", "correlation_id": "-", "name": "integration.services.event_preprocessing_service", "lineno": 18, "message": "event --> {'conversation_id': 13, 'event_name': 'START', 'event_at': 1734707112, 'data': None}"}
{"asctime": "2024-12-20T15:05:12", "msecs": 556.0, "levelname": "INFO", "correlation_id": "-", "name": "integration.services.get_conversation_details_service", "lineno": 26, "message": "Fetching conversation details for conversation_id: 13"}
{"asctime": "2024-12-20T15:05:14", "msecs": 594.0, "levelname": "INFO", "correlation_id": "-", "name": "integration.services.get_conversation_details_service", "lineno": 50, "message": "Conversation details fetched successfully."}
{"asctime": "2024-12-20T15:05:14", "msecs": 597.0, "levelname": "INFO", "correlation_id": "-", "name": "integration.services.get_advisor_service", "lineno": 26, "message": "Fetching advisor details for advisor_id: 6"}
{"asctime": "2024-12-20T15:05:16", "msecs": 660.0, "levelname": "INFO", "correlation_id": "-", "name": "integration.services.get_advisor_service", "lineno": 44, "message": "Advisor details fetched successfully."}
{"asctime": "2024-12-20T15:05:16", "msecs": 663.0, "levelname": "INFO", "correlation_id": "-", "name": "integration.services.is_agent_exist_service", "lineno": 27, "message": "Checking if agent exists for email: declan_payne@company.com"}
{"asctime": "2024-12-20T15:05:18", "msecs": 689.0, "levelname": "INFO", "correlation_id": "-", "name": "integration.services.is_agent_exist_service", "lineno": 45, "message": "Agent fetch successful: 1 agents found."}
{"asctime": "2024-12-20T15:05:18", "msecs": 694.0, "levelname": "DEBUG", "correlation_id": "-", "name": "integration.services.start_event_service", "lineno": 40, "message": "Starting event with payload: {'agent_id': '368e03b8-ddbe-4d6e-83c8-a1c6cc272d7b', 'started_at': '2024-12-20T15:05:12.000000', 'external_id': '13'}"}
{"asctime": "2024-12-20T15:05:20", "msecs": 815.0, "levelname": "INFO", "correlation_id": "-", "name": "integration.services.start_event_service", "lineno": 58, "message": "Event started successfully: {'agent_id': '368e03b8-ddbe-4d6e-83c8-a1c6cc272d7b', 'started_at': '2024-12-20T15:05:12', 'ended_at': None, 'external_id': '13', 'chat_id': '96440582-be4c-40ab-8143-9e428213a9cd'}"}
{"asctime": "2024-12-20T15:05:20", "msecs": 819.0, "levelname": "INFO", "correlation_id": "-", "name": "integration.services.event_preprocessing_service", "lineno": 75, "message": "Event processed successfully"}
{"asctime": "2024-12-20T15:05:20", "msecs": 822.0, "levelname": "INFO", "correlation_id": "-", "name": "integration.handlers.start_event_handler", "lineno": 19, "message": "Event preprocessing completed successfully"}
{"asctime": "2024-12-20T15:05:20", "msecs": 871.0, "levelname": "INFO", "correlation_id": "-", "name": "integration.handlers.start_event_handler", "lineno": 33, "message": "Start event handled successfully, event saved in database"}
{"asctime": "2024-12-20T15:05:22", "msecs": 556.0, "levelname": "INFO", "correlation_id": "-", "name": "integration.main", "lineno": 25, "message": "Start time --> 2024-12-20 15:05:12.556751"}
{"asctime": "2024-12-20T15:05:22", "msecs": 558.0, "levelname": "INFO", "correlation_id": "-", "name": "integration.handlers.get_events_handler", "lineno": 20, "message": "getting events starting from 2024-12-20 15:05:12.556751"}
{"asctime": "2024-12-20T15:05:22", "msecs": 561.0, "levelname": "DEBUG", "correlation_id": "-", "name": "integration.services.get_events_service", "lineno": 26, "message": "Fetching events with parameters: {'start_at': datetime.datetime(2024, 12, 20, 15, 5, 12, 556751)}"}
{"asctime": "2024-12-20T15:05:24", "msecs": 621.0, "levelname": "DEBUG", "correlation_id": "-", "name": "integration.services.get_events_service", "lineno": 30, "message": "Response received: Status code 200, Headers: {'date': 'Fri, 20 Dec 2024 15:05:23 GMT', 'server': 'uvicorn', 'content-length': '1398', 'content-type': 'application/json'}"}
{"asctime": "2024-12-20T15:05:24", "msecs": 625.0, "levelname": "INFO", "correlation_id": "-", "name": "integration.services.get_events_service", "lineno": 41, "message": "Events fetched successfully: 11 events found starting at 2024-12-20 15:05:12.556751."}
{"asctime": "2024-12-20T15:05:24", "msecs": 629.0, "levelname": "INFO", "correlation_id": "-", "name": "integration.handlers.all_events_handler", "lineno": 31, "message": "Starting to process events"}
{"asctime": "2024-12-20T15:05:24", "msecs": 632.0, "levelname": "INFO", "correlation_id": "-", "name": "integration.handlers.start_event_handler", "lineno": 9, "message": "Starting to handle start event"}
{"asctime": "2024-12-20T15:05:24", "msecs": 634.0, "levelname": "INFO", "correlation_id": "-", "name": "integration.services.event_preprocessing_service", "lineno": 17, "message": "Starting event preprocessing"}
{"asctime": "2024-12-20T15:05:24", "msecs": 636.0, "levelname": "DEBUG", "correlation_id": "-", "name": "integration.services.event_preprocessing_service", "lineno": 18, "message": "event --> {'conversation_id': 14, 'event_name': 'START', 'event_at': 1734707124, 'data': None}"}
{"asctime": "2024-12-20T15:05:24", "msecs": 639.0, "levelname": "INFO", "correlation_id": "-", "name": "integration.services.get_conversation_details_service", "lineno": 26, "message": "Fetching conversation details for conversation_id: 14"}
{"asctime": "2024-12-20T15:05:26", "msecs": 686.0, "levelname": "INFO", "correlation_id": "-", "name": "integration.services.get_conversation_details_service", "lineno": 50, "message": "Conversation details fetched successfully."}
{"asctime": "2024-12-20T15:05:26", "msecs": 689.0, "levelname": "INFO", "correlation_id": "-", "name": "integration.services.get_advisor_service", "lineno": 26, "message": "Fetching advisor details for advisor_id: 6"}
{"asctime": "2024-12-20T15:05:28", "msecs": 733.0, "levelname": "INFO", "correlation_id": "-", "name": "integration.services.get_advisor_service", "lineno": 44, "message": "Advisor details fetched successfully."}
{"asctime": "2024-12-20T15:05:28", "msecs": 736.0, "levelname": "INFO", "correlation_id": "-", "name": "integration.services.is_agent_exist_service", "lineno": 27, "message": "Checking if agent exists for email: declan_payne@company.com"}
{"asctime": "2024-12-20T15:05:30", "msecs": 804.0, "levelname": "INFO", "correlation_id": "-", "name": "integration.services.is_agent_exist_service", "lineno": 45, "message": "Agent fetch successful: 1 agents found."}
{"asctime": "2024-12-20T15:05:30", "msecs": 809.0, "levelname": "DEBUG", "correlation_id": "-", "name": "integration.services.start_event_service", "lineno": 40, "message": "Starting event with payload: {'agent_id': '368e03b8-ddbe-4d6e-83c8-a1c6cc272d7b', 'started_at': '2024-12-20T15:05:24.000000', 'external_id': '14'}"}
{"asctime": "2024-12-20T15:05:32", "msecs": 856.0, "levelname": "INFO", "correlation_id": "-", "name": "integration.services.start_event_service", "lineno": 58, "message": "Event started successfully: {'agent_id': '368e03b8-ddbe-4d6e-83c8-a1c6cc272d7b', 'started_at': '2024-12-20T15:05:24', 'ended_at': None, 'external_id': '14', 'chat_id': 'fee5ed8b-4e8d-43b1-85ef-1e7d7c0553e8'}"}
{"asctime": "2024-12-20T15:05:32", "msecs": 859.0, "levelname": "INFO", "correlation_id": "-", "name": "integration.services.event_preprocessing_service", "lineno": 75, "message": "Event processed successfully"}
{"asctime": "2024-12-20T15:05:32", "msecs": 861.0, "levelname": "INFO", "correlation_id": "-", "name": "integration.handlers.start_event_handler", "lineno": 19, "message": "Event preprocessing completed successfully"}
{"asctime": "2024-12-20T15:05:33", "msecs": 188.0, "levelname": "INFO", "correlation_id": "-", "name": "integration.handlers.start_event_handler", "lineno": 33, "message": "Start event handled successfully, event saved in database"}
{"asctime": "2024-12-20T15:05:34", "msecs": 643.0, "levelname": "INFO", "correlation_id": "-", "name": "integration.main", "lineno": 25, "message": "Start time --> 2024-12-20 15:05:24.643173"}
{"asctime": "2024-12-20T15:05:34", "msecs": 645.0, "levelname": "INFO", "correlation_id": "-", "name": "integration.handlers.get_events_handler", "lineno": 20, "message": "getting events starting from 2024-12-20 15:05:24.643173"}
{"asctime": "2024-12-20T15:05:34", "msecs": 648.0, "levelname": "DEBUG", "correlation_id": "-", "name": "integration.services.get_events_service", "lineno": 26, "message": "Fetching events with parameters: {'start_at': datetime.datetime(2024, 12, 20, 15, 5, 24, 643173)}"}
{"asctime": "2024-12-20T15:05:36", "msecs": 692.0, "levelname": "DEBUG", "correlation_id": "-", "name": "integration.services.get_events_service", "lineno": 30, "message": "Response received: Status code 200, Headers: {'date': 'Fri, 20 Dec 2024 15:05:35 GMT', 'server': 'uvicorn', 'content-length': '1546', 'content-type': 'application/json'}"}
{"asctime": "2024-12-20T15:05:36", "msecs": 695.0, "levelname": "INFO", "correlation_id": "-", "name": "integration.services.get_events_service", "lineno": 41, "message": "Events fetched successfully: 13 events found starting at 2024-12-20 15:05:24.643173."}
{"asctime": "2024-12-20T15:05:36", "msecs": 700.0, "levelname": "INFO", "correlation_id": "-", "name": "integration.handlers.all_events_handler", "lineno": 31, "message": "Starting to process events"}
{"asctime": "2024-12-20T15:05:36", "msecs": 703.0, "levelname": "INFO", "correlation_id": "-", "name": "integration.handlers.start_event_handler", "lineno": 9, "message": "Starting to handle start event"}
{"asctime": "2024-12-20T15:05:36", "msecs": 705.0, "levelname": "INFO", "correlation_id": "-", "name": "integration.services.event_preprocessing_service", "lineno": 17, "message": "Starting event preprocessing"}
{"asctime": "2024-12-20T15:05:36", "msecs": 707.0, "levelname": "DEBUG", "correlation_id": "-", "name": "integration.services.event_preprocessing_service", "lineno": 18, "message": "event --> {'conversation_id': 15, 'event_name': 'START', 'event_at': 1734707136, 'data': None}"}
{"asctime": "2024-12-20T15:05:36", "msecs": 710.0, "levelname": "INFO", "correlation_id": "-", "name": "integration.services.get_conversation_details_service", "lineno": 26, "message": "Fetching conversation details for conversation_id: 15"}
{"asctime": "2024-12-20T15:05:38", "msecs": 743.0, "levelname": "INFO", "correlation_id": "-", "name": "integration.services.get_conversation_details_service", "lineno": 50, "message": "Conversation details fetched successfully."}
{"asctime": "2024-12-20T15:05:38", "msecs": 746.0, "levelname": "INFO", "correlation_id": "-", "name": "integration.services.get_advisor_service", "lineno": 26, "message": "Fetching advisor details for advisor_id: 9"}
{"asctime": "2024-12-20T15:05:40", "msecs": 793.0, "levelname": "INFO", "correlation_id": "-", "name": "integration.services.get_advisor_service", "lineno": 44, "message": "Advisor details fetched successfully."}
{"asctime": "2024-12-20T15:05:40", "msecs": 798.0, "levelname": "INFO", "correlation_id": "-", "name": "integration.services.is_agent_exist_service", "lineno": 27, "message": "Checking if agent exists for email: ben_burgess@company.com"}
{"asctime": "2024-12-20T15:05:42", "msecs": 858.0, "levelname": "INFO", "correlation_id": "-", "name": "integration.services.is_agent_exist_service", "lineno": 45, "message": "Agent fetch successful: 1 agents found."}
{"asctime": "2024-12-20T15:05:42", "msecs": 861.0, "levelname": "DEBUG", "correlation_id": "-", "name": "integration.services.start_event_service", "lineno": 40, "message": "Starting event with payload: {'agent_id': 'cdbfff46-4329-44a8-ba63-68dbf6bf97c9', 'started_at': '2024-12-20T15:05:36.000000', 'external_id': '15'}"}
{"asctime": "2024-12-20T15:05:44", "msecs": 906.0, "levelname": "INFO", "correlation_id": "-", "name": "integration.services.start_event_service", "lineno": 58, "message": "Event started successfully: {'agent_id': 'cdbfff46-4329-44a8-ba63-68dbf6bf97c9', 'started_at': '2024-12-20T15:05:36', 'ended_at': None, 'external_id': '15', 'chat_id': '7aee06c5-1775-4a29-8092-e8440346b11f'}"}
{"asctime": "2024-12-20T15:05:44", "msecs": 909.0, "levelname": "INFO", "correlation_id": "-", "name": "integration.services.event_preprocessing_service", "lineno": 75, "message": "Event processed successfully"}
{"asctime": "2024-12-20T15:05:44", "msecs": 911.0, "levelname": "INFO", "correlation_id": "-", "name": "integration.handlers.start_event_handler", "lineno": 19, "message": "Event preprocessing completed successfully"}
{"asctime": "2024-12-20T15:05:45", "msecs": 289.0, "levelname": "INFO", "correlation_id": "-", "name": "integration.handlers.start_event_handler", "lineno": 33, "message": "Start event handled successfully, event saved in database"}
{"asctime": "2024-12-20T15:05:46", "msecs": 709.0, "levelname": "INFO", "correlation_id": "-", "name": "integration.main", "lineno": 25, "message": "Start time --> 2024-12-20 15:05:36.709033"}
{"asctime": "2024-12-20T15:05:46", "msecs": 712.0, "levelname": "INFO", "correlation_id": "-", "name": "integration.handlers.get_events_handler", "lineno": 20, "message": "getting events starting from 2024-12-20 15:05:36.709033"}
{"asctime": "2024-12-20T15:05:46", "msecs": 716.0, "levelname": "DEBUG", "correlation_id": "-", "name": "integration.services.get_events_service", "lineno": 26, "message": "Fetching events with parameters: {'start_at': datetime.datetime(2024, 12, 20, 15, 5, 36, 709033)}"}
{"asctime": "2024-12-20T15:05:48", "msecs": 776.0, "levelname": "DEBUG", "correlation_id": "-", "name": "integration.services.get_events_service", "lineno": 30, "message": "Response received: Status code 200, Headers: {'date': 'Fri, 20 Dec 2024 15:05:48 GMT', 'server': 'uvicorn', 'content-length': '1349', 'content-type': 'application/json'}"}
{"asctime": "2024-12-20T15:05:48", "msecs": 780.0, "levelname": "INFO", "correlation_id": "-", "name": "integration.services.get_events_service", "lineno": 41, "message": "Events fetched successfully: 12 events found starting at 2024-12-20 15:05:36.709033."}
{"asctime": "2024-12-20T15:05:48", "msecs": 784.0, "levelname": "INFO", "correlation_id": "-", "name": "integration.handlers.all_events_handler", "lineno": 31, "message": "Starting to process events"}
{"asctime": "2024-12-20T15:05:48", "msecs": 787.0, "levelname": "INFO", "correlation_id": "-", "name": "integration.handlers.start_event_handler", "lineno": 9, "message": "Starting to handle start event"}
{"asctime": "2024-12-20T15:05:48", "msecs": 790.0, "levelname": "INFO", "correlation_id": "-", "name": "integration.services.event_preprocessing_service", "lineno": 17, "message": "Starting event preprocessing"}
{"asctime": "2024-12-20T15:05:48", "msecs": 793.0, "levelname": "DEBUG", "correlation_id": "-", "name": "integration.services.event_preprocessing_service", "lineno": 18, "message": "event --> {'conversation_id': 16, 'event_name': 'START', 'event_at': 1734707148, 'data': None}"}
{"asctime": "2024-12-20T15:05:48", "msecs": 797.0, "levelname": "INFO", "correlation_id": "-", "name": "integration.services.get_conversation_details_service", "lineno": 26, "message": "Fetching conversation details for conversation_id: 16"}
{"asctime": "2024-12-20T15:05:50", "msecs": 858.0, "levelname": "INFO", "correlation_id": "-", "name": "integration.services.get_conversation_details_service", "lineno": 50, "message": "Conversation details fetched successfully."}
{"asctime": "2024-12-20T15:05:50", "msecs": 861.0, "levelname": "INFO", "correlation_id": "-", "name": "integration.services.get_advisor_service", "lineno": 26, "message": "Fetching advisor details for advisor_id: 4"}
{"asctime": "2024-12-20T15:05:52", "msecs": 924.0, "levelname": "INFO", "correlation_id": "-", "name": "integration.services.get_advisor_service", "lineno": 44, "message": "Advisor details fetched successfully."}
{"asctime": "2024-12-20T15:05:52", "msecs": 927.0, "levelname": "INFO", "correlation_id": "-", "name": "integration.services.is_agent_exist_service", "lineno": 27, "message": "Checking if agent exists for email: jacob_jones@company.com"}
{"asctime": "2024-12-20T15:05:54", "msecs": 971.0, "levelname": "INFO", "correlation_id": "-", "name": "integration.services.is_agent_exist_service", "lineno": 45, "message": "Agent fetch successful: 1 agents found."}
{"asctime": "2024-12-20T15:05:54", "msecs": 973.0, "levelname": "DEBUG", "correlation_id": "-", "name": "integration.services.start_event_service", "lineno": 40, "message": "Starting event with payload: {'agent_id': 'ed527412-9923-403e-8890-86849c3ec01f', 'started_at': '2024-12-20T15:05:48.000000', 'external_id': '16'}"}
{"asctime": "2024-12-20T15:05:57", "msecs": 26.0, "levelname": "INFO", "correlation_id": "-", "name": "integration.services.start_event_service", "lineno": 58, "message": "Event started successfully: {'agent_id': 'ed527412-9923-403e-8890-86849c3ec01f', 'started_at': '2024-12-20T15:05:48', 'ended_at': None, 'external_id': '16', 'chat_id': '292d1494-ab21-45ae-b7b9-4327f6b2b1da'}"}
{"asctime": "2024-12-20T15:05:57", "msecs": 30.0, "levelname": "INFO", "correlation_id": "-", "name": "integration.services.event_preprocessing_service", "lineno": 75, "message": "Event processed successfully"}
{"asctime": "2024-12-20T15:05:57", "msecs": 32.0, "levelname": "INFO", "correlation_id": "-", "name": "integration.handlers.start_event_handler", "lineno": 19, "message": "Event preprocessing completed successfully"}
{"asctime": "2024-12-20T15:05:57", "msecs": 120.0, "levelname": "INFO", "correlation_id": "-", "name": "integration.handlers.start_event_handler", "lineno": 33, "message": "Start event handled successfully, event saved in database"}
{"asctime": "2024-12-20T15:05:58", "msecs": 807.0, "levelname": "INFO", "correlation_id": "-", "name": "integration.main", "lineno": 25, "message": "Start time --> 2024-12-20 15:05:48.807403"}
{"asctime": "2024-12-20T15:05:58", "msecs": 809.0, "levelname": "INFO", "correlation_id": "-", "name": "integration.handlers.get_events_handler", "lineno": 20, "message": "getting events starting from 2024-12-20 15:05:48.807403"}
{"asctime": "2024-12-20T15:05:58", "msecs": 812.0, "levelname": "DEBUG", "correlation_id": "-", "name": "integration.services.get_events_service", "lineno": 26, "message": "Fetching events with parameters: {'start_at': datetime.datetime(2024, 12, 20, 15, 5, 48, 807403)}"}
{"asctime": "2024-12-20T15:06:00", "msecs": 854.0, "levelname": "DEBUG", "correlation_id": "-", "name": "integration.services.get_events_service", "lineno": 30, "message": "Response received: Status code 200, Headers: {'date': 'Fri, 20 Dec 2024 15:06:00 GMT', 'server': 'uvicorn', 'content-length': '1532', 'content-type': 'application/json'}"}
{"asctime": "2024-12-20T15:06:00", "msecs": 858.0, "levelname": "INFO", "correlation_id": "-", "name": "integration.services.get_events_service", "lineno": 41, "message": "Events fetched successfully: 13 events found starting at 2024-12-20 15:05:48.807403."}
{"asctime": "2024-12-20T15:06:00", "msecs": 863.0, "levelname": "INFO", "correlation_id": "-", "name": "integration.handlers.all_events_handler", "lineno": 31, "message": "Starting to process events"}
{"asctime": "2024-12-20T15:06:00", "msecs": 866.0, "levelname": "INFO", "correlation_id": "-", "name": "integration.handlers.start_event_handler", "lineno": 9, "message": "Starting to handle start event"}
{"asctime": "2024-12-20T15:06:00", "msecs": 868.0, "levelname": "INFO", "correlation_id": "-", "name": "integration.services.event_preprocessing_service", "lineno": 17, "message": "Starting event preprocessing"}
{"asctime": "2024-12-20T15:06:00", "msecs": 870.0, "levelname": "DEBUG", "correlation_id": "-", "name": "integration.services.event_preprocessing_service", "lineno": 18, "message": "event --> {'conversation_id': 17, 'event_name': 'START', 'event_at': 1734707160, 'data': None}"}
{"asctime": "2024-12-20T15:06:00", "msecs": 873.0, "levelname": "INFO", "correlation_id": "-", "name": "integration.services.get_conversation_details_service", "lineno": 26, "message": "Fetching conversation details for conversation_id: 17"}
{"asctime": "2024-12-20T15:06:02", "msecs": 915.0, "levelname": "INFO", "correlation_id": "-", "name": "integration.services.get_conversation_details_service", "lineno": 50, "message": "Conversation details fetched successfully."}
{"asctime": "2024-12-20T15:06:02", "msecs": 917.0, "levelname": "INFO", "correlation_id": "-", "name": "integration.services.get_advisor_service", "lineno": 26, "message": "Fetching advisor details for advisor_id: 1"}
{"asctime": "2024-12-20T15:06:04", "msecs": 973.0, "levelname": "INFO", "correlation_id": "-", "name": "integration.services.get_advisor_service", "lineno": 44, "message": "Advisor details fetched successfully."}
{"asctime": "2024-12-20T15:06:04", "msecs": 976.0, "levelname": "INFO", "correlation_id": "-", "name": "integration.services.is_agent_exist_service", "lineno": 27, "message": "Checking if agent exists for email: julie_stevens@company.com"}
{"asctime": "2024-12-20T15:06:07", "msecs": 18.0, "levelname": "INFO", "correlation_id": "-", "name": "integration.services.is_agent_exist_service", "lineno": 45, "message": "Agent fetch successful: 1 agents found."}
{"asctime": "2024-12-20T15:06:07", "msecs": 21.0, "levelname": "DEBUG", "correlation_id": "-", "name": "integration.services.start_event_service", "lineno": 40, "message": "Starting event with payload: {'agent_id': '5447ea4c-5465-4503-a178-0d638943df51', 'started_at': '2024-12-20T15:06:00.000000', 'external_id': '17'}"}
{"asctime": "2024-12-20T15:06:09", "msecs": 78.0, "levelname": "INFO", "correlation_id": "-", "name": "integration.services.start_event_service", "lineno": 58, "message": "Event started successfully: {'agent_id': '5447ea4c-5465-4503-a178-0d638943df51', 'started_at': '2024-12-20T15:06:00', 'ended_at': None, 'external_id': '17', 'chat_id': '19235513-e361-45a7-aa3b-228185e72004'}"}
{"asctime": "2024-12-20T15:06:09", "msecs": 82.0, "levelname": "INFO", "correlation_id": "-", "name": "integration.services.event_preprocessing_service", "lineno": 75, "message": "Event processed successfully"}
{"asctime": "2024-12-20T15:06:09", "msecs": 86.0, "levelname": "INFO", "correlation_id": "-", "name": "integration.handlers.start_event_handler", "lineno": 19, "message": "Event preprocessing completed successfully"}
{"asctime": "2024-12-20T15:06:09", "msecs": 414.0, "levelname": "INFO", "correlation_id": "-", "name": "integration.handlers.start_event_handler", "lineno": 33, "message": "Start event handled successfully, event saved in database"}
{"asctime": "2024-12-20T15:06:10", "msecs": 890.0, "levelname": "INFO", "correlation_id": "-", "name": "integration.main", "lineno": 25, "message": "Start time --> 2024-12-20 15:06:00.889855"}
{"asctime": "2024-12-20T15:06:10", "msecs": 897.0, "levelname": "INFO", "correlation_id": "-", "name": "integration.handlers.get_events_handler", "lineno": 20, "message": "getting events starting from 2024-12-20 15:06:00.889855"}
{"asctime": "2024-12-20T15:06:10", "msecs": 905.0, "levelname": "DEBUG", "correlation_id": "-", "name": "integration.services.get_events_service", "lineno": 26, "message": "Fetching events with parameters: {'start_at': datetime.datetime(2024, 12, 20, 15, 6, 0, 889855)}"}
{"asctime": "2024-12-20T15:06:12", "msecs": 972.0, "levelname": "DEBUG", "correlation_id": "-", "name": "integration.services.get_events_service", "lineno": 30, "message": "Response received: Status code 200, Headers: {'date': 'Fri, 20 Dec 2024 15:06:12 GMT', 'server': 'uvicorn', 'content-length': '1639', 'content-type': 'application/json'}"}
{"asctime": "2024-12-20T15:06:12", "msecs": 975.0, "levelname": "INFO", "correlation_id": "-", "name": "integration.services.get_events_service", "lineno": 41, "message": "Events fetched successfully: 15 events found starting at 2024-12-20 15:06:00.889855."}
{"asctime": "2024-12-20T15:06:12", "msecs": 980.0, "levelname": "INFO", "correlation_id": "-", "name": "integration.handlers.all_events_handler", "lineno": 31, "message": "Starting to process events"}
{"asctime": "2024-12-20T15:06:22", "msecs": 961.0, "levelname": "INFO", "correlation_id": "-", "name": "integration.main", "lineno": 25, "message": "Start time --> 2024-12-20 15:06:12.961694"}
{"asctime": "2024-12-20T15:06:22", "msecs": 963.0, "levelname": "INFO", "correlation_id": "-", "name": "integration.handlers.get_events_handler", "lineno": 20, "message": "getting events starting from 2024-12-20 15:06:12.961694"}
{"asctime": "2024-12-20T15:06:22", "msecs": 966.0, "levelname": "DEBUG", "correlation_id": "-", "name": "integration.services.get_events_service", "lineno": 26, "message": "Fetching events with parameters: {'start_at': datetime.datetime(2024, 12, 20, 15, 6, 12, 961694)}"}
{"asctime": "2024-12-20T15:06:25", "msecs": 24.0, "levelname": "DEBUG", "correlation_id": "-", "name": "integration.services.get_events_service", "lineno": 30, "message": "Response received: Status code 200, Headers: {'date': 'Fri, 20 Dec 2024 15:06:24 GMT', 'server': 'uvicorn', 'content-length': '1444', 'content-type': 'application/json'}"}
{"asctime": "2024-12-20T15:06:25", "msecs": 29.0, "levelname": "INFO", "correlation_id": "-", "name": "integration.services.get_events_service", "lineno": 41, "message": "Events fetched successfully: 13 events found starting at 2024-12-20 15:06:12.961694."}
{"asctime": "2024-12-20T15:06:25", "msecs": 36.0, "levelname": "INFO", "correlation_id": "-", "name": "integration.handlers.all_events_handler", "lineno": 31, "message": "Starting to process events"}
{"asctime": "2024-12-20T15:06:25", "msecs": 40.0, "levelname": "INFO", "correlation_id": "-", "name": "integration.handlers.start_event_handler", "lineno": 9, "message": "Starting to handle start event"}
{"asctime": "2024-12-20T15:06:25", "msecs": 44.0, "levelname": "INFO", "correlation_id": "-", "name": "integration.services.event_preprocessing_service", "lineno": 17, "message": "Starting event preprocessing"}
{"asctime": "2024-12-20T15:06:25", "msecs": 48.0, "levelname": "DEBUG", "correlation_id": "-", "name": "integration.services.event_preprocessing_service", "lineno": 18, "message": "event --> {'conversation_id': 18, 'event_name': 'START', 'event_at': 1734707185, 'data': None}"}
{"asctime": "2024-12-20T15:06:25", "msecs": 54.0, "levelname": "INFO", "correlation_id": "-", "name": "integration.services.get_conversation_details_service", "lineno": 26, "message": "Fetching conversation details for conversation_id: 18"}
{"asctime": "2024-12-20T15:06:27", "msecs": 104.0, "levelname": "INFO", "correlation_id": "-", "name": "integration.services.get_conversation_details_service", "lineno": 50, "message": "Conversation details fetched successfully."}
{"asctime": "2024-12-20T15:06:27", "msecs": 107.0, "levelname": "INFO", "correlation_id": "-", "name": "integration.services.get_advisor_service", "lineno": 26, "message": "Fetching advisor details for advisor_id: 1"}
{"asctime": "2024-12-20T15:06:29", "msecs": 147.0, "levelname": "INFO", "correlation_id": "-", "name": "integration.services.get_advisor_service", "lineno": 44, "message": "Advisor details fetched successfully."}
{"asctime": "2024-12-20T15:06:29", "msecs": 150.0, "levelname": "INFO", "correlation_id": "-", "name": "integration.services.is_agent_exist_service", "lineno": 27, "message": "Checking if agent exists for email: julie_stevens@company.com"}
{"asctime": "2024-12-20T15:06:31", "msecs": 200.0, "levelname": "INFO", "correlation_id": "-", "name": "integration.services.is_agent_exist_service", "lineno": 45, "message": "Agent fetch successful: 1 agents found."}
{"asctime": "2024-12-20T15:06:31", "msecs": 203.0, "levelname": "DEBUG", "correlation_id": "-", "name": "integration.services.start_event_service", "lineno": 40, "message": "Starting event with payload: {'agent_id': '5447ea4c-5465-4503-a178-0d638943df51', 'started_at': '2024-12-20T15:06:25.000000', 'external_id': '18'}"}
{"asctime": "2024-12-20T15:06:33", "msecs": 257.0, "levelname": "INFO", "correlation_id": "-", "name": "integration.services.start_event_service", "lineno": 58, "message": "Event started successfully: {'agent_id': '5447ea4c-5465-4503-a178-0d638943df51', 'started_at': '2024-12-20T15:06:25', 'ended_at': None, 'external_id': '18', 'chat_id': '1bd4b882-5268-4027-9e86-d9774c12b8b8'}"}
{"asctime": "2024-12-20T15:06:33", "msecs": 261.0, "levelname": "INFO", "correlation_id": "-", "name": "integration.services.event_preprocessing_service", "lineno": 75, "message": "Event processed successfully"}
{"asctime": "2024-12-20T15:06:33", "msecs": 263.0, "levelname": "INFO", "correlation_id": "-", "name": "integration.handlers.start_event_handler", "lineno": 19, "message": "Event preprocessing completed successfully"}
{"asctime": "2024-12-20T15:06:33", "msecs": 429.0, "levelname": "INFO", "correlation_id": "-", "name": "integration.handlers.start_event_handler", "lineno": 33, "message": "Start event handled successfully, event saved in database"}
{"asctime": "2024-12-20T15:06:35", "msecs": 57.0, "levelname": "INFO", "correlation_id": "-", "name": "integration.main", "lineno": 25, "message": "Start time --> 2024-12-20 15:06:25.057984"}
{"asctime": "2024-12-20T15:06:35", "msecs": 59.0, "levelname": "INFO", "correlation_id": "-", "name": "integration.handlers.get_events_handler", "lineno": 20, "message": "getting events starting from 2024-12-20 15:06:25.057984"}
{"asctime": "2024-12-20T15:06:35", "msecs": 63.0, "levelname": "DEBUG", "correlation_id": "-", "name": "integration.services.get_events_service", "lineno": 26, "message": "Fetching events with parameters: {'start_at': datetime.datetime(2024, 12, 20, 15, 6, 25, 57984)}"}
{"asctime": "2024-12-20T15:06:37", "msecs": 114.0, "levelname": "DEBUG", "correlation_id": "-", "name": "integration.services.get_events_service", "lineno": 30, "message": "Response received: Status code 200, Headers: {'date': 'Fri, 20 Dec 2024 15:06:36 GMT', 'server': 'uvicorn', 'content-length': '1467', 'content-type': 'application/json'}"}
{"asctime": "2024-12-20T15:06:37", "msecs": 117.0, "levelname": "INFO", "correlation_id": "-", "name": "integration.services.get_events_service", "lineno": 41, "message": "Events fetched successfully: 13 events found starting at 2024-12-20 15:06:25.057984."}
{"asctime": "2024-12-20T15:06:37", "msecs": 122.0, "levelname": "INFO", "correlation_id": "-", "name": "integration.handlers.all_events_handler", "lineno": 31, "message": "Starting to process events"}
{"asctime": "2024-12-20T15:06:37", "msecs": 124.0, "levelname": "INFO", "correlation_id": "-", "name": "integration.handlers.start_event_handler", "lineno": 9, "message": "Starting to handle start event"}
{"asctime": "2024-12-20T15:06:37", "msecs": 126.0, "levelname": "INFO", "correlation_id": "-", "name": "integration.services.event_preprocessing_service", "lineno": 17, "message": "Starting event preprocessing"}
{"asctime": "2024-12-20T15:06:37", "msecs": 129.0, "levelname": "DEBUG", "correlation_id": "-", "name": "integration.services.event_preprocessing_service", "lineno": 18, "message": "event --> {'conversation_id': 19, 'event_name': 'START', 'event_at': 1734707197, 'data': None}"}
{"asctime": "2024-12-20T15:06:37", "msecs": 133.0, "levelname": "INFO", "correlation_id": "-", "name": "integration.services.get_conversation_details_service", "lineno": 26, "message": "Fetching conversation details for conversation_id: 19"}
{"asctime": "2024-12-20T15:06:39", "msecs": 190.0, "levelname": "INFO", "correlation_id": "-", "name": "integration.services.get_conversation_details_service", "lineno": 50, "message": "Conversation details fetched successfully."}
{"asctime": "2024-12-20T15:06:39", "msecs": 194.0, "levelname": "INFO", "correlation_id": "-", "name": "integration.services.get_advisor_service", "lineno": 26, "message": "Fetching advisor details for advisor_id: 8"}
{"asctime": "2024-12-20T15:06:41", "msecs": 256.0, "levelname": "INFO", "correlation_id": "-", "name": "integration.services.get_advisor_service", "lineno": 44, "message": "Advisor details fetched successfully."}
{"asctime": "2024-12-20T15:06:41", "msecs": 258.0, "levelname": "INFO", "correlation_id": "-", "name": "integration.services.is_agent_exist_service", "lineno": 27, "message": "Checking if agent exists for email: dr_judith_knight@company.com"}
{"asctime": "2024-12-20T15:06:43", "msecs": 287.0, "levelname": "INFO", "correlation_id": "-", "name": "integration.services.is_agent_exist_service", "lineno": 42, "message": "No agents found for email: dr_judith_knight@company.com."}
{"asctime": "2024-12-20T15:06:43", "msecs": 290.0, "levelname": "INFO", "correlation_id": "-", "name": "integration.services.event_preprocessing_service", "lineno": 42, "message": "No agent found, creating a new one"}
{"asctime": "2024-12-20T15:06:43", "msecs": 292.0, "levelname": "INFO", "correlation_id": "-", "name": "integration.services.create_agent_service", "lineno": 37, "message": "Creating agent with payload: {'email': 'dr_judith_knight@company.com', 'name': 'Dr Craig Kerr'}"}
{"asctime": "2024-12-20T15:06:45", "msecs": 346.0, "levelname": "INFO", "correlation_id": "-", "name": "integration.services.create_agent_service", "lineno": 51, "message": "Agent created successfully: {'name': 'Dr Craig Kerr', 'email': 'dr_judith_knight@company.com', 'agent_id': '09ba5e3a-723a-4e80-9591-e2b88a446986'}"}
{"asctime": "2024-12-20T15:06:45", "msecs": 349.0, "levelname": "INFO", "correlation_id": "-", "name": "integration.services.event_preprocessing_service", "lineno": 47, "message": "New agent created successfully"}
{"asctime": "2024-12-20T15:06:45", "msecs": 352.0, "levelname": "DEBUG", "correlation_id": "-", "name": "integration.services.start_event_service", "lineno": 40, "message": "Starting event with payload: {'agent_id': '09ba5e3a-723a-4e80-9591-e2b88a446986', 'started_at': '2024-12-20T15:06:37.000000', 'external_id': '19'}"}
{"asctime": "2024-12-20T15:06:47", "msecs": 390.0, "levelname": "INFO", "correlation_id": "-", "name": "integration.services.start_event_service", "lineno": 58, "message": "Event started successfully: {'agent_id': '09ba5e3a-723a-4e80-9591-e2b88a446986', 'started_at': '2024-12-20T15:06:37', 'ended_at': None, 'external_id': '19', 'chat_id': '6971b74f-830e-4b52-94b4-9b05dbc2ca1b'}"}
{"asctime": "2024-12-20T15:06:47", "msecs": 395.0, "levelname": "INFO", "correlation_id": "-", "name": "integration.services.event_preprocessing_service", "lineno": 75, "message": "Event processed successfully"}
{"asctime": "2024-12-20T15:06:47", "msecs": 397.0, "levelname": "INFO", "correlation_id": "-", "name": "integration.handlers.start_event_handler", "lineno": 19, "message": "Event preprocessing completed successfully"}
{"asctime": "2024-12-20T15:06:47", "msecs": 558.0, "levelname": "INFO", "correlation_id": "-", "name": "integration.handlers.start_event_handler", "lineno": 33, "message": "Start event handled successfully, event saved in database"}
{"asctime": "2024-12-20T15:06:47", "msecs": 561.0, "levelname": "INFO", "correlation_id": "-", "name": "integration.main", "lineno": 25, "message": "Start time --> 2024-12-20 15:06:37.561901"}
{"asctime": "2024-12-20T15:06:47", "msecs": 563.0, "levelname": "INFO", "correlation_id": "-", "name": "integration.handlers.get_events_handler", "lineno": 20, "message": "getting events starting from 2024-12-20 15:06:37.561901"}
{"asctime": "2024-12-20T15:06:47", "msecs": 567.0, "levelname": "DEBUG", "correlation_id": "-", "name": "integration.services.get_events_service", "lineno": 26, "message": "Fetching events with parameters: {'start_at': datetime.datetime(2024, 12, 20, 15, 6, 37, 561901)}"}
{"asctime": "2024-12-20T15:06:49", "msecs": 633.0, "levelname": "DEBUG", "correlation_id": "-", "name": "integration.services.get_events_service", "lineno": 30, "message": "Response received: Status code 200, Headers: {'date': 'Fri, 20 Dec 2024 15:06:48 GMT', 'server': 'uvicorn', 'content-length': '1836', 'content-type': 'application/json'}"}
{"asctime": "2024-12-20T15:06:49", "msecs": 640.0, "levelname": "INFO", "correlation_id": "-", "name": "integration.services.get_events_service", "lineno": 41, "message": "Events fetched successfully: 16 events found starting at 2024-12-20 15:06:37.561901."}
{"asctime": "2024-12-20T15:06:49", "msecs": 651.0, "levelname": "INFO", "correlation_id": "-", "name": "integration.handlers.all_events_handler", "lineno": 31, "message": "Starting to process events"}
{"asctime": "2024-12-20T15:06:59", "msecs": 672.0, "levelname": "INFO", "correlation_id": "-", "name": "integration.main", "lineno": 25, "message": "Start time --> 2024-12-20 15:06:49.672615"}
{"asctime": "2024-12-20T15:06:59", "msecs": 674.0, "levelname": "INFO", "correlation_id": "-", "name": "integration.handlers.get_events_handler", "lineno": 20, "message": "getting events starting from 2024-12-20 15:06:49.672615"}
{"asctime": "2024-12-20T15:06:59", "msecs": 677.0, "levelname": "DEBUG", "correlation_id": "-", "name": "integration.services.get_events_service", "lineno": 26, "message": "Fetching events with parameters: {'start_at': datetime.datetime(2024, 12, 20, 15, 6, 49, 672615)}"}
{"asctime": "2024-12-20T15:07:01", "msecs": 723.0, "levelname": "DEBUG", "correlation_id": "-", "name": "integration.services.get_events_service", "lineno": 30, "message": "Response received: Status code 200, Headers: {'date': 'Fri, 20 Dec 2024 15:07:00 GMT', 'server': 'uvicorn', 'content-length': '1884', 'content-type': 'application/json'}"}
{"asctime": "2024-12-20T15:07:01", "msecs": 728.0, "levelname": "INFO", "correlation_id": "-", "name": "integration.services.get_events_service", "lineno": 41, "message": "Events fetched successfully: 15 events found starting at 2024-12-20 15:06:49.672615."}
{"asctime": "2024-12-20T15:07:01", "msecs": 733.0, "levelname": "INFO", "correlation_id": "-", "name": "integration.handlers.all_events_handler", "lineno": 31, "message": "Starting to process events"}
{"asctime": "2024-12-20T15:07:11", "msecs": 713.0, "levelname": "INFO", "correlation_id": "-", "name": "integration.main", "lineno": 25, "message": "Start time --> 2024-12-20 15:07:01.713189"}
{"asctime": "2024-12-20T15:07:11", "msecs": 715.0, "levelname": "INFO", "correlation_id": "-", "name": "integration.handlers.get_events_handler", "lineno": 20, "message": "getting events starting from 2024-12-20 15:07:01.713189"}
{"asctime": "2024-12-20T15:07:11", "msecs": 720.0, "levelname": "DEBUG", "correlation_id": "-", "name": "integration.services.get_events_service", "lineno": 26, "message": "Fetching events with parameters: {'start_at': datetime.datetime(2024, 12, 20, 15, 7, 1, 713189)}"}
{"asctime": "2024-12-20T15:07:13", "msecs": 757.0, "levelname": "DEBUG", "correlation_id": "-", "name": "integration.services.get_events_service", "lineno": 30, "message": "Response received: Status code 200, Headers: {'date': 'Fri, 20 Dec 2024 15:07:13 GMT', 'server': 'uvicorn', 'content-length': '2091', 'content-type': 'application/json'}"}
{"asctime": "2024-12-20T15:07:13", "msecs": 760.0, "levelname": "INFO", "correlation_id": "-", "name": "integration.services.get_events_service", "lineno": 41, "message": "Events fetched successfully: 18 events found starting at 2024-12-20 15:07:01.713189."}
{"asctime": "2024-12-20T15:07:13", "msecs": 765.0, "levelname": "INFO", "correlation_id": "-", "name": "integration.handlers.all_events_handler", "lineno": 31, "message": "Starting to process events"}
{"asctime": "2024-12-20T15:07:13", "msecs": 768.0, "levelname": "INFO", "correlation_id": "-", "name": "integration.handlers.start_event_handler", "lineno": 9, "message": "Starting to handle start event"}
{"asctime": "2024-12-20T15:07:13", "msecs": 772.0, "levelname": "INFO", "correlation_id": "-", "name": "integration.services.event_preprocessing_service", "lineno": 17, "message": "Starting event preprocessing"}
{"asctime": "2024-12-20T15:07:13", "msecs": 774.0, "levelname": "DEBUG", "correlation_id": "-", "name": "integration.services.event_preprocessing_service", "lineno": 18, "message": "event --> {'conversation_id': 20, 'event_name': 'START', 'event_at': 1734707233, 'data': None}"}
{"asctime": "2024-12-20T15:07:13", "msecs": 777.0, "levelname": "INFO", "correlation_id": "-", "name": "integration.services.get_conversation_details_service", "lineno": 26, "message": "Fetching conversation details for conversation_id: 20"}
{"asctime": "2024-12-20T15:07:15", "msecs": 819.0, "levelname": "INFO", "correlation_id": "-", "name": "integration.services.get_conversation_details_service", "lineno": 50, "message": "Conversation details fetched successfully."}
{"asctime": "2024-12-20T15:07:15", "msecs": 821.0, "levelname": "INFO", "correlation_id": "-", "name": "integration.services.get_advisor_service", "lineno": 26, "message": "Fetching advisor details for advisor_id: 7"}
{"asctime": "2024-12-20T15:07:17", "msecs": 881.0, "levelname": "INFO", "correlation_id": "-", "name": "integration.services.get_advisor_service", "lineno": 44, "message": "Advisor details fetched successfully."}
{"asctime": "2024-12-20T15:07:17", "msecs": 885.0, "levelname": "INFO", "correlation_id": "-", "name": "integration.services.is_agent_exist_service", "lineno": 27, "message": "Checking if agent exists for email: raymond_thomas-mason@company.com"}
{"asctime": "2024-12-20T15:07:19", "msecs": 932.0, "levelname": "INFO", "correlation_id": "-", "name": "integration.services.is_agent_exist_service", "lineno": 42, "message": "No agents found for email: raymond_thomas-mason@company.com."}
{"asctime": "2024-12-20T15:07:19", "msecs": 936.0, "levelname": "INFO", "correlation_id": "-", "name": "integration.services.event_preprocessing_service", "lineno": 42, "message": "No agent found, creating a new one"}
{"asctime": "2024-12-20T15:07:19", "msecs": 938.0, "levelname": "INFO", "correlation_id": "-", "name": "integration.services.create_agent_service", "lineno": 37, "message": "Creating agent with payload: {'email': 'raymond_thomas-mason@company.com', 'name': 'Mr Owen Wright'}"}
{"asctime": "2024-12-20T15:07:21", "msecs": 985.0, "levelname": "INFO", "correlation_id": "-", "name": "integration.services.create_agent_service", "lineno": 51, "message": "Agent created successfully: {'name': 'Mr Owen Wright', 'email': 'raymond_thomas-mason@company.com', 'agent_id': 'a79bc63d-f677-4e52-a0cc-0fd5f9ac0f07'}"}
{"asctime": "2024-12-20T15:07:21", "msecs": 989.0, "levelname": "INFO", "correlation_id": "-", "name": "integration.services.event_preprocessing_service", "lineno": 47, "message": "New agent created successfully"}
{"asctime": "2024-12-20T15:07:21", "msecs": 991.0, "levelname": "DEBUG", "correlation_id": "-", "name": "integration.services.start_event_service", "lineno": 40, "message": "Starting event with payload: {'agent_id': 'a79bc63d-f677-4e52-a0cc-0fd5f9ac0f07', 'started_at': '2024-12-20T15:07:13.000000', 'external_id': '20'}"}
{"asctime": "2024-12-20T15:07:24", "msecs": 47.0, "levelname": "INFO", "correlation_id": "-", "name": "integration.services.start_event_service", "lineno": 58, "message": "Event started successfully: {'agent_id': 'a79bc63d-f677-4e52-a0cc-0fd5f9ac0f07', 'started_at': '2024-12-20T15:07:13', 'ended_at': None, 'external_id': '20', 'chat_id': 'bd8b5746-ef0c-4011-aa64-1a646f464237'}"}
{"asctime": "2024-12-20T15:07:24", "msecs": 51.0, "levelname": "INFO", "correlation_id": "-", "name": "integration.services.event_preprocessing_service", "lineno": 75, "message": "Event processed successfully"}
{"asctime": "2024-12-20T15:07:24", "msecs": 54.0, "levelname": "INFO", "correlation_id": "-", "name": "integration.handlers.start_event_handler", "lineno": 19, "message": "Event preprocessing completed successfully"}
{"asctime": "2024-12-20T15:07:24", "msecs": 180.0, "levelname": "INFO", "correlation_id": "-", "name": "integration.handlers.start_event_handler", "lineno": 33, "message": "Start event handled successfully, event saved in database"}
{"asctime": "2024-12-20T15:07:24", "msecs": 183.0, "levelname": "INFO", "correlation_id": "-", "name": "integration.main", "lineno": 25, "message": "Start time --> 2024-12-20 15:07:14.183944"}
{"asctime": "2024-12-20T15:07:24", "msecs": 186.0, "levelname": "INFO", "correlation_id": "-", "name": "integration.handlers.get_events_handler", "lineno": 20, "message": "getting events starting from 2024-12-20 15:07:14.183944"}
{"asctime": "2024-12-20T15:07:24", "msecs": 189.0, "levelname": "DEBUG", "correlation_id": "-", "name": "integration.services.get_events_service", "lineno": 26, "message": "Fetching events with parameters: {'start_at': datetime.datetime(2024, 12, 20, 15, 7, 14, 183944)}"}
{"asctime": "2024-12-20T15:07:26", "msecs": 239.0, "levelname": "DEBUG", "correlation_id": "-", "name": "integration.services.get_events_service", "lineno": 30, "message": "Response received: Status code 200, Headers: {'date': 'Fri, 20 Dec 2024 15:07:25 GMT', 'server': 'uvicorn', 'content-length': '1954', 'content-type': 'application/json'}"}
{"asctime": "2024-12-20T15:07:26", "msecs": 243.0, "levelname": "INFO", "correlation_id": "-", "name": "integration.services.get_events_service", "lineno": 41, "message": "Events fetched successfully: 17 events found starting at 2024-12-20 15:07:14.183944."}
{"asctime": "2024-12-20T15:07:26", "msecs": 247.0, "levelname": "INFO", "correlation_id": "-", "name": "integration.handlers.all_events_handler", "lineno": 31, "message": "Starting to process events"}
{"asctime": "2024-12-20T15:07:26", "msecs": 250.0, "levelname": "INFO", "correlation_id": "-", "name": "integration.handlers.start_event_handler", "lineno": 9, "message": "Starting to handle start event"}
{"asctime": "2024-12-20T15:07:26", "msecs": 253.0, "levelname": "INFO", "correlation_id": "-", "name": "integration.services.event_preprocessing_service", "lineno": 17, "message": "Starting event preprocessing"}
{"asctime": "2024-12-20T15:07:26", "msecs": 255.0, "levelname": "DEBUG", "correlation_id": "-", "name": "integration.services.event_preprocessing_service", "lineno": 18, "message": "event --> {'conversation_id': 21, 'event_name': 'START', 'event_at': 1734707246, 'data': None}"}
{"asctime": "2024-12-20T15:07:26", "msecs": 258.0, "levelname": "INFO", "correlation_id": "-", "name": "integration.services.get_conversation_details_service", "lineno": 26, "message": "Fetching conversation details for conversation_id: 21"}
{"asctime": "2024-12-20T15:07:28", "msecs": 317.0, "levelname": "INFO", "correlation_id": "-", "name": "integration.services.get_conversation_details_service", "lineno": 50, "message": "Conversation details fetched successfully."}
{"asctime": "2024-12-20T15:07:28", "msecs": 320.0, "levelname": "INFO", "correlation_id": "-", "name": "integration.services.get_advisor_service", "lineno": 26, "message": "Fetching advisor details for advisor_id: 7"}
{"asctime": "2024-12-20T15:07:30", "msecs": 353.0, "levelname": "INFO", "correlation_id": "-", "name": "integration.services.get_advisor_service", "lineno": 44, "message": "Advisor details fetched successfully."}
{"asctime": "2024-12-20T15:07:30", "msecs": 357.0, "levelname": "INFO", "correlation_id": "-", "name": "integration.services.is_agent_exist_service", "lineno": 27, "message": "Checking if agent exists for email: raymond_thomas-mason@company.com"}
{"asctime": "2024-12-20T15:07:32", "msecs": 399.0, "levelname": "INFO", "correlation_id": "-", "name": "integration.services.is_agent_exist_service", "lineno": 45, "message": "Agent fetch successful: 1 agents found."}
{"asctime": "2024-12-20T15:07:32", "msecs": 402.0, "levelname": "DEBUG", "correlation_id": "-", "name": "integration.services.start_event_service", "lineno": 40, "message": "Starting event with payload: {'agent_id': 'a79bc63d-f677-4e52-a0cc-0fd5f9ac0f07', 'started_at': '2024-12-20T15:07:26.000000', 'external_id': '21'}"}
{"asctime": "2024-12-20T15:07:34", "msecs": 429.0, "levelname": "INFO", "correlation_id": "-", "name": "integration.services.start_event_service", "lineno": 58, "message": "Event started successfully: {'agent_id': 'a79bc63d-f677-4e52-a0cc-0fd5f9ac0f07', 'started_at': '2024-12-20T15:07:26', 'ended_at': None, 'external_id': '21', 'chat_id': 'c9e77823-b979-4315-9e80-a4b11e7b4c79'}"}
{"asctime": "2024-12-20T15:07:34", "msecs": 432.0, "levelname": "INFO", "correlation_id": "-", "name": "integration.services.event_preprocessing_service", "lineno": 75, "message": "Event processed successfully"}
{"asctime": "2024-12-20T15:07:34", "msecs": 434.0, "levelname": "INFO", "correlation_id": "-", "name": "integration.handlers.start_event_handler", "lineno": 19, "message": "Event preprocessing completed successfully"}
{"asctime": "2024-12-20T15:07:34", "msecs": 576.0, "levelname": "INFO", "correlation_id": "-", "name": "integration.handlers.start_event_handler", "lineno": 33, "message": "Start event handled successfully, event saved in database"}
{"asctime": "2024-12-20T15:07:36", "msecs": 254.0, "levelname": "INFO", "correlation_id": "-", "name": "integration.main", "lineno": 25, "message": "Start time --> 2024-12-20 15:07:26.254954"}
{"asctime": "2024-12-20T15:07:36", "msecs": 257.0, "levelname": "INFO", "correlation_id": "-", "name": "integration.handlers.get_events_handler", "lineno": 20, "message": "getting events starting from 2024-12-20 15:07:26.254954"}
{"asctime": "2024-12-20T15:07:36", "msecs": 259.0, "levelname": "DEBUG", "correlation_id": "-", "name": "integration.services.get_events_service", "lineno": 26, "message": "Fetching events with parameters: {'start_at': datetime.datetime(2024, 12, 20, 15, 7, 26, 254954)}"}
{"asctime": "2024-12-20T15:07:38", "msecs": 337.0, "levelname": "DEBUG", "correlation_id": "-", "name": "integration.services.get_events_service", "lineno": 30, "message": "Response received: Status code 200, Headers: {'date': 'Fri, 20 Dec 2024 15:07:38 GMT', 'server': 'uvicorn', 'content-length': '1864', 'content-type': 'application/json'}"}
{"asctime": "2024-12-20T15:07:38", "msecs": 343.0, "levelname": "INFO", "correlation_id": "-", "name": "integration.services.get_events_service", "lineno": 41, "message": "Events fetched successfully: 15 events found starting at 2024-12-20 15:07:26.254954."}
{"asctime": "2024-12-20T15:07:38", "msecs": 350.0, "levelname": "INFO", "correlation_id": "-", "name": "integration.handlers.all_events_handler", "lineno": 31, "message": "Starting to process events"}
{"asctime": "2024-12-20T15:07:48", "msecs": 347.0, "levelname": "INFO", "correlation_id": "-", "name": "integration.main", "lineno": 25, "message": "Start time --> 2024-12-20 15:07:38.347465"}
{"asctime": "2024-12-20T15:07:48", "msecs": 349.0, "levelname": "INFO", "correlation_id": "-", "name": "integration.handlers.get_events_handler", "lineno": 20, "message": "getting events starting from 2024-12-20 15:07:38.347465"}
{"asctime": "2024-12-20T15:07:48", "msecs": 352.0, "levelname": "DEBUG", "correlation_id": "-", "name": "integration.services.get_events_service", "lineno": 26, "message": "Fetching events with parameters: {'start_at': datetime.datetime(2024, 12, 20, 15, 7, 38, 347465)}"}
{"asctime": "2024-12-20T15:07:50", "msecs": 407.0, "levelname": "DEBUG", "correlation_id": "-", "name": "integration.services.get_events_service", "lineno": 30, "message": "Response received: Status code 500, Headers: {'date': 'Fri, 20 Dec 2024 15:07:50 GMT', 'server': 'uvicorn', 'content-length': '21', 'content-type': 'text/plain; charset=utf-8'}"}
{"asctime": "2024-12-20T15:07:50", "msecs": 410.0, "levelname": "ERROR", "correlation_id": "-", "name": "integration.services.get_events_service", "lineno": 33, "message": "Unhandled status code: 500. Parameters: {'start_at': datetime.datetime(2024, 12, 20, 15, 7, 38, 347465)}"}
{"asctime": "2024-12-20T15:07:50", "msecs": 415.0, "levelname": "WARNING", "correlation_id": "-", "name": "integration.handlers.all_events_handler", "lineno": 29, "message": "No events found"}
{"asctime": "2024-12-20T15:08:00", "msecs": 407.0, "levelname": "INFO", "correlation_id": "-", "name": "integration.main", "lineno": 25, "message": "Start time --> 2024-12-20 15:07:50.407846"}
{"asctime": "2024-12-20T15:08:00", "msecs": 410.0, "levelname": "INFO", "correlation_id": "-", "name": "integration.handlers.get_events_handler", "lineno": 20, "message": "getting events starting from 2024-12-20 15:07:50.407846"}
{"asctime": "2024-12-20T15:08:00", "msecs": 413.0, "levelname": "DEBUG", "correlation_id": "-", "name": "integration.services.get_events_service", "lineno": 26, "message": "Fetching events with parameters: {'start_at': datetime.datetime(2024, 12, 20, 15, 7, 50, 407846)}"}
{"asctime": "2024-12-20T15:08:02", "msecs": 470.0, "levelname": "DEBUG", "correlation_id": "-", "name": "integration.services.get_events_service", "lineno": 30, "message": "Response received: Status code 200, Headers: {'date': 'Fri, 20 Dec 2024 15:08:02 GMT', 'server': 'uvicorn', 'content-length': '2056', 'content-type': 'application/json'}"}
{"asctime": "2024-12-20T15:08:02", "msecs": 474.0, "levelname": "INFO", "correlation_id": "-", "name": "integration.services.get_events_service", "lineno": 41, "message": "Events fetched successfully: 19 events found starting at 2024-12-20 15:07:50.407846."}
{"asctime": "2024-12-20T15:08:02", "msecs": 479.0, "levelname": "INFO", "correlation_id": "-", "name": "integration.handlers.all_events_handler", "lineno": 31, "message": "Starting to process events"}
{"asctime": "2024-12-20T15:08:12", "msecs": 490.0, "levelname": "INFO", "correlation_id": "-", "name": "integration.main", "lineno": 25, "message": "Start time --> 2024-12-20 15:08:02.490497"}
{"asctime": "2024-12-20T15:08:12", "msecs": 492.0, "levelname": "INFO", "correlation_id": "-", "name": "integration.handlers.get_events_handler", "lineno": 20, "message": "getting events starting from 2024-12-20 15:08:02.490497"}
{"asctime": "2024-12-20T15:08:12", "msecs": 495.0, "levelname": "DEBUG", "correlation_id": "-", "name": "integration.services.get_events_service", "lineno": 26, "message": "Fetching events with parameters: {'start_at': datetime.datetime(2024, 12, 20, 15, 8, 2, 490497)}"}
{"asctime": "2024-12-20T15:08:14", "msecs": 559.0, "levelname": "DEBUG", "correlation_id": "-", "name": "integration.services.get_events_service", "lineno": 30, "message": "Response received: Status code 200, Headers: {'date': 'Fri, 20 Dec 2024 15:08:14 GMT', 'server': 'uvicorn', 'content-length': '2082', 'content-type': 'application/json'}"}
{"asctime": "2024-12-20T15:08:14", "msecs": 562.0, "levelname": "INFO", "correlation_id": "-", "name": "integration.services.get_events_service", "lineno": 41, "message": "Events fetched successfully: 20 events found starting at 2024-12-20 15:08:02.490497."}
{"asctime": "2024-12-20T15:08:14", "msecs": 566.0, "levelname": "INFO", "correlation_id": "-", "name": "integration.handlers.all_events_handler", "lineno": 31, "message": "Starting to process events"}
{"asctime": "2024-12-20T15:08:14", "msecs": 569.0, "levelname": "INFO", "correlation_id": "-", "name": "integration.handlers.start_event_handler", "lineno": 9, "message": "Starting to handle start event"}
{"asctime": "2024-12-20T15:08:14", "msecs": 572.0, "levelname": "INFO", "correlation_id": "-", "name": "integration.services.event_preprocessing_service", "lineno": 17, "message": "Starting event preprocessing"}
{"asctime": "2024-12-20T15:08:14", "msecs": 574.0, "levelname": "DEBUG", "correlation_id": "-", "name": "integration.services.event_preprocessing_service", "lineno": 18, "message": "event --> {'conversation_id': 22, 'event_name': 'START', 'event_at': 1734707294, 'data': None}"}
{"asctime": "2024-12-20T15:08:14", "msecs": 577.0, "levelname": "INFO", "correlation_id": "-", "name": "integration.services.get_conversation_details_service", "lineno": 26, "message": "Fetching conversation details for conversation_id: 22"}
{"asctime": "2024-12-20T15:08:16", "msecs": 622.0, "levelname": "INFO", "correlation_id": "-", "name": "integration.services.get_conversation_details_service", "lineno": 50, "message": "Conversation details fetched successfully."}
{"asctime": "2024-12-20T15:08:16", "msecs": 625.0, "levelname": "INFO", "correlation_id": "-", "name": "integration.services.get_advisor_service", "lineno": 26, "message": "Fetching advisor details for advisor_id: 1"}
{"asctime": "2024-12-20T15:08:18", "msecs": 662.0, "levelname": "INFO", "correlation_id": "-", "name": "integration.services.get_advisor_service", "lineno": 44, "message": "Advisor details fetched successfully."}
{"asctime": "2024-12-20T15:08:18", "msecs": 665.0, "levelname": "INFO", "correlation_id": "-", "name": "integration.services.is_agent_exist_service", "lineno": 27, "message": "Checking if agent exists for email: julie_stevens@company.com"}
{"asctime": "2024-12-20T15:08:20", "msecs": 711.0, "levelname": "INFO", "correlation_id": "-", "name": "integration.services.is_agent_exist_service", "lineno": 45, "message": "Agent fetch successful: 1 agents found."}
{"asctime": "2024-12-20T15:08:20", "msecs": 714.0, "levelname": "DEBUG", "correlation_id": "-", "name": "integration.services.start_event_service", "lineno": 40, "message": "Starting event with payload: {'agent_id': '5447ea4c-5465-4503-a178-0d638943df51', 'started_at': '2024-12-20T15:08:14.000000', 'external_id': '22'}"}
{"asctime": "2024-12-20T15:08:22", "msecs": 756.0, "levelname": "INFO", "correlation_id": "-", "name": "integration.services.start_event_service", "lineno": 58, "message": "Event started successfully: {'agent_id': '5447ea4c-5465-4503-a178-0d638943df51', 'started_at': '2024-12-20T15:08:14', 'ended_at': None, 'external_id': '22', 'chat_id': '7f00831a-be27-4b2d-8f2a-c82a5e2908b6'}"}
{"asctime": "2024-12-20T15:08:22", "msecs": 760.0, "levelname": "INFO", "correlation_id": "-", "name": "integration.services.event_preprocessing_service", "lineno": 75, "message": "Event processed successfully"}
{"asctime": "2024-12-20T15:08:22", "msecs": 762.0, "levelname": "INFO", "correlation_id": "-", "name": "integration.handlers.start_event_handler", "lineno": 19, "message": "Event preprocessing completed successfully"}
{"asctime": "2024-12-20T15:08:22", "msecs": 890.0, "levelname": "INFO", "correlation_id": "-", "name": "integration.handlers.start_event_handler", "lineno": 33, "message": "Start event handled successfully, event saved in database"}
{"asctime": "2024-12-20T15:08:24", "msecs": 622.0, "levelname": "INFO", "correlation_id": "-", "name": "integration.main", "lineno": 25, "message": "Start time --> 2024-12-20 15:08:14.622608"}
{"asctime": "2024-12-20T15:08:24", "msecs": 642.0, "levelname": "INFO", "correlation_id": "-", "name": "integration.handlers.get_events_handler", "lineno": 20, "message": "getting events starting from 2024-12-20 15:08:14.622608"}
{"asctime": "2024-12-20T15:08:24", "msecs": 647.0, "levelname": "DEBUG", "correlation_id": "-", "name": "integration.services.get_events_service", "lineno": 26, "message": "Fetching events with parameters: {'start_at': datetime.datetime(2024, 12, 20, 15, 8, 14, 622608)}"}
{"asctime": "2024-12-20T15:08:26", "msecs": 762.0, "levelname": "DEBUG", "correlation_id": "-", "name": "integration.services.get_events_service", "lineno": 30, "message": "Response received: Status code 200, Headers: {'date': 'Fri, 20 Dec 2024 15:08:26 GMT', 'server': 'uvicorn', 'content-length': '1710', 'content-type': 'application/json'}"}
{"asctime": "2024-12-20T15:08:26", "msecs": 766.0, "levelname": "INFO", "correlation_id": "-", "name": "integration.services.get_events_service", "lineno": 41, "message": "Events fetched successfully: 16 events found starting at 2024-12-20 15:08:14.622608."}
{"asctime": "2024-12-20T15:08:26", "msecs": 772.0, "levelname": "INFO", "correlation_id": "-", "name": "integration.handlers.all_events_handler", "lineno": 31, "message": "Starting to process events"}
{"asctime": "2024-12-20T15:08:36", "msecs": 773.0, "levelname": "INFO", "correlation_id": "-", "name": "integration.main", "lineno": 25, "message": "Start time --> 2024-12-20 15:08:26.773824"}
{"asctime": "2024-12-20T15:08:36", "msecs": 776.0, "levelname": "INFO", "correlation_id": "-", "name": "integration.handlers.get_events_handler", "lineno": 20, "message": "getting events starting from 2024-12-20 15:08:26.773824"}
{"asctime": "2024-12-20T15:08:36", "msecs": 779.0, "levelname": "DEBUG", "correlation_id": "-", "name": "integration.services.get_events_service", "lineno": 26, "message": "Fetching events with parameters: {'start_at': datetime.datetime(2024, 12, 20, 15, 8, 26, 773824)}"}
{"asctime": "2024-12-20T15:08:38", "msecs": 838.0, "levelname": "DEBUG", "correlation_id": "-", "name": "integration.services.get_events_service", "lineno": 30, "message": "Response received: Status code 200, Headers: {'date': 'Fri, 20 Dec 2024 15:08:38 GMT', 'server': 'uvicorn', 'content-length': '1800', 'content-type': 'application/json'}"}
{"asctime": "2024-12-20T15:08:38", "msecs": 841.0, "levelname": "INFO", "correlation_id": "-", "name": "integration.services.get_events_service", "lineno": 41, "message": "Events fetched successfully: 15 events found starting at 2024-12-20 15:08:26.773824."}
{"asctime": "2024-12-20T15:08:38", "msecs": 847.0, "levelname": "INFO", "correlation_id": "-", "name": "integration.handlers.all_events_handler", "lineno": 31, "message": "Starting to process events"}
{"asctime": "2024-12-20T15:08:48", "msecs": 861.0, "levelname": "INFO", "correlation_id": "-", "name": "integration.main", "lineno": 25, "message": "Start time --> 2024-12-20 15:08:38.861803"}
{"asctime": "2024-12-20T15:08:48", "msecs": 866.0, "levelname": "INFO", "correlation_id": "-", "name": "integration.handlers.get_events_handler", "lineno": 20, "message": "getting events starting from 2024-12-20 15:08:38.861803"}
{"asctime": "2024-12-20T15:08:48", "msecs": 869.0, "levelname": "DEBUG", "correlation_id": "-", "name": "integration.services.get_events_service", "lineno": 26, "message": "Fetching events with parameters: {'start_at': datetime.datetime(2024, 12, 20, 15, 8, 38, 861803)}"}
{"asctime": "2024-12-20T15:08:50", "msecs": 909.0, "levelname": "DEBUG", "correlation_id": "-", "name": "integration.services.get_events_service", "lineno": 30, "message": "Response received: Status code 200, Headers: {'date': 'Fri, 20 Dec 2024 15:08:50 GMT', 'server': 'uvicorn', 'content-length': '1960', 'content-type': 'application/json'}"}
{"asctime": "2024-12-20T15:08:50", "msecs": 912.0, "levelname": "INFO", "correlation_id": "-", "name": "integration.services.get_events_service", "lineno": 41, "message": "Events fetched successfully: 16 events found starting at 2024-12-20 15:08:38.861803."}
{"asctime": "2024-12-20T15:08:50", "msecs": 916.0, "levelname": "INFO", "correlation_id": "-", "name": "integration.handlers.all_events_handler", "lineno": 31, "message": "Starting to process events"}
{"asctime": "2024-12-20T15:08:50", "msecs": 918.0, "levelname": "INFO", "correlation_id": "-", "name": "integration.handlers.start_event_handler", "lineno": 9, "message": "Starting to handle start event"}
{"asctime": "2024-12-20T15:08:50", "msecs": 920.0, "levelname": "INFO", "correlation_id": "-", "name": "integration.services.event_preprocessing_service", "lineno": 17, "message": "Starting event preprocessing"}
{"asctime": "2024-12-20T15:08:50", "msecs": 922.0, "levelname": "DEBUG", "correlation_id": "-", "name": "integration.services.event_preprocessing_service", "lineno": 18, "message": "event --> {'conversation_id': 23, 'event_name': 'START', 'event_at': 1734707330, 'data': None}"}
{"asctime": "2024-12-20T15:08:50", "msecs": 925.0, "levelname": "INFO", "correlation_id": "-", "name": "integration.services.get_conversation_details_service", "lineno": 26, "message": "Fetching conversation details for conversation_id: 23"}
{"asctime": "2024-12-20T15:08:52", "msecs": 958.0, "levelname": "INFO", "correlation_id": "-", "name": "integration.services.get_conversation_details_service", "lineno": 50, "message": "Conversation details fetched successfully."}
{"asctime": "2024-12-20T15:08:52", "msecs": 961.0, "levelname": "INFO", "correlation_id": "-", "name": "integration.services.get_advisor_service", "lineno": 26, "message": "Fetching advisor details for advisor_id: 3"}
{"asctime": "2024-12-20T15:08:55", "msecs": 10.0, "levelname": "INFO", "correlation_id": "-", "name": "integration.services.get_advisor_service", "lineno": 44, "message": "Advisor details fetched successfully."}
{"asctime": "2024-12-20T15:08:55", "msecs": 12.0, "levelname": "INFO", "correlation_id": "-", "name": "integration.services.is_agent_exist_service", "lineno": 27, "message": "Checking if agent exists for email: june_roberts@company.com"}
{"asctime": "2024-12-20T15:08:57", "msecs": 66.0, "levelname": "INFO", "correlation_id": "-", "name": "integration.services.is_agent_exist_service", "lineno": 45, "message": "Agent fetch successful: 1 agents found."}
{"asctime": "2024-12-20T15:08:57", "msecs": 69.0, "levelname": "DEBUG", "correlation_id": "-", "name": "integration.services.start_event_service", "lineno": 40, "message": "Starting event with payload: {'agent_id': '94e51eff-8635-466d-b8f0-14e230286b95', 'started_at': '2024-12-20T15:08:50.000000', 'external_id': '23'}"}
{"asctime": "2024-12-20T15:08:59", "msecs": 104.0, "levelname": "INFO", "correlation_id": "-", "name": "integration.services.start_event_service", "lineno": 58, "message": "Event started successfully: {'agent_id': '94e51eff-8635-466d-b8f0-14e230286b95', 'started_at': '2024-12-20T15:08:50', 'ended_at': None, 'external_id': '23', 'chat_id': '482116c6-11f0-4e58-a714-2c92fae4da58'}"}
{"asctime": "2024-12-20T15:08:59", "msecs": 107.0, "levelname": "INFO", "correlation_id": "-", "name": "integration.services.event_preprocessing_service", "lineno": 75, "message": "Event processed successfully"}
{"asctime": "2024-12-20T15:08:59", "msecs": 110.0, "levelname": "INFO", "correlation_id": "-", "name": "integration.handlers.start_event_handler", "lineno": 19, "message": "Event preprocessing completed successfully"}
{"asctime": "2024-12-20T15:08:59", "msecs": 241.0, "levelname": "INFO", "correlation_id": "-", "name": "integration.handlers.start_event_handler", "lineno": 33, "message": "Start event handled successfully, event saved in database"}
{"asctime": "2024-12-20T15:09:00", "msecs": 931.0, "levelname": "INFO", "correlation_id": "-", "name": "integration.main", "lineno": 25, "message": "Start time --> 2024-12-20 15:08:50.931417"}
{"asctime": "2024-12-20T15:09:00", "msecs": 933.0, "levelname": "INFO", "correlation_id": "-", "name": "integration.handlers.get_events_handler", "lineno": 20, "message": "getting events starting from 2024-12-20 15:08:50.931417"}
{"asctime": "2024-12-20T15:09:00", "msecs": 935.0, "levelname": "DEBUG", "correlation_id": "-", "name": "integration.services.get_events_service", "lineno": 26, "message": "Fetching events with parameters: {'start_at': datetime.datetime(2024, 12, 20, 15, 8, 50, 931417)}"}
{"asctime": "2024-12-20T15:09:02", "msecs": 992.0, "levelname": "DEBUG", "correlation_id": "-", "name": "integration.services.get_events_service", "lineno": 30, "message": "Response received: Status code 200, Headers: {'date': 'Fri, 20 Dec 2024 15:09:02 GMT', 'server': 'uvicorn', 'content-length': '2237', 'content-type': 'application/json'}"}
{"asctime": "2024-12-20T15:09:02", "msecs": 995.0, "levelname": "INFO", "correlation_id": "-", "name": "integration.services.get_events_service", "lineno": 41, "message": "Events fetched successfully: 20 events found starting at 2024-12-20 15:08:50.931417."}
{"asctime": "2024-12-20T15:09:03", "msecs": 0.0, "levelname": "INFO", "correlation_id": "-", "name": "integration.handlers.all_events_handler", "lineno": 31, "message": "Starting to process events"}
{"asctime": "2024-12-20T15:09:13", "msecs": 15.0, "levelname": "INFO", "correlation_id": "-", "name": "integration.main", "lineno": 25, "message": "Start time --> 2024-12-20 15:09:03.015905"}
{"asctime": "2024-12-20T15:09:13", "msecs": 18.0, "levelname": "INFO", "correlation_id": "-", "name": "integration.handlers.get_events_handler", "lineno": 20, "message": "getting events starting from 2024-12-20 15:09:03.015905"}
{"asctime": "2024-12-20T15:09:13", "msecs": 21.0, "levelname": "DEBUG", "correlation_id": "-", "name": "integration.services.get_events_service", "lineno": 26, "message": "Fetching events with parameters: {'start_at': datetime.datetime(2024, 12, 20, 15, 9, 3, 15905)}"}
{"asctime": "2024-12-20T15:09:15", "msecs": 65.0, "levelname": "DEBUG", "correlation_id": "-", "name": "integration.services.get_events_service", "lineno": 30, "message": "Response received: Status code 200, Headers: {'date': 'Fri, 20 Dec 2024 15:09:14 GMT', 'server': 'uvicorn', 'content-length': '2280', 'content-type': 'application/json'}"}
{"asctime": "2024-12-20T15:09:15", "msecs": 68.0, "levelname": "INFO", "correlation_id": "-", "name": "integration.services.get_events_service", "lineno": 41, "message": "Events fetched successfully: 21 events found starting at 2024-12-20 15:09:03.015905."}
{"asctime": "2024-12-20T15:09:15", "msecs": 72.0, "levelname": "INFO", "correlation_id": "-", "name": "integration.handlers.all_events_handler", "lineno": 31, "message": "Starting to process events"}
{"asctime": "2024-12-20T15:09:15", "msecs": 74.0, "levelname": "INFO", "correlation_id": "-", "name": "integration.handlers.start_event_handler", "lineno": 9, "message": "Starting to handle start event"}
{"asctime": "2024-12-20T15:09:15", "msecs": 76.0, "levelname": "INFO", "correlation_id": "-", "name": "integration.services.event_preprocessing_service", "lineno": 17, "message": "Starting event preprocessing"}
{"asctime": "2024-12-20T15:09:15", "msecs": 78.0, "levelname": "DEBUG", "correlation_id": "-", "name": "integration.services.event_preprocessing_service", "lineno": 18, "message": "event --> {'conversation_id': 24, 'event_name': 'START', 'event_at': 1734707355, 'data': None}"}
{"asctime": "2024-12-20T15:09:15", "msecs": 82.0, "levelname": "INFO", "correlation_id": "-", "name": "integration.services.get_conversation_details_service", "lineno": 26, "message": "Fetching conversation details for conversation_id: 24"}
{"asctime": "2024-12-20T15:09:17", "msecs": 113.0, "levelname": "INFO", "correlation_id": "-", "name": "integration.services.get_conversation_details_service", "lineno": 50, "message": "Conversation details fetched successfully."}
{"asctime": "2024-12-20T15:09:17", "msecs": 116.0, "levelname": "INFO", "correlation_id": "-", "name": "integration.services.get_advisor_service", "lineno": 26, "message": "Fetching advisor details for advisor_id: 8"}
{"asctime": "2024-12-20T15:09:19", "msecs": 155.0, "levelname": "INFO", "correlation_id": "-", "name": "integration.services.get_advisor_service", "lineno": 44, "message": "Advisor details fetched successfully."}
{"asctime": "2024-12-20T15:09:19", "msecs": 158.0, "levelname": "INFO", "correlation_id": "-", "name": "integration.services.is_agent_exist_service", "lineno": 27, "message": "Checking if agent exists for email: dr_judith_knight@company.com"}
{"asctime": "2024-12-20T15:09:21", "msecs": 189.0, "levelname": "INFO", "correlation_id": "-", "name": "integration.services.is_agent_exist_service", "lineno": 45, "message": "Agent fetch successful: 1 agents found."}
{"asctime": "2024-12-20T15:09:21", "msecs": 191.0, "levelname": "DEBUG", "correlation_id": "-", "name": "integration.services.start_event_service", "lineno": 40, "message": "Starting event with payload: {'agent_id': '09ba5e3a-723a-4e80-9591-e2b88a446986', 'started_at': '2024-12-20T15:09:15.000000', 'external_id': '24'}"}
{"asctime": "2024-12-20T15:09:23", "msecs": 235.0, "levelname": "INFO", "correlation_id": "-", "name": "integration.services.start_event_service", "lineno": 58, "message": "Event started successfully: {'agent_id': '09ba5e3a-723a-4e80-9591-e2b88a446986', 'started_at': '2024-12-20T15:09:15', 'ended_at': None, 'external_id': '24', 'chat_id': '1c7f0c30-bd9a-45f0-866a-fb9f43afd430'}"}
{"asctime": "2024-12-20T15:09:23", "msecs": 239.0, "levelname": "INFO", "correlation_id": "-", "name": "integration.services.event_preprocessing_service", "lineno": 75, "message": "Event processed successfully"}
{"asctime": "2024-12-20T15:09:23", "msecs": 241.0, "levelname": "INFO", "correlation_id": "-", "name": "integration.handlers.start_event_handler", "lineno": 19, "message": "Event preprocessing completed successfully"}
{"asctime": "2024-12-20T15:09:23", "msecs": 282.0, "levelname": "INFO", "correlation_id": "-", "name": "integration.handlers.start_event_handler", "lineno": 33, "message": "Start event handled successfully, event saved in database"}
{"asctime": "2024-12-20T15:09:25", "msecs": 70.0, "levelname": "INFO", "correlation_id": "-", "name": "integration.main", "lineno": 25, "message": "Start time --> 2024-12-20 15:09:15.070716"}
{"asctime": "2024-12-20T15:09:25", "msecs": 72.0, "levelname": "INFO", "correlation_id": "-", "name": "integration.handlers.get_events_handler", "lineno": 20, "message": "getting events starting from 2024-12-20 15:09:15.070716"}
{"asctime": "2024-12-20T15:09:25", "msecs": 74.0, "levelname": "DEBUG", "correlation_id": "-", "name": "integration.services.get_events_service", "lineno": 26, "message": "Fetching events with parameters: {'start_at': datetime.datetime(2024, 12, 20, 15, 9, 15, 70716)}"}
{"asctime": "2024-12-20T15:09:27", "msecs": 121.0, "levelname": "DEBUG", "correlation_id": "-", "name": "integration.services.get_events_service", "lineno": 30, "message": "Response received: Status code 200, Headers: {'date': 'Fri, 20 Dec 2024 15:09:26 GMT', 'server': 'uvicorn', 'content-length': '2407', 'content-type': 'application/json'}"}
{"asctime": "2024-12-20T15:09:27", "msecs": 125.0, "levelname": "INFO", "correlation_id": "-", "name": "integration.services.get_events_service", "lineno": 41, "message": "Events fetched successfully: 20 events found starting at 2024-12-20 15:09:15.070716."}
{"asctime": "2024-12-20T15:09:27", "msecs": 130.0, "levelname": "INFO", "correlation_id": "-", "name": "integration.handlers.all_events_handler", "lineno": 31, "message": "Starting to process events"}
{"asctime": "2024-12-20T15:09:27", "msecs": 136.0, "levelname": "INFO", "correlation_id": "-", "name": "integration.handlers.start_event_handler", "lineno": 9, "message": "Starting to handle start event"}
{"asctime": "2024-12-20T15:09:27", "msecs": 140.0, "levelname": "INFO", "correlation_id": "-", "name": "integration.services.event_preprocessing_service", "lineno": 17, "message": "Starting event preprocessing"}
{"asctime": "2024-12-20T15:09:27", "msecs": 145.0, "levelname": "DEBUG", "correlation_id": "-", "name": "integration.services.event_preprocessing_service", "lineno": 18, "message": "event --> {'conversation_id': 25, 'event_name': 'START', 'event_at': 1734707367, 'data': None}"}
{"asctime": "2024-12-20T15:09:27", "msecs": 150.0, "levelname": "INFO", "correlation_id": "-", "name": "integration.services.get_conversation_details_service", "lineno": 26, "message": "Fetching conversation details for conversation_id: 25"}
{"asctime": "2024-12-20T15:09:29", "msecs": 200.0, "levelname": "INFO", "correlation_id": "-", "name": "integration.services.get_conversation_details_service", "lineno": 50, "message": "Conversation details fetched successfully."}
{"asctime": "2024-12-20T15:09:29", "msecs": 204.0, "levelname": "INFO", "correlation_id": "-", "name": "integration.services.get_advisor_service", "lineno": 26, "message": "Fetching advisor details for advisor_id: 6"}
{"asctime": "2024-12-20T15:09:31", "msecs": 260.0, "levelname": "INFO", "correlation_id": "-", "name": "integration.services.get_advisor_service", "lineno": 44, "message": "Advisor details fetched successfully."}
{"asctime": "2024-12-20T15:09:31", "msecs": 263.0, "levelname": "INFO", "correlation_id": "-", "name": "integration.services.is_agent_exist_service", "lineno": 27, "message": "Checking if agent exists for email: declan_payne@company.com"}
{"asctime": "2024-12-20T15:09:33", "msecs": 312.0, "levelname": "INFO", "correlation_id": "-", "name": "integration.services.is_agent_exist_service", "lineno": 45, "message": "Agent fetch successful: 1 agents found."}
{"asctime": "2024-12-20T15:09:33", "msecs": 314.0, "levelname": "DEBUG", "correlation_id": "-", "name": "integration.services.start_event_service", "lineno": 40, "message": "Starting event with payload: {'agent_id': '368e03b8-ddbe-4d6e-83c8-a1c6cc272d7b', 'started_at': '2024-12-20T15:09:27.000000', 'external_id': '25'}"}
{"asctime": "2024-12-20T15:09:35", "msecs": 363.0, "levelname": "INFO", "correlation_id": "-", "name": "integration.services.start_event_service", "lineno": 58, "message": "Event started successfully: {'agent_id': '368e03b8-ddbe-4d6e-83c8-a1c6cc272d7b', 'started_at': '2024-12-20T15:09:27', 'ended_at': None, 'external_id': '25', 'chat_id': 'f89ff90e-aeb9-42dc-a95f-c8ad6a468d8d'}"}
{"asctime": "2024-12-20T15:09:35", "msecs": 366.0, "levelname": "INFO", "correlation_id": "-", "name": "integration.services.event_preprocessing_service", "lineno": 75, "message": "Event processed successfully"}
{"asctime": "2024-12-20T15:09:35", "msecs": 368.0, "levelname": "INFO", "correlation_id": "-", "name": "integration.handlers.start_event_handler", "lineno": 19, "message": "Event preprocessing completed successfully"}
{"asctime": "2024-12-20T15:09:35", "msecs": 711.0, "levelname": "INFO", "correlation_id": "-", "name": "integration.handlers.start_event_handler", "lineno": 33, "message": "Start event handled successfully, event saved in database"}
{"asctime": "2024-12-20T15:09:37", "msecs": 130.0, "levelname": "INFO", "correlation_id": "-", "name": "integration.main", "lineno": 25, "message": "Start time --> 2024-12-20 15:09:27.130123"}
{"asctime": "2024-12-20T15:09:37", "msecs": 132.0, "levelname": "INFO", "correlation_id": "-", "name": "integration.handlers.get_events_handler", "lineno": 20, "message": "getting events starting from 2024-12-20 15:09:27.130123"}
{"asctime": "2024-12-20T15:09:37", "msecs": 135.0, "levelname": "DEBUG", "correlation_id": "-", "name": "integration.services.get_events_service", "lineno": 26, "message": "Fetching events with parameters: {'start_at': datetime.datetime(2024, 12, 20, 15, 9, 27, 130123)}"}
{"asctime": "2024-12-20T15:09:39", "msecs": 191.0, "levelname": "DEBUG", "correlation_id": "-", "name": "integration.services.get_events_service", "lineno": 30, "message": "Response received: Status code 200, Headers: {'date': 'Fri, 20 Dec 2024 15:09:38 GMT', 'server': 'uvicorn', 'content-length': '2090', 'content-type': 'application/json'}"}
{"asctime": "2024-12-20T15:09:39", "msecs": 194.0, "levelname": "INFO", "correlation_id": "-", "name": "integration.services.get_events_service", "lineno": 41, "message": "Events fetched successfully: 18 events found starting at 2024-12-20 15:09:27.130123."}
{"asctime": "2024-12-20T15:09:39", "msecs": 199.0, "levelname": "INFO", "correlation_id": "-", "name": "integration.handlers.all_events_handler", "lineno": 31, "message": "Starting to process events"}
{"asctime": "2024-12-20T15:09:49", "msecs": 214.0, "levelname": "INFO", "correlation_id": "-", "name": "integration.main", "lineno": 25, "message": "Start time --> 2024-12-20 15:09:39.214884"}
{"asctime": "2024-12-20T15:09:49", "msecs": 217.0, "levelname": "INFO", "correlation_id": "-", "name": "integration.handlers.get_events_handler", "lineno": 20, "message": "getting events starting from 2024-12-20 15:09:39.214884"}
{"asctime": "2024-12-20T15:09:49", "msecs": 220.0, "levelname": "DEBUG", "correlation_id": "-", "name": "integration.services.get_events_service", "lineno": 26, "message": "Fetching events with parameters: {'start_at': datetime.datetime(2024, 12, 20, 15, 9, 39, 214884)}"}
{"asctime": "2024-12-20T15:09:51", "msecs": 261.0, "levelname": "DEBUG", "correlation_id": "-", "name": "integration.services.get_events_service", "lineno": 30, "message": "Response received: Status code 200, Headers: {'date': 'Fri, 20 Dec 2024 15:09:50 GMT', 'server': 'uvicorn', 'content-length': '2435', 'content-type': 'application/json'}"}
{"asctime": "2024-12-20T15:09:51", "msecs": 264.0, "levelname": "INFO", "correlation_id": "-", "name": "integration.services.get_events_service", "lineno": 41, "message": "Events fetched successfully: 20 events found starting at 2024-12-20 15:09:39.214884."}
{"asctime": "2024-12-20T15:09:51", "msecs": 269.0, "levelname": "INFO", "correlation_id": "-", "name": "integration.handlers.all_events_handler", "lineno": 31, "message": "Starting to process events"}
{"asctime": "2024-12-20T15:09:51", "msecs": 272.0, "levelname": "INFO", "correlation_id": "-", "name": "integration.handlers.start_event_handler", "lineno": 9, "message": "Starting to handle start event"}
{"asctime": "2024-12-20T15:09:51", "msecs": 274.0, "levelname": "INFO", "correlation_id": "-", "name": "integration.services.event_preprocessing_service", "lineno": 17, "message": "Starting event preprocessing"}
{"asctime": "2024-12-20T15:09:51", "msecs": 276.0, "levelname": "DEBUG", "correlation_id": "-", "name": "integration.services.event_preprocessing_service", "lineno": 18, "message": "event --> {'conversation_id': 26, 'event_name': 'START', 'event_at': 1734707391, 'data': None}"}
{"asctime": "2024-12-20T15:09:51", "msecs": 279.0, "levelname": "INFO", "correlation_id": "-", "name": "integration.services.get_conversation_details_service", "lineno": 26, "message": "Fetching conversation details for conversation_id: 26"}
{"asctime": "2024-12-20T15:09:53", "msecs": 337.0, "levelname": "INFO", "correlation_id": "-", "name": "integration.services.get_conversation_details_service", "lineno": 50, "message": "Conversation details fetched successfully."}
{"asctime": "2024-12-20T15:09:53", "msecs": 340.0, "levelname": "INFO", "correlation_id": "-", "name": "integration.services.get_advisor_service", "lineno": 26, "message": "Fetching advisor details for advisor_id: 5"}
{"asctime": "2024-12-20T15:09:55", "msecs": 384.0, "levelname": "INFO", "correlation_id": "-", "name": "integration.services.get_advisor_service", "lineno": 44, "message": "Advisor details fetched successfully."}
{"asctime": "2024-12-20T15:09:55", "msecs": 386.0, "levelname": "INFO", "correlation_id": "-", "name": "integration.services.is_agent_exist_service", "lineno": 27, "message": "Checking if agent exists for email: josephine_young@company.com"}
{"asctime": "2024-12-20T15:09:57", "msecs": 420.0, "levelname": "INFO", "correlation_id": "-", "name": "integration.services.is_agent_exist_service", "lineno": 42, "message": "No agents found for email: josephine_young@company.com."}
{"asctime": "2024-12-20T15:09:57", "msecs": 423.0, "levelname": "INFO", "correlation_id": "-", "name": "integration.services.event_preprocessing_service", "lineno": 42, "message": "No agent found, creating a new one"}
{"asctime": "2024-12-20T15:09:57", "msecs": 425.0, "levelname": "INFO", "correlation_id": "-", "name": "integration.services.create_agent_service", "lineno": 37, "message": "Creating agent with payload: {'email': 'josephine_young@company.com', 'name': 'Dr Olivia Clarke'}"}
{"asctime": "2024-12-20T15:09:59", "msecs": 487.0, "levelname": "INFO", "correlation_id": "-", "name": "integration.services.create_agent_service", "lineno": 51, "message": "Agent created successfully: {'name': 'Dr Olivia Clarke', 'email': 'josephine_young@company.com', 'agent_id': '27a56186-18cd-4624-85b4-bca46ca69789'}"}
{"asctime": "2024-12-20T15:09:59", "msecs": 491.0, "levelname": "INFO", "correlation_id": "-", "name": "integration.services.event_preprocessing_service", "lineno": 47, "message": "New agent created successfully"}
{"asctime": "2024-12-20T15:09:59", "msecs": 495.0, "levelname": "DEBUG", "correlation_id": "-", "name": "integration.services.start_event_service", "lineno": 40, "message": "Starting event with payload: {'agent_id': '27a56186-18cd-4624-85b4-bca46ca69789', 'started_at': '2024-12-20T15:09:51.000000', 'external_id': '26'}"}
{"asctime": "2024-12-20T15:10:01", "msecs": 538.0, "levelname": "INFO", "correlation_id": "-", "name": "integration.services.start_event_service", "lineno": 58, "message": "Event started successfully: {'agent_id': '27a56186-18cd-4624-85b4-bca46ca69789', 'started_at': '2024-12-20T15:09:51', 'ended_at': None, 'external_id': '26', 'chat_id': '53ae4f5d-cb3f-449d-8c50-578ed61e235b'}"}
{"asctime": "2024-12-20T15:10:01", "msecs": 542.0, "levelname": "INFO", "correlation_id": "-", "name": "integration.services.event_preprocessing_service", "lineno": 75, "message": "Event processed successfully"}
{"asctime": "2024-12-20T15:10:01", "msecs": 545.0, "levelname": "INFO", "correlation_id": "-", "name": "integration.handlers.start_event_handler", "lineno": 19, "message": "Event preprocessing completed successfully"}
{"asctime": "2024-12-20T15:10:01", "msecs": 591.0, "levelname": "INFO", "correlation_id": "-", "name": "integration.handlers.start_event_handler", "lineno": 33, "message": "Start event handled successfully, event saved in database"}
{"asctime": "2024-12-20T15:10:01", "msecs": 594.0, "levelname": "INFO", "correlation_id": "-", "name": "integration.main", "lineno": 25, "message": "Start time --> 2024-12-20 15:09:51.594532"}
{"asctime": "2024-12-20T15:10:01", "msecs": 596.0, "levelname": "INFO", "correlation_id": "-", "name": "integration.handlers.get_events_handler", "lineno": 20, "message": "getting events starting from 2024-12-20 15:09:51.594532"}
{"asctime": "2024-12-20T15:10:01", "msecs": 599.0, "levelname": "DEBUG", "correlation_id": "-", "name": "integration.services.get_events_service", "lineno": 26, "message": "Fetching events with parameters: {'start_at': datetime.datetime(2024, 12, 20, 15, 9, 51, 594532)}"}
{"asctime": "2024-12-20T15:10:03", "msecs": 636.0, "levelname": "DEBUG", "correlation_id": "-", "name": "integration.services.get_events_service", "lineno": 30, "message": "Response received: Status code 200, Headers: {'date': 'Fri, 20 Dec 2024 15:10:03 GMT', 'server': 'uvicorn', 'content-length': '2296', 'content-type': 'application/json'}"}
{"asctime": "2024-12-20T15:10:03", "msecs": 639.0, "levelname": "INFO", "correlation_id": "-", "name": "integration.services.get_events_service", "lineno": 41, "message": "Events fetched successfully: 18 events found starting at 2024-12-20 15:09:51.594532."}
{"asctime": "2024-12-20T15:10:03", "msecs": 643.0, "levelname": "INFO", "correlation_id": "-", "name": "integration.handlers.all_events_handler", "lineno": 31, "message": "Starting to process events"}
{"asctime": "2024-12-20T15:10:13", "msecs": 656.0, "levelname": "INFO", "correlation_id": "-", "name": "integration.main", "lineno": 25, "message": "Start time --> 2024-12-20 15:10:03.656216"}
{"asctime": "2024-12-20T15:10:13", "msecs": 658.0, "levelname": "INFO", "correlation_id": "-", "name": "integration.handlers.get_events_handler", "lineno": 20, "message": "getting events starting from 2024-12-20 15:10:03.656216"}
{"asctime": "2024-12-20T15:10:13", "msecs": 661.0, "levelname": "DEBUG", "correlation_id": "-", "name": "integration.services.get_events_service", "lineno": 26, "message": "Fetching events with parameters: {'start_at': datetime.datetime(2024, 12, 20, 15, 10, 3, 656216)}"}
{"asctime": "2024-12-20T15:10:15", "msecs": 706.0, "levelname": "DEBUG", "correlation_id": "-", "name": "integration.services.get_events_service", "lineno": 30, "message": "Response received: Status code 200, Headers: {'date': 'Fri, 20 Dec 2024 15:10:15 GMT', 'server': 'uvicorn', 'content-length': '2216', 'content-type': 'application/json'}"}
{"asctime": "2024-12-20T15:10:15", "msecs": 709.0, "levelname": "INFO", "correlation_id": "-", "name": "integration.services.get_events_service", "lineno": 41, "message": "Events fetched successfully: 19 events found starting at 2024-12-20 15:10:03.656216."}
{"asctime": "2024-12-20T15:10:15", "msecs": 714.0, "levelname": "INFO", "correlation_id": "-", "name": "integration.handlers.all_events_handler", "lineno": 31, "message": "Starting to process events"}
{"asctime": "2024-12-20T15:10:15", "msecs": 717.0, "levelname": "INFO", "correlation_id": "-", "name": "integration.handlers.start_event_handler", "lineno": 9, "message": "Starting to handle start event"}
{"asctime": "2024-12-20T15:10:15", "msecs": 720.0, "levelname": "INFO", "correlation_id": "-", "name": "integration.services.event_preprocessing_service", "lineno": 17, "message": "Starting event preprocessing"}
{"asctime": "2024-12-20T15:10:15", "msecs": 723.0, "levelname": "DEBUG", "correlation_id": "-", "name": "integration.services.event_preprocessing_service", "lineno": 18, "message": "event --> {'conversation_id': 27, 'event_name': 'START', 'event_at': 1734707415, 'data': None}"}
{"asctime": "2024-12-20T15:10:15", "msecs": 725.0, "levelname": "INFO", "correlation_id": "-", "name": "integration.services.get_conversation_details_service", "lineno": 26, "message": "Fetching conversation details for conversation_id: 27"}
{"asctime": "2024-12-20T15:10:17", "msecs": 767.0, "levelname": "INFO", "correlation_id": "-", "name": "integration.services.get_conversation_details_service", "lineno": 50, "message": "Conversation details fetched successfully."}
{"asctime": "2024-12-20T15:10:17", "msecs": 770.0, "levelname": "INFO", "correlation_id": "-", "name": "integration.services.get_advisor_service", "lineno": 26, "message": "Fetching advisor details for advisor_id: 4"}
{"asctime": "2024-12-20T15:10:19", "msecs": 791.0, "levelname": "INFO", "correlation_id": "-", "name": "integration.services.get_advisor_service", "lineno": 44, "message": "Advisor details fetched successfully."}
{"asctime": "2024-12-20T15:10:19", "msecs": 794.0, "levelname": "INFO", "correlation_id": "-", "name": "integration.services.is_agent_exist_service", "lineno": 27, "message": "Checking if agent exists for email: jacob_jones@company.com"}
{"asctime": "2024-12-20T15:10:21", "msecs": 842.0, "levelname": "INFO", "correlation_id": "-", "name": "integration.services.is_agent_exist_service", "lineno": 45, "message": "Agent fetch successful: 1 agents found."}
{"asctime": "2024-12-20T15:10:21", "msecs": 845.0, "levelname": "DEBUG", "correlation_id": "-", "name": "integration.services.start_event_service", "lineno": 40, "message": "Starting event with payload: {'agent_id': 'ed527412-9923-403e-8890-86849c3ec01f', 'started_at': '2024-12-20T15:10:15.000000', 'external_id': '27'}"}
{"asctime": "2024-12-20T15:10:23", "msecs": 899.0, "levelname": "INFO", "correlation_id": "-", "name": "integration.services.start_event_service", "lineno": 58, "message": "Event started successfully: {'agent_id': 'ed527412-9923-403e-8890-86849c3ec01f', 'started_at': '2024-12-20T15:10:15', 'ended_at': None, 'external_id': '27', 'chat_id': '009e0eb2-6d80-41a8-96e2-ee01f6e4cbf2'}"}
{"asctime": "2024-12-20T15:10:23", "msecs": 905.0, "levelname": "INFO", "correlation_id": "-", "name": "integration.services.event_preprocessing_service", "lineno": 75, "message": "Event processed successfully"}
{"asctime": "2024-12-20T15:10:23", "msecs": 908.0, "levelname": "INFO", "correlation_id": "-", "name": "integration.handlers.start_event_handler", "lineno": 19, "message": "Event preprocessing completed successfully"}
{"asctime": "2024-12-20T15:10:24", "msecs": 41.0, "levelname": "INFO", "correlation_id": "-", "name": "integration.handlers.start_event_handler", "lineno": 33, "message": "Start event handled successfully, event saved in database"}
{"asctime": "2024-12-20T15:10:25", "msecs": 732.0, "levelname": "INFO", "correlation_id": "-", "name": "integration.main", "lineno": 25, "message": "Start time --> 2024-12-20 15:10:15.732838"}
{"asctime": "2024-12-20T15:10:25", "msecs": 734.0, "levelname": "INFO", "correlation_id": "-", "name": "integration.handlers.get_events_handler", "lineno": 20, "message": "getting events starting from 2024-12-20 15:10:15.732838"}
{"asctime": "2024-12-20T15:10:25", "msecs": 738.0, "levelname": "DEBUG", "correlation_id": "-", "name": "integration.services.get_events_service", "lineno": 26, "message": "Fetching events with parameters: {'start_at': datetime.datetime(2024, 12, 20, 15, 10, 15, 732838)}"}
{"asctime": "2024-12-20T15:10:27", "msecs": 791.0, "levelname": "DEBUG", "correlation_id": "-", "name": "integration.services.get_events_service", "lineno": 30, "message": "Response received: Status code 200, Headers: {'date': 'Fri, 20 Dec 2024 15:10:27 GMT', 'server': 'uvicorn', 'content-length': '2495', 'content-type': 'application/json'}"}
{"asctime": "2024-12-20T15:10:27", "msecs": 793.0, "levelname": "INFO", "correlation_id": "-", "name": "integration.services.get_events_service", "lineno": 41, "message": "Events fetched successfully: 22 events found starting at 2024-12-20 15:10:15.732838."}
{"asctime": "2024-12-20T15:10:27", "msecs": 798.0, "levelname": "INFO", "correlation_id": "-", "name": "integration.handlers.all_events_handler", "lineno": 31, "message": "Starting to process events"}
{"asctime": "2024-12-20T15:10:37", "msecs": 820.0, "levelname": "INFO", "correlation_id": "-", "name": "integration.main", "lineno": 25, "message": "Start time --> 2024-12-20 15:10:27.820010"}
{"asctime": "2024-12-20T15:10:37", "msecs": 826.0, "levelname": "INFO", "correlation_id": "-", "name": "integration.handlers.get_events_handler", "lineno": 20, "message": "getting events starting from 2024-12-20 15:10:27.820010"}
{"asctime": "2024-12-20T15:10:37", "msecs": 830.0, "levelname": "DEBUG", "correlation_id": "-", "name": "integration.services.get_events_service", "lineno": 26, "message": "Fetching events with parameters: {'start_at': datetime.datetime(2024, 12, 20, 15, 10, 27, 820010)}"}
{"asctime": "2024-12-20T15:10:39", "msecs": 888.0, "levelname": "DEBUG", "correlation_id": "-", "name": "integration.services.get_events_service", "lineno": 30, "message": "Response received: Status code 200, Headers: {'date': 'Fri, 20 Dec 2024 15:10:39 GMT', 'server': 'uvicorn', 'content-length': '2434', 'content-type': 'application/json'}"}
{"asctime": "2024-12-20T15:10:39", "msecs": 891.0, "levelname": "INFO", "correlation_id": "-", "name": "integration.services.get_events_service", "lineno": 41, "message": "Events fetched successfully: 22 events found starting at 2024-12-20 15:10:27.820010."}
{"asctime": "2024-12-20T15:10:39", "msecs": 895.0, "levelname": "INFO", "correlation_id": "-", "name": "integration.handlers.all_events_handler", "lineno": 31, "message": "Starting to process events"}
{"asctime": "2024-12-20T15:10:39", "msecs": 897.0, "levelname": "INFO", "correlation_id": "-", "name": "integration.handlers.start_event_handler", "lineno": 9, "message": "Starting to handle start event"}
{"asctime": "2024-12-20T15:10:39", "msecs": 899.0, "levelname": "INFO", "correlation_id": "-", "name": "integration.services.event_preprocessing_service", "lineno": 17, "message": "Starting event preprocessing"}
{"asctime": "2024-12-20T15:10:39", "msecs": 902.0, "levelname": "DEBUG", "correlation_id": "-", "name": "integration.services.event_preprocessing_service", "lineno": 18, "message": "event --> {'conversation_id': 28, 'event_name': 'START', 'event_at': 1734707439, 'data': None}"}
{"asctime": "2024-12-20T15:10:39", "msecs": 905.0, "levelname": "INFO", "correlation_id": "-", "name": "integration.services.get_conversation_details_service", "lineno": 26, "message": "Fetching conversation details for conversation_id: 28"}
{"asctime": "2024-12-20T15:10:41", "msecs": 994.0, "levelname": "INFO", "correlation_id": "-", "name": "integration.services.get_conversation_details_service", "lineno": 50, "message": "Conversation details fetched successfully."}
{"asctime": "2024-12-20T15:10:42", "msecs": 0.0, "levelname": "INFO", "correlation_id": "-", "name": "integration.services.get_advisor_service", "lineno": 26, "message": "Fetching advisor details for advisor_id: 9"}
{"asctime": "2024-12-20T15:10:44", "msecs": 45.0, "levelname": "INFO", "correlation_id": "-", "name": "integration.services.get_advisor_service", "lineno": 44, "message": "Advisor details fetched successfully."}
{"asctime": "2024-12-20T15:10:44", "msecs": 49.0, "levelname": "INFO", "correlation_id": "-", "name": "integration.services.is_agent_exist_service", "lineno": 27, "message": "Checking if agent exists for email: ben_burgess@company.com"}
{"asctime": "2024-12-20T15:10:46", "msecs": 99.0, "levelname": "INFO", "correlation_id": "-", "name": "integration.services.is_agent_exist_service", "lineno": 45, "message": "Agent fetch successful: 1 agents found."}
{"asctime": "2024-12-20T15:10:46", "msecs": 102.0, "levelname": "DEBUG", "correlation_id": "-", "name": "integration.services.start_event_service", "lineno": 40, "message": "Starting event with payload: {'agent_id': 'cdbfff46-4329-44a8-ba63-68dbf6bf97c9', 'started_at': '2024-12-20T15:10:39.000000', 'external_id': '28'}"}
{"asctime": "2024-12-20T15:10:48", "msecs": 148.0, "levelname": "INFO", "correlation_id": "-", "name": "integration.services.start_event_service", "lineno": 58, "message": "Event started successfully: {'agent_id': 'cdbfff46-4329-44a8-ba63-68dbf6bf97c9', 'started_at': '2024-12-20T15:10:39', 'ended_at': None, 'external_id': '28', 'chat_id': 'bbf204e4-c6ef-41a2-8d8c-75c3eb8defaa'}"}
{"asctime": "2024-12-20T15:10:48", "msecs": 151.0, "levelname": "INFO", "correlation_id": "-", "name": "integration.services.event_preprocessing_service", "lineno": 75, "message": "Event processed successfully"}
{"asctime": "2024-12-20T15:10:48", "msecs": 153.0, "levelname": "INFO", "correlation_id": "-", "name": "integration.handlers.start_event_handler", "lineno": 19, "message": "Event preprocessing completed successfully"}
{"asctime": "2024-12-20T15:10:48", "msecs": 286.0, "levelname": "INFO", "correlation_id": "-", "name": "integration.handlers.start_event_handler", "lineno": 33, "message": "Start event handled successfully, event saved in database"}
{"asctime": "2024-12-20T15:10:49", "msecs": 905.0, "levelname": "INFO", "correlation_id": "-", "name": "integration.main", "lineno": 25, "message": "Start time --> 2024-12-20 15:10:39.905982"}
{"asctime": "2024-12-20T15:10:49", "msecs": 907.0, "levelname": "INFO", "correlation_id": "-", "name": "integration.handlers.get_events_handler", "lineno": 20, "message": "getting events starting from 2024-12-20 15:10:39.905982"}
{"asctime": "2024-12-20T15:10:49", "msecs": 910.0, "levelname": "DEBUG", "correlation_id": "-", "name": "integration.services.get_events_service", "lineno": 26, "message": "Fetching events with parameters: {'start_at': datetime.datetime(2024, 12, 20, 15, 10, 39, 905982)}"}
{"asctime": "2024-12-20T15:10:51", "msecs": 969.0, "levelname": "DEBUG", "correlation_id": "-", "name": "integration.services.get_events_service", "lineno": 30, "message": "Response received: Status code 200, Headers: {'date': 'Fri, 20 Dec 2024 15:10:51 GMT', 'server': 'uvicorn', 'content-length': '2357', 'content-type': 'application/json'}"}
{"asctime": "2024-12-20T15:10:51", "msecs": 972.0, "levelname": "INFO", "correlation_id": "-", "name": "integration.services.get_events_service", "lineno": 41, "message": "Events fetched successfully: 21 events found starting at 2024-12-20 15:10:39.905982."}
{"asctime": "2024-12-20T15:10:51", "msecs": 976.0, "levelname": "INFO", "correlation_id": "-", "name": "integration.handlers.all_events_handler", "lineno": 31, "message": "Starting to process events"}
{"asctime": "2024-12-20T15:10:51", "msecs": 979.0, "levelname": "INFO", "correlation_id": "-", "name": "integration.handlers.start_event_handler", "lineno": 9, "message": "Starting to handle start event"}
{"asctime": "2024-12-20T15:10:51", "msecs": 981.0, "levelname": "INFO", "correlation_id": "-", "name": "integration.services.event_preprocessing_service", "lineno": 17, "message": "Starting event preprocessing"}
{"asctime": "2024-12-20T15:10:51", "msecs": 984.0, "levelname": "DEBUG", "correlation_id": "-", "name": "integration.services.event_preprocessing_service", "lineno": 18, "message": "event --> {'conversation_id': 29, 'event_name': 'START', 'event_at': 1734707451, 'data': None}"}
{"asctime": "2024-12-20T15:10:51", "msecs": 987.0, "levelname": "INFO", "correlation_id": "-", "name": "integration.services.get_conversation_details_service", "lineno": 26, "message": "Fetching conversation details for conversation_id: 29"}
{"asctime": "2024-12-20T15:10:54", "msecs": 40.0, "levelname": "INFO", "correlation_id": "-", "name": "integration.services.get_conversation_details_service", "lineno": 50, "message": "Conversation details fetched successfully."}
{"asctime": "2024-12-20T15:10:54", "msecs": 44.0, "levelname": "INFO", "correlation_id": "-", "name": "integration.services.get_advisor_service", "lineno": 26, "message": "Fetching advisor details for advisor_id: 8"}
{"asctime": "2024-12-20T15:10:56", "msecs": 89.0, "levelname": "INFO", "correlation_id": "-", "name": "integration.services.get_advisor_service", "lineno": 44, "message": "Advisor details fetched successfully."}
{"asctime": "2024-12-20T15:10:56", "msecs": 92.0, "levelname": "INFO", "correlation_id": "-", "name": "integration.services.is_agent_exist_service", "lineno": 27, "message": "Checking if agent exists for email: dr_judith_knight@company.com"}
{"asctime": "2024-12-20T15:10:58", "msecs": 124.0, "levelname": "INFO", "correlation_id": "-", "name": "integration.services.is_agent_exist_service", "lineno": 45, "message": "Agent fetch successful: 1 agents found."}
{"asctime": "2024-12-20T15:10:58", "msecs": 127.0, "levelname": "DEBUG", "correlation_id": "-", "name": "integration.services.start_event_service", "lineno": 40, "message": "Starting event with payload: {'agent_id': '09ba5e3a-723a-4e80-9591-e2b88a446986', 'started_at': '2024-12-20T15:10:51.000000', 'external_id': '29'}"}
{"asctime": "2024-12-20T15:11:00", "msecs": 191.0, "levelname": "INFO", "correlation_id": "-", "name": "integration.services.start_event_service", "lineno": 58, "message": "Event started successfully: {'agent_id': '09ba5e3a-723a-4e80-9591-e2b88a446986', 'started_at': '2024-12-20T15:10:51', 'ended_at': None, 'external_id': '29', 'chat_id': '3701d6e3-3fb1-4dd7-becc-e55126049f51'}"}
{"asctime": "2024-12-20T15:11:00", "msecs": 195.0, "levelname": "INFO", "correlation_id": "-", "name": "integration.services.event_preprocessing_service", "lineno": 75, "message": "Event processed successfully"}
{"asctime": "2024-12-20T15:11:00", "msecs": 197.0, "levelname": "INFO", "correlation_id": "-", "name": "integration.handlers.start_event_handler", "lineno": 19, "message": "Event preprocessing completed successfully"}
{"asctime": "2024-12-20T15:11:00", "msecs": 244.0, "levelname": "INFO", "correlation_id": "-", "name": "integration.handlers.start_event_handler", "lineno": 33, "message": "Start event handled successfully, event saved in database"}
{"asctime": "2024-12-20T15:11:01", "msecs": 981.0, "levelname": "INFO", "correlation_id": "-", "name": "integration.main", "lineno": 25, "message": "Start time --> 2024-12-20 15:10:51.981065"}
{"asctime": "2024-12-20T15:11:02", "msecs": 9.0, "levelname": "INFO", "correlation_id": "-", "name": "integration.handlers.get_events_handler", "lineno": 20, "message": "getting events starting from 2024-12-20 15:10:51.981065"}
{"asctime": "2024-12-20T15:11:02", "msecs": 15.0, "levelname": "DEBUG", "correlation_id": "-", "name": "integration.services.get_events_service", "lineno": 26, "message": "Fetching events with parameters: {'start_at': datetime.datetime(2024, 12, 20, 15, 10, 51, 981065)}"}
{"asctime": "2024-12-20T15:11:04", "msecs": 77.0, "levelname": "DEBUG", "correlation_id": "-", "name": "integration.services.get_events_service", "lineno": 30, "message": "Response received: Status code 200, Headers: {'date': 'Fri, 20 Dec 2024 15:11:03 GMT', 'server': 'uvicorn', 'content-length': '2910', 'content-type': 'application/json'}"}
{"asctime": "2024-12-20T15:11:04", "msecs": 81.0, "levelname": "INFO", "correlation_id": "-", "name": "integration.services.get_events_service", "lineno": 41, "message": "Events fetched successfully: 25 events found starting at 2024-12-20 15:10:51.981065."}
{"asctime": "2024-12-20T15:11:04", "msecs": 87.0, "levelname": "INFO", "correlation_id": "-", "name": "integration.handlers.all_events_handler", "lineno": 31, "message": "Starting to process events"}
{"asctime": "2024-12-20T15:11:04", "msecs": 89.0, "levelname": "INFO", "correlation_id": "-", "name": "integration.handlers.start_event_handler", "lineno": 9, "message": "Starting to handle start event"}
{"asctime": "2024-12-20T15:11:04", "msecs": 91.0, "levelname": "INFO", "correlation_id": "-", "name": "integration.services.event_preprocessing_service", "lineno": 17, "message": "Starting event preprocessing"}
{"asctime": "2024-12-20T15:11:04", "msecs": 94.0, "levelname": "DEBUG", "correlation_id": "-", "name": "integration.services.event_preprocessing_service", "lineno": 18, "message": "event --> {'conversation_id': 30, 'event_name': 'START', 'event_at': 1734707464, 'data': None}"}
{"asctime": "2024-12-20T15:11:04", "msecs": 98.0, "levelname": "INFO", "correlation_id": "-", "name": "integration.services.get_conversation_details_service", "lineno": 26, "message": "Fetching conversation details for conversation_id: 30"}
{"asctime": "2024-12-20T15:11:06", "msecs": 153.0, "levelname": "INFO", "correlation_id": "-", "name": "integration.services.get_conversation_details_service", "lineno": 50, "message": "Conversation details fetched successfully."}
{"asctime": "2024-12-20T15:11:06", "msecs": 156.0, "levelname": "INFO", "correlation_id": "-", "name": "integration.services.get_advisor_service", "lineno": 26, "message": "Fetching advisor details for advisor_id: 5"}
{"asctime": "2024-12-20T15:11:08", "msecs": 190.0, "levelname": "INFO", "correlation_id": "-", "name": "integration.services.get_advisor_service", "lineno": 44, "message": "Advisor details fetched successfully."}
{"asctime": "2024-12-20T15:11:08", "msecs": 194.0, "levelname": "INFO", "correlation_id": "-", "name": "integration.services.is_agent_exist_service", "lineno": 27, "message": "Checking if agent exists for email: josephine_young@company.com"}
{"asctime": "2024-12-20T15:11:10", "msecs": 233.0, "levelname": "INFO", "correlation_id": "-", "name": "integration.services.is_agent_exist_service", "lineno": 45, "message": "Agent fetch successful: 1 agents found."}
{"asctime": "2024-12-20T15:11:10", "msecs": 236.0, "levelname": "DEBUG", "correlation_id": "-", "name": "integration.services.start_event_service", "lineno": 40, "message": "Starting event with payload: {'agent_id': '27a56186-18cd-4624-85b4-bca46ca69789', 'started_at': '2024-12-20T15:11:04.000000', 'external_id': '30'}"}
{"asctime": "2024-12-20T15:11:12", "msecs": 276.0, "levelname": "INFO", "correlation_id": "-", "name": "integration.services.start_event_service", "lineno": 58, "message": "Event started successfully: {'agent_id': '27a56186-18cd-4624-85b4-bca46ca69789', 'started_at': '2024-12-20T15:11:04', 'ended_at': None, 'external_id': '30', 'chat_id': 'eaf96bc6-1df3-4dd7-ac89-0b516a8abf0d'}"}
{"asctime": "2024-12-20T15:11:12", "msecs": 280.0, "levelname": "INFO", "correlation_id": "-", "name": "integration.services.event_preprocessing_service", "lineno": 75, "message": "Event processed successfully"}
{"asctime": "2024-12-20T15:11:12", "msecs": 282.0, "levelname": "INFO", "correlation_id": "-", "name": "integration.handlers.start_event_handler", "lineno": 19, "message": "Event preprocessing completed successfully"}
{"asctime": "2024-12-20T15:11:12", "msecs": 324.0, "levelname": "INFO", "correlation_id": "-", "name": "integration.handlers.start_event_handler", "lineno": 33, "message": "Start event handled successfully, event saved in database"}
{"asctime": "2024-12-20T15:11:14", "msecs": 106.0, "levelname": "INFO", "correlation_id": "-", "name": "integration.main", "lineno": 25, "message": "Start time --> 2024-12-20 15:11:04.106291"}
{"asctime": "2024-12-20T15:11:14", "msecs": 108.0, "levelname": "INFO", "correlation_id": "-", "name": "integration.handlers.get_events_handler", "lineno": 20, "message": "getting events starting from 2024-12-20 15:11:04.106291"}
{"asctime": "2024-12-20T15:11:14", "msecs": 112.0, "levelname": "DEBUG", "correlation_id": "-", "name": "integration.services.get_events_service", "lineno": 26, "message": "Fetching events with parameters: {'start_at': datetime.datetime(2024, 12, 20, 15, 11, 4, 106291)}"}
{"asctime": "2024-12-20T15:11:16", "msecs": 160.0, "levelname": "DEBUG", "correlation_id": "-", "name": "integration.services.get_events_service", "lineno": 30, "message": "Response received: Status code 200, Headers: {'date': 'Fri, 20 Dec 2024 15:11:15 GMT', 'server': 'uvicorn', 'content-length': '3033', 'content-type': 'application/json'}"}
{"asctime": "2024-12-20T15:11:16", "msecs": 164.0, "levelname": "INFO", "correlation_id": "-", "name": "integration.services.get_events_service", "lineno": 41, "message": "Events fetched successfully: 27 events found starting at 2024-12-20 15:11:04.106291."}
{"asctime": "2024-12-20T15:11:16", "msecs": 168.0, "levelname": "INFO", "correlation_id": "-", "name": "integration.handlers.all_events_handler", "lineno": 31, "message": "Starting to process events"}
{"asctime": "2024-12-20T15:11:16", "msecs": 171.0, "levelname": "INFO", "correlation_id": "-", "name": "integration.handlers.start_event_handler", "lineno": 9, "message": "Starting to handle start event"}
{"asctime": "2024-12-20T15:11:16", "msecs": 174.0, "levelname": "INFO", "correlation_id": "-", "name": "integration.services.event_preprocessing_service", "lineno": 17, "message": "Starting event preprocessing"}
{"asctime": "2024-12-20T15:11:16", "msecs": 177.0, "levelname": "DEBUG", "correlation_id": "-", "name": "integration.services.event_preprocessing_service", "lineno": 18, "message": "event --> {'conversation_id': 31, 'event_name': 'START', 'event_at': 1734707476, 'data': None}"}
{"asctime": "2024-12-20T15:11:16", "msecs": 180.0, "levelname": "INFO", "correlation_id": "-", "name": "integration.services.get_conversation_details_service", "lineno": 26, "message": "Fetching conversation details for conversation_id: 31"}
{"asctime": "2024-12-20T15:11:18", "msecs": 215.0, "levelname": "INFO", "correlation_id": "-", "name": "integration.services.get_conversation_details_service", "lineno": 50, "message": "Conversation details fetched successfully."}
{"asctime": "2024-12-20T15:11:18", "msecs": 218.0, "levelname": "INFO", "correlation_id": "-", "name": "integration.services.get_advisor_service", "lineno": 26, "message": "Fetching advisor details for advisor_id: 3"}
{"asctime": "2024-12-20T15:11:20", "msecs": 269.0, "levelname": "INFO", "correlation_id": "-", "name": "integration.services.get_advisor_service", "lineno": 44, "message": "Advisor details fetched successfully."}
{"asctime": "2024-12-20T15:11:20", "msecs": 271.0, "levelname": "INFO", "correlation_id": "-", "name": "integration.services.is_agent_exist_service", "lineno": 27, "message": "Checking if agent exists for email: june_roberts@company.com"}
{"asctime": "2024-12-20T15:11:22", "msecs": 318.0, "levelname": "INFO", "correlation_id": "-", "name": "integration.services.is_agent_exist_service", "lineno": 45, "message": "Agent fetch successful: 1 agents found."}
{"asctime": "2024-12-20T15:11:22", "msecs": 320.0, "levelname": "DEBUG", "correlation_id": "-", "name": "integration.services.start_event_service", "lineno": 40, "message": "Starting event with payload: {'agent_id': '94e51eff-8635-466d-b8f0-14e230286b95', 'started_at': '2024-12-20T15:11:16.000000', 'external_id': '31'}"}
{"asctime": "2024-12-20T15:11:24", "msecs": 370.0, "levelname": "INFO", "correlation_id": "-", "name": "integration.services.start_event_service", "lineno": 58, "message": "Event started successfully: {'agent_id': '94e51eff-8635-466d-b8f0-14e230286b95', 'started_at': '2024-12-20T15:11:16', 'ended_at': None, 'external_id': '31', 'chat_id': '0bcff4b1-597f-4864-9211-97bbc2811074'}"}
{"asctime": "2024-12-20T15:11:24", "msecs": 373.0, "levelname": "INFO", "correlation_id": "-", "name": "integration.services.event_preprocessing_service", "lineno": 75, "message": "Event processed successfully"}
{"asctime": "2024-12-20T15:11:24", "msecs": 375.0, "levelname": "INFO", "correlation_id": "-", "name": "integration.handlers.start_event_handler", "lineno": 19, "message": "Event preprocessing completed successfully"}
{"asctime": "2024-12-20T15:11:25", "msecs": 459.0, "levelname": "INFO", "correlation_id": "-", "name": "integration.handlers.start_event_handler", "lineno": 33, "message": "Start event handled successfully, event saved in database"}
{"asctime": "2024-12-20T15:11:26", "msecs": 174.0, "levelname": "INFO", "correlation_id": "-", "name": "integration.main", "lineno": 25, "message": "Start time --> 2024-12-20 15:11:16.174316"}
{"asctime": "2024-12-20T15:11:26", "msecs": 176.0, "levelname": "INFO", "correlation_id": "-", "name": "integration.handlers.get_events_handler", "lineno": 20, "message": "getting events starting from 2024-12-20 15:11:16.174316"}
{"asctime": "2024-12-20T15:11:26", "msecs": 178.0, "levelname": "DEBUG", "correlation_id": "-", "name": "integration.services.get_events_service", "lineno": 26, "message": "Fetching events with parameters: {'start_at': datetime.datetime(2024, 12, 20, 15, 11, 16, 174316)}"}
{"asctime": "2024-12-20T15:11:28", "msecs": 229.0, "levelname": "DEBUG", "correlation_id": "-", "name": "integration.services.get_events_service", "lineno": 30, "message": "Response received: Status code 200, Headers: {'date': 'Fri, 20 Dec 2024 15:11:27 GMT', 'server': 'uvicorn', 'content-length': '2995', 'content-type': 'application/json'}"}
{"asctime": "2024-12-20T15:11:28", "msecs": 235.0, "levelname": "INFO", "correlation_id": "-", "name": "integration.services.get_events_service", "lineno": 41, "message": "Events fetched successfully: 28 events found starting at 2024-12-20 15:11:16.174316."}
{"asctime": "2024-12-20T15:11:28", "msecs": 239.0, "levelname": "INFO", "correlation_id": "-", "name": "integration.handlers.all_events_handler", "lineno": 31, "message": "Starting to process events"}
{"asctime": "2024-12-20T15:11:28", "msecs": 242.0, "levelname": "INFO", "correlation_id": "-", "name": "integration.handlers.start_event_handler", "lineno": 9, "message": "Starting to handle start event"}
{"asctime": "2024-12-20T15:11:28", "msecs": 244.0, "levelname": "INFO", "correlation_id": "-", "name": "integration.services.event_preprocessing_service", "lineno": 17, "message": "Starting event preprocessing"}
{"asctime": "2024-12-20T15:11:28", "msecs": 247.0, "levelname": "DEBUG", "correlation_id": "-", "name": "integration.services.event_preprocessing_service", "lineno": 18, "message": "event --> {'conversation_id': 32, 'event_name': 'START', 'event_at': 1734707488, 'data': None}"}
{"asctime": "2024-12-20T15:11:28", "msecs": 250.0, "levelname": "INFO", "correlation_id": "-", "name": "integration.services.get_conversation_details_service", "lineno": 26, "message": "Fetching conversation details for conversation_id: 32"}
{"asctime": "2024-12-20T15:11:30", "msecs": 302.0, "levelname": "INFO", "correlation_id": "-", "name": "integration.services.get_conversation_details_service", "lineno": 50, "message": "Conversation details fetched successfully."}
{"asctime": "2024-12-20T15:11:30", "msecs": 305.0, "levelname": "INFO", "correlation_id": "-", "name": "integration.services.get_advisor_service", "lineno": 26, "message": "Fetching advisor details for advisor_id: 6"}
{"asctime": "2024-12-20T15:11:32", "msecs": 350.0, "levelname": "INFO", "correlation_id": "-", "name": "integration.services.get_advisor_service", "lineno": 44, "message": "Advisor details fetched successfully."}
{"asctime": "2024-12-20T15:11:32", "msecs": 352.0, "levelname": "INFO", "correlation_id": "-", "name": "integration.services.is_agent_exist_service", "lineno": 27, "message": "Checking if agent exists for email: declan_payne@company.com"}
{"asctime": "2024-12-20T15:11:34", "msecs": 400.0, "levelname": "INFO", "correlation_id": "-", "name": "integration.services.is_agent_exist_service", "lineno": 45, "message": "Agent fetch successful: 1 agents found."}
{"asctime": "2024-12-20T15:11:34", "msecs": 402.0, "levelname": "DEBUG", "correlation_id": "-", "name": "integration.services.start_event_service", "lineno": 40, "message": "Starting event with payload: {'agent_id': '368e03b8-ddbe-4d6e-83c8-a1c6cc272d7b', 'started_at': '2024-12-20T15:11:28.000000', 'external_id': '32'}"}
{"asctime": "2024-12-20T15:11:36", "msecs": 462.0, "levelname": "INFO", "correlation_id": "-", "name": "integration.services.start_event_service", "lineno": 58, "message": "Event started successfully: {'agent_id': '368e03b8-ddbe-4d6e-83c8-a1c6cc272d7b', 'started_at': '2024-12-20T15:11:28', 'ended_at': None, 'external_id': '32', 'chat_id': 'ebc58dd1-45ff-4a5c-9a08-d0c95cd90fbb'}"}
{"asctime": "2024-12-20T15:11:36", "msecs": 466.0, "levelname": "INFO", "correlation_id": "-", "name": "integration.services.event_preprocessing_service", "lineno": 75, "message": "Event processed successfully"}
{"asctime": "2024-12-20T15:11:36", "msecs": 469.0, "levelname": "INFO", "correlation_id": "-", "name": "integration.handlers.start_event_handler", "lineno": 19, "message": "Event preprocessing completed successfully"}
{"asctime": "2024-12-20T15:11:36", "msecs": 601.0, "levelname": "INFO", "correlation_id": "-", "name": "integration.handlers.start_event_handler", "lineno": 33, "message": "Start event handled successfully, event saved in database"}
{"asctime": "2024-12-20T15:11:38", "msecs": 239.0, "levelname": "INFO", "correlation_id": "-", "name": "integration.main", "lineno": 25, "message": "Start time --> 2024-12-20 15:11:28.239156"}
{"asctime": "2024-12-20T15:11:38", "msecs": 241.0, "levelname": "INFO", "correlation_id": "-", "name": "integration.handlers.get_events_handler", "lineno": 20, "message": "getting events starting from 2024-12-20 15:11:28.239156"}
{"asctime": "2024-12-20T15:11:38", "msecs": 429.0, "levelname": "DEBUG", "correlation_id": "-", "name": "integration.services.get_events_service", "lineno": 26, "message": "Fetching events with parameters: {'start_at': datetime.datetime(2024, 12, 20, 15, 11, 28, 239156)}"}
{"asctime": "2024-12-20T15:11:40", "msecs": 486.0, "levelname": "DEBUG", "correlation_id": "-", "name": "integration.services.get_events_service", "lineno": 30, "message": "Response received: Status code 500, Headers: {'date': 'Fri, 20 Dec 2024 15:11:39 GMT', 'server': 'uvicorn', 'content-length': '21', 'content-type': 'text/plain; charset=utf-8'}"}
{"asctime": "2024-12-20T15:11:40", "msecs": 489.0, "levelname": "ERROR", "correlation_id": "-", "name": "integration.services.get_events_service", "lineno": 33, "message": "Unhandled status code: 500. Parameters: {'start_at': datetime.datetime(2024, 12, 20, 15, 11, 28, 239156)}"}
{"asctime": "2024-12-20T15:11:40", "msecs": 493.0, "levelname": "WARNING", "correlation_id": "-", "name": "integration.handlers.all_events_handler", "lineno": 29, "message": "No events found"}
{"asctime": "2024-12-20T15:11:50", "msecs": 497.0, "levelname": "INFO", "correlation_id": "-", "name": "integration.main", "lineno": 25, "message": "Start time --> 2024-12-20 15:11:40.497019"}
{"asctime": "2024-12-20T15:11:50", "msecs": 499.0, "levelname": "INFO", "correlation_id": "-", "name": "integration.handlers.get_events_handler", "lineno": 20, "message": "getting events starting from 2024-12-20 15:11:40.497019"}
{"asctime": "2024-12-20T15:11:50", "msecs": 502.0, "levelname": "DEBUG", "correlation_id": "-", "name": "integration.services.get_events_service", "lineno": 26, "message": "Fetching events with parameters: {'start_at': datetime.datetime(2024, 12, 20, 15, 11, 40, 497019)}"}
{"asctime": "2024-12-20T15:11:52", "msecs": 543.0, "levelname": "DEBUG", "correlation_id": "-", "name": "integration.services.get_events_service", "lineno": 30, "message": "Response received: Status code 200, Headers: {'date': 'Fri, 20 Dec 2024 15:11:51 GMT', 'server': 'uvicorn', 'content-length': '3241', 'content-type': 'application/json'}"}
{"asctime": "2024-12-20T15:11:52", "msecs": 545.0, "levelname": "INFO", "correlation_id": "-", "name": "integration.services.get_events_service", "lineno": 41, "message": "Events fetched successfully: 28 events found starting at 2024-12-20 15:11:40.497019."}
{"asctime": "2024-12-20T15:11:52", "msecs": 549.0, "levelname": "INFO", "correlation_id": "-", "name": "integration.handlers.all_events_handler", "lineno": 31, "message": "Starting to process events"}
{"asctime": "2024-12-20T15:11:52", "msecs": 553.0, "levelname": "INFO", "correlation_id": "-", "name": "integration.handlers.start_event_handler", "lineno": 9, "message": "Starting to handle start event"}
{"asctime": "2024-12-20T15:11:52", "msecs": 555.0, "levelname": "INFO", "correlation_id": "-", "name": "integration.services.event_preprocessing_service", "lineno": 17, "message": "Starting event preprocessing"}
{"asctime": "2024-12-20T15:11:52", "msecs": 558.0, "levelname": "DEBUG", "correlation_id": "-", "name": "integration.services.event_preprocessing_service", "lineno": 18, "message": "event --> {'conversation_id': 33, 'event_name': 'START', 'event_at': 1734707512, 'data': None}"}
{"asctime": "2024-12-20T15:11:52", "msecs": 561.0, "levelname": "INFO", "correlation_id": "-", "name": "integration.services.get_conversation_details_service", "lineno": 26, "message": "Fetching conversation details for conversation_id: 33"}
{"asctime": "2024-12-20T15:11:54", "msecs": 614.0, "levelname": "INFO", "correlation_id": "-", "name": "integration.services.get_conversation_details_service", "lineno": 50, "message": "Conversation details fetched successfully."}
{"asctime": "2024-12-20T15:11:54", "msecs": 617.0, "levelname": "INFO", "correlation_id": "-", "name": "integration.services.get_advisor_service", "lineno": 26, "message": "Fetching advisor details for advisor_id: 6"}
{"asctime": "2024-12-20T15:11:56", "msecs": 670.0, "levelname": "INFO", "correlation_id": "-", "name": "integration.services.get_advisor_service", "lineno": 44, "message": "Advisor details fetched successfully."}
{"asctime": "2024-12-20T15:11:56", "msecs": 675.0, "levelname": "INFO", "correlation_id": "-", "name": "integration.services.is_agent_exist_service", "lineno": 27, "message": "Checking if agent exists for email: declan_payne@company.com"}
{"asctime": "2024-12-20T15:11:58", "msecs": 732.0, "levelname": "INFO", "correlation_id": "-", "name": "integration.services.is_agent_exist_service", "lineno": 45, "message": "Agent fetch successful: 1 agents found."}
{"asctime": "2024-12-20T15:11:58", "msecs": 734.0, "levelname": "DEBUG", "correlation_id": "-", "name": "integration.services.start_event_service", "lineno": 40, "message": "Starting event with payload: {'agent_id': '368e03b8-ddbe-4d6e-83c8-a1c6cc272d7b', 'started_at': '2024-12-20T15:11:52.000000', 'external_id': '33'}"}
{"asctime": "2024-12-20T15:12:00", "msecs": 786.0, "levelname": "INFO", "correlation_id": "-", "name": "integration.services.start_event_service", "lineno": 58, "message": "Event started successfully: {'agent_id': '368e03b8-ddbe-4d6e-83c8-a1c6cc272d7b', 'started_at': '2024-12-20T15:11:52', 'ended_at': None, 'external_id': '33', 'chat_id': '0c4e9ca0-d071-42b9-bf0c-b4614cc34aec'}"}
{"asctime": "2024-12-20T15:12:00", "msecs": 791.0, "levelname": "INFO", "correlation_id": "-", "name": "integration.services.event_preprocessing_service", "lineno": 75, "message": "Event processed successfully"}
{"asctime": "2024-12-20T15:12:00", "msecs": 794.0, "levelname": "INFO", "correlation_id": "-", "name": "integration.handlers.start_event_handler", "lineno": 19, "message": "Event preprocessing completed successfully"}
{"asctime": "2024-12-20T15:12:00", "msecs": 841.0, "levelname": "INFO", "correlation_id": "-", "name": "integration.handlers.start_event_handler", "lineno": 33, "message": "Start event handled successfully, event saved in database"}
{"asctime": "2024-12-20T15:12:02", "msecs": 554.0, "levelname": "INFO", "correlation_id": "-", "name": "integration.main", "lineno": 25, "message": "Start time --> 2024-12-20 15:11:52.554687"}
{"asctime": "2024-12-20T15:12:02", "msecs": 557.0, "levelname": "INFO", "correlation_id": "-", "name": "integration.handlers.get_events_handler", "lineno": 20, "message": "getting events starting from 2024-12-20 15:11:52.554687"}
{"asctime": "2024-12-20T15:12:02", "msecs": 560.0, "levelname": "DEBUG", "correlation_id": "-", "name": "integration.services.get_events_service", "lineno": 26, "message": "Fetching events with parameters: {'start_at': datetime.datetime(2024, 12, 20, 15, 11, 52, 554687)}"}
{"asctime": "2024-12-20T15:12:04", "msecs": 614.0, "levelname": "DEBUG", "correlation_id": "-", "name": "integration.services.get_events_service", "lineno": 30, "message": "Response received: Status code 200, Headers: {'date': 'Fri, 20 Dec 2024 15:12:04 GMT', 'server': 'uvicorn', 'content-length': '3118', 'content-type': 'application/json'}"}
{"asctime": "2024-12-20T15:12:04", "msecs": 618.0, "levelname": "INFO", "correlation_id": "-", "name": "integration.services.get_events_service", "lineno": 41, "message": "Events fetched successfully: 28 events found starting at 2024-12-20 15:11:52.554687."}
{"asctime": "2024-12-20T15:12:04", "msecs": 624.0, "levelname": "INFO", "correlation_id": "-", "name": "integration.handlers.all_events_handler", "lineno": 31, "message": "Starting to process events"}
{"asctime": "2024-12-20T15:12:14", "msecs": 626.0, "levelname": "INFO", "correlation_id": "-", "name": "integration.main", "lineno": 25, "message": "Start time --> 2024-12-20 15:12:04.626087"}
{"asctime": "2024-12-20T15:12:14", "msecs": 628.0, "levelname": "INFO", "correlation_id": "-", "name": "integration.handlers.get_events_handler", "lineno": 20, "message": "getting events starting from 2024-12-20 15:12:04.626087"}
{"asctime": "2024-12-20T15:12:14", "msecs": 631.0, "levelname": "DEBUG", "correlation_id": "-", "name": "integration.services.get_events_service", "lineno": 26, "message": "Fetching events with parameters: {'start_at': datetime.datetime(2024, 12, 20, 15, 12, 4, 626087)}"}
{"asctime": "2024-12-20T15:12:16", "msecs": 683.0, "levelname": "DEBUG", "correlation_id": "-", "name": "integration.services.get_events_service", "lineno": 30, "message": "Response received: Status code 200, Headers: {'date': 'Fri, 20 Dec 2024 15:12:16 GMT', 'server': 'uvicorn', 'content-length': '2770', 'content-type': 'application/json'}"}
{"asctime": "2024-12-20T15:12:16", "msecs": 687.0, "levelname": "INFO", "correlation_id": "-", "name": "integration.services.get_events_service", "lineno": 41, "message": "Events fetched successfully: 24 events found starting at 2024-12-20 15:12:04.626087."}
{"asctime": "2024-12-20T15:12:16", "msecs": 693.0, "levelname": "INFO", "correlation_id": "-", "name": "integration.handlers.all_events_handler", "lineno": 31, "message": "Starting to process events"}
{"asctime": "2024-12-20T15:12:26", "msecs": 718.0, "levelname": "INFO", "correlation_id": "-", "name": "integration.main", "lineno": 25, "message": "Start time --> 2024-12-20 15:12:16.718288"}
{"asctime": "2024-12-20T15:12:26", "msecs": 724.0, "levelname": "INFO", "correlation_id": "-", "name": "integration.handlers.get_events_handler", "lineno": 20, "message": "getting events starting from 2024-12-20 15:12:16.718288"}
{"asctime": "2024-12-20T15:12:26", "msecs": 727.0, "levelname": "DEBUG", "correlation_id": "-", "name": "integration.services.get_events_service", "lineno": 26, "message": "Fetching events with parameters: {'start_at': datetime.datetime(2024, 12, 20, 15, 12, 16, 718288)}"}
{"asctime": "2024-12-20T15:12:28", "msecs": 777.0, "levelname": "DEBUG", "correlation_id": "-", "name": "integration.services.get_events_service", "lineno": 30, "message": "Response received: Status code 200, Headers: {'date': 'Fri, 20 Dec 2024 15:12:28 GMT', 'server': 'uvicorn', 'content-length': '2943', 'content-type': 'application/json'}"}
{"asctime": "2024-12-20T15:12:28", "msecs": 779.0, "levelname": "INFO", "correlation_id": "-", "name": "integration.services.get_events_service", "lineno": 41, "message": "Events fetched successfully: 27 events found starting at 2024-12-20 15:12:16.718288."}
{"asctime": "2024-12-20T15:12:28", "msecs": 786.0, "levelname": "INFO", "correlation_id": "-", "name": "integration.handlers.all_events_handler", "lineno": 31, "message": "Starting to process events"}
{"asctime": "2024-12-20T15:12:28", "msecs": 789.0, "levelname": "INFO", "correlation_id": "-", "name": "integration.handlers.start_event_handler", "lineno": 9, "message": "Starting to handle start event"}
{"asctime": "2024-12-20T15:12:28", "msecs": 792.0, "levelname": "INFO", "correlation_id": "-", "name": "integration.services.event_preprocessing_service", "lineno": 17, "message": "Starting event preprocessing"}
{"asctime": "2024-12-20T15:12:28", "msecs": 793.0, "levelname": "DEBUG", "correlation_id": "-", "name": "integration.services.event_preprocessing_service", "lineno": 18, "message": "event --> {'conversation_id': 34, 'event_name': 'START', 'event_at': 1734707548, 'data': None}"}
{"asctime": "2024-12-20T15:12:28", "msecs": 797.0, "levelname": "INFO", "correlation_id": "-", "name": "integration.services.get_conversation_details_service", "lineno": 26, "message": "Fetching conversation details for conversation_id: 34"}
{"asctime": "2024-12-20T15:12:30", "msecs": 830.0, "levelname": "INFO", "correlation_id": "-", "name": "integration.services.get_conversation_details_service", "lineno": 50, "message": "Conversation details fetched successfully."}
{"asctime": "2024-12-20T15:12:30", "msecs": 834.0, "levelname": "INFO", "correlation_id": "-", "name": "integration.services.get_advisor_service", "lineno": 26, "message": "Fetching advisor details for advisor_id: 9"}
{"asctime": "2024-12-20T15:12:32", "msecs": 888.0, "levelname": "INFO", "correlation_id": "-", "name": "integration.services.get_advisor_service", "lineno": 44, "message": "Advisor details fetched successfully."}
{"asctime": "2024-12-20T15:12:32", "msecs": 891.0, "levelname": "INFO", "correlation_id": "-", "name": "integration.services.is_agent_exist_service", "lineno": 27, "message": "Checking if agent exists for email: ben_burgess@company.com"}
{"asctime": "2024-12-20T15:12:34", "msecs": 938.0, "levelname": "INFO", "correlation_id": "-", "name": "integration.services.is_agent_exist_service", "lineno": 45, "message": "Agent fetch successful: 1 agents found."}
{"asctime": "2024-12-20T15:12:34", "msecs": 942.0, "levelname": "DEBUG", "correlation_id": "-", "name": "integration.services.start_event_service", "lineno": 40, "message": "Starting event with payload: {'agent_id': 'cdbfff46-4329-44a8-ba63-68dbf6bf97c9', 'started_at': '2024-12-20T15:12:28.000000', 'external_id': '34'}"}
{"asctime": "2024-12-20T15:12:36", "msecs": 987.0, "levelname": "INFO", "correlation_id": "-", "name": "integration.services.start_event_service", "lineno": 58, "message": "Event started successfully: {'agent_id': 'cdbfff46-4329-44a8-ba63-68dbf6bf97c9', 'started_at': '2024-12-20T15:12:28', 'ended_at': None, 'external_id': '34', 'chat_id': 'c5b47881-6b05-4046-b7f4-cd74b4804cb5'}"}
{"asctime": "2024-12-20T15:12:36", "msecs": 991.0, "levelname": "INFO", "correlation_id": "-", "name": "integration.services.event_preprocessing_service", "lineno": 75, "message": "Event processed successfully"}
{"asctime": "2024-12-20T15:12:36", "msecs": 994.0, "levelname": "INFO", "correlation_id": "-", "name": "integration.handlers.start_event_handler", "lineno": 19, "message": "Event preprocessing completed successfully"}
{"asctime": "2024-12-20T15:12:37", "msecs": 541.0, "levelname": "INFO", "correlation_id": "-", "name": "integration.handlers.start_event_handler", "lineno": 33, "message": "Start event handled successfully, event saved in database"}
{"asctime": "2024-12-20T15:12:38", "msecs": 796.0, "levelname": "INFO", "correlation_id": "-", "name": "integration.main", "lineno": 25, "message": "Start time --> 2024-12-20 15:12:28.796482"}
{"asctime": "2024-12-20T15:12:38", "msecs": 798.0, "levelname": "INFO", "correlation_id": "-", "name": "integration.handlers.get_events_handler", "lineno": 20, "message": "getting events starting from 2024-12-20 15:12:28.796482"}
{"asctime": "2024-12-20T15:12:38", "msecs": 801.0, "levelname": "DEBUG", "correlation_id": "-", "name": "integration.services.get_events_service", "lineno": 26, "message": "Fetching events with parameters: {'start_at': datetime.datetime(2024, 12, 20, 15, 12, 28, 796482)}"}
{"asctime": "2024-12-20T15:12:40", "msecs": 854.0, "levelname": "DEBUG", "correlation_id": "-", "name": "integration.services.get_events_service", "lineno": 30, "message": "Response received: Status code 200, Headers: {'date': 'Fri, 20 Dec 2024 15:12:40 GMT', 'server': 'uvicorn', 'content-length': '3146', 'content-type': 'application/json'}"}
{"asctime": "2024-12-20T15:12:40", "msecs": 858.0, "levelname": "INFO", "correlation_id": "-", "name": "integration.services.get_events_service", "lineno": 41, "message": "Events fetched successfully: 27 events found starting at 2024-12-20 15:12:28.796482."}
{"asctime": "2024-12-20T15:12:40", "msecs": 862.0, "levelname": "INFO", "correlation_id": "-", "name": "integration.handlers.all_events_handler", "lineno": 31, "message": "Starting to process events"}
{"asctime": "2024-12-20T15:12:50", "msecs": 878.0, "levelname": "INFO", "correlation_id": "-", "name": "integration.main", "lineno": 25, "message": "Start time --> 2024-12-20 15:12:40.878502"}
{"asctime": "2024-12-20T15:12:50", "msecs": 882.0, "levelname": "INFO", "correlation_id": "-", "name": "integration.handlers.get_events_handler", "lineno": 20, "message": "getting events starting from 2024-12-20 15:12:40.878502"}
{"asctime": "2024-12-20T15:12:50", "msecs": 885.0, "levelname": "DEBUG", "correlation_id": "-", "name": "integration.services.get_events_service", "lineno": 26, "message": "Fetching events with parameters: {'start_at': datetime.datetime(2024, 12, 20, 15, 12, 40, 878502)}"}
{"asctime": "2024-12-20T15:12:52", "msecs": 921.0, "levelname": "DEBUG", "correlation_id": "-", "name": "integration.services.get_events_service", "lineno": 30, "message": "Response received: Status code 200, Headers: {'date': 'Fri, 20 Dec 2024 15:12:52 GMT', 'server': 'uvicorn', 'content-length': '3269', 'content-type': 'application/json'}"}
{"asctime": "2024-12-20T15:12:52", "msecs": 924.0, "levelname": "INFO", "correlation_id": "-", "name": "integration.services.get_events_service", "lineno": 41, "message": "Events fetched successfully: 28 events found starting at 2024-12-20 15:12:40.878502."}
{"asctime": "2024-12-20T15:12:52", "msecs": 928.0, "levelname": "INFO", "correlation_id": "-", "name": "integration.handlers.all_events_handler", "lineno": 31, "message": "Starting to process events"}
{"asctime": "2024-12-20T15:13:02", "msecs": 941.0, "levelname": "INFO", "correlation_id": "-", "name": "integration.main", "lineno": 25, "message": "Start time --> 2024-12-20 15:12:52.941346"}
{"asctime": "2024-12-20T15:13:02", "msecs": 944.0, "levelname": "INFO", "correlation_id": "-", "name": "integration.handlers.get_events_handler", "lineno": 20, "message": "getting events starting from 2024-12-20 15:12:52.941346"}
{"asctime": "2024-12-20T15:13:02", "msecs": 947.0, "levelname": "DEBUG", "correlation_id": "-", "name": "integration.services.get_events_service", "lineno": 26, "message": "Fetching events with parameters: {'start_at': datetime.datetime(2024, 12, 20, 15, 12, 52, 941346)}"}
{"asctime": "2024-12-20T15:13:04", "msecs": 992.0, "levelname": "DEBUG", "correlation_id": "-", "name": "integration.services.get_events_service", "lineno": 30, "message": "Response received: Status code 200, Headers: {'date': 'Fri, 20 Dec 2024 15:13:04 GMT', 'server': 'uvicorn', 'content-length': '3078', 'content-type': 'application/json'}"}
{"asctime": "2024-12-20T15:13:04", "msecs": 995.0, "levelname": "INFO", "correlation_id": "-", "name": "integration.services.get_events_service", "lineno": 41, "message": "Events fetched successfully: 27 events found starting at 2024-12-20 15:12:52.941346."}
{"asctime": "2024-12-20T15:13:04", "msecs": 999.0, "levelname": "INFO", "correlation_id": "-", "name": "integration.handlers.all_events_handler", "lineno": 31, "message": "Starting to process events"}
{"asctime": "2024-12-20T15:13:15", "msecs": 0.0, "levelname": "INFO", "correlation_id": "-", "name": "integration.main", "lineno": 25, "message": "Start time --> 2024-12-20 15:13:05.000156"}
{"asctime": "2024-12-20T15:13:15", "msecs": 2.0, "levelname": "INFO", "correlation_id": "-", "name": "integration.handlers.get_events_handler", "lineno": 20, "message": "getting events starting from 2024-12-20 15:13:05.000156"}
{"asctime": "2024-12-20T15:13:15", "msecs": 4.0, "levelname": "DEBUG", "correlation_id": "-", "name": "integration.services.get_events_service", "lineno": 26, "message": "Fetching events with parameters: {'start_at': datetime.datetime(2024, 12, 20, 15, 13, 5, 156)}"}
{"asctime": "2024-12-20T15:13:17", "msecs": 90.0, "levelname": "DEBUG", "correlation_id": "-", "name": "integration.services.get_events_service", "lineno": 30, "message": "Response received: Status code 200, Headers: {'date': 'Fri, 20 Dec 2024 15:13:16 GMT', 'server': 'uvicorn', 'content-length': '3368', 'content-type': 'application/json'}"}
{"asctime": "2024-12-20T15:13:17", "msecs": 95.0, "levelname": "INFO", "correlation_id": "-", "name": "integration.services.get_events_service", "lineno": 41, "message": "Events fetched successfully: 28 events found starting at 2024-12-20 15:13:05.000156."}
{"asctime": "2024-12-20T15:13:17", "msecs": 103.0, "levelname": "INFO", "correlation_id": "-", "name": "integration.handlers.all_events_handler", "lineno": 31, "message": "Starting to process events"}
{"asctime": "2024-12-20T15:13:27", "msecs": 110.0, "levelname": "INFO", "correlation_id": "-", "name": "integration.main", "lineno": 25, "message": "Start time --> 2024-12-20 15:13:17.110931"}
{"asctime": "2024-12-20T15:13:27", "msecs": 113.0, "levelname": "INFO", "correlation_id": "-", "name": "integration.handlers.get_events_handler", "lineno": 20, "message": "getting events starting from 2024-12-20 15:13:17.110931"}
{"asctime": "2024-12-20T15:13:27", "msecs": 116.0, "levelname": "DEBUG", "correlation_id": "-", "name": "integration.services.get_events_service", "lineno": 26, "message": "Fetching events with parameters: {'start_at': datetime.datetime(2024, 12, 20, 15, 13, 17, 110931)}"}
{"asctime": "2024-12-20T15:13:29", "msecs": 176.0, "levelname": "DEBUG", "correlation_id": "-", "name": "integration.services.get_events_service", "lineno": 30, "message": "Response received: Status code 200, Headers: {'date': 'Fri, 20 Dec 2024 15:13:28 GMT', 'server': 'uvicorn', 'content-length': '2820', 'content-type': 'application/json'}"}
{"asctime": "2024-12-20T15:13:29", "msecs": 180.0, "levelname": "INFO", "correlation_id": "-", "name": "integration.services.get_events_service", "lineno": 41, "message": "Events fetched successfully: 25 events found starting at 2024-12-20 15:13:17.110931."}
{"asctime": "2024-12-20T15:13:29", "msecs": 185.0, "levelname": "INFO", "correlation_id": "-", "name": "integration.handlers.all_events_handler", "lineno": 31, "message": "Starting to process events"}
{"asctime": "2024-12-20T15:13:39", "msecs": 174.0, "levelname": "INFO", "correlation_id": "-", "name": "integration.main", "lineno": 25, "message": "Start time --> 2024-12-20 15:13:29.174428"}
{"asctime": "2024-12-20T15:13:39", "msecs": 176.0, "levelname": "INFO", "correlation_id": "-", "name": "integration.handlers.get_events_handler", "lineno": 20, "message": "getting events starting from 2024-12-20 15:13:29.174428"}
{"asctime": "2024-12-20T15:13:39", "msecs": 179.0, "levelname": "DEBUG", "correlation_id": "-", "name": "integration.services.get_events_service", "lineno": 26, "message": "Fetching events with parameters: {'start_at': datetime.datetime(2024, 12, 20, 15, 13, 29, 174428)}"}
{"asctime": "2024-12-20T15:13:41", "msecs": 240.0, "levelname": "DEBUG", "correlation_id": "-", "name": "integration.services.get_events_service", "lineno": 30, "message": "Response received: Status code 200, Headers: {'date': 'Fri, 20 Dec 2024 15:13:40 GMT', 'server': 'uvicorn', 'content-length': '3387', 'content-type': 'application/json'}"}
{"asctime": "2024-12-20T15:13:41", "msecs": 243.0, "levelname": "INFO", "correlation_id": "-", "name": "integration.services.get_events_service", "lineno": 41, "message": "Events fetched successfully: 31 events found starting at 2024-12-20 15:13:29.174428."}
{"asctime": "2024-12-20T15:13:41", "msecs": 248.0, "levelname": "INFO", "correlation_id": "-", "name": "integration.handlers.all_events_handler", "lineno": 31, "message": "Starting to process events"}
{"asctime": "2024-12-20T15:13:41", "msecs": 250.0, "levelname": "INFO", "correlation_id": "-", "name": "integration.handlers.start_event_handler", "lineno": 9, "message": "Starting to handle start event"}
{"asctime": "2024-12-20T15:13:41", "msecs": 252.0, "levelname": "INFO", "correlation_id": "-", "name": "integration.services.event_preprocessing_service", "lineno": 17, "message": "Starting event preprocessing"}
{"asctime": "2024-12-20T15:13:41", "msecs": 256.0, "levelname": "DEBUG", "correlation_id": "-", "name": "integration.services.event_preprocessing_service", "lineno": 18, "message": "event --> {'conversation_id': 35, 'event_name': 'START', 'event_at': 1734707621, 'data': None}"}
{"asctime": "2024-12-20T15:13:41", "msecs": 260.0, "levelname": "INFO", "correlation_id": "-", "name": "integration.services.get_conversation_details_service", "lineno": 26, "message": "Fetching conversation details for conversation_id: 35"}
{"asctime": "2024-12-20T15:13:43", "msecs": 328.0, "levelname": "INFO", "correlation_id": "-", "name": "integration.services.get_conversation_details_service", "lineno": 50, "message": "Conversation details fetched successfully."}
{"asctime": "2024-12-20T15:13:43", "msecs": 333.0, "levelname": "INFO", "correlation_id": "-", "name": "integration.services.get_advisor_service", "lineno": 26, "message": "Fetching advisor details for advisor_id: 6"}
{"asctime": "2024-12-20T15:13:45", "msecs": 375.0, "levelname": "INFO", "correlation_id": "-", "name": "integration.services.get_advisor_service", "lineno": 44, "message": "Advisor details fetched successfully."}
{"asctime": "2024-12-20T15:13:45", "msecs": 380.0, "levelname": "INFO", "correlation_id": "-", "name": "integration.services.is_agent_exist_service", "lineno": 27, "message": "Checking if agent exists for email: declan_payne@company.com"}
{"asctime": "2024-12-20T15:13:47", "msecs": 438.0, "levelname": "INFO", "correlation_id": "-", "name": "integration.services.is_agent_exist_service", "lineno": 45, "message": "Agent fetch successful: 1 agents found."}
{"asctime": "2024-12-20T15:13:47", "msecs": 442.0, "levelname": "DEBUG", "correlation_id": "-", "name": "integration.services.start_event_service", "lineno": 40, "message": "Starting event with payload: {'agent_id': '368e03b8-ddbe-4d6e-83c8-a1c6cc272d7b', 'started_at': '2024-12-20T15:13:41.000000', 'external_id': '35'}"}
{"asctime": "2024-12-20T15:13:49", "msecs": 502.0, "levelname": "INFO", "correlation_id": "-", "name": "integration.services.start_event_service", "lineno": 58, "message": "Event started successfully: {'agent_id': '368e03b8-ddbe-4d6e-83c8-a1c6cc272d7b', 'started_at': '2024-12-20T15:13:41', 'ended_at': None, 'external_id': '35', 'chat_id': '73d0c24e-2950-48fe-a577-afee174762dc'}"}
{"asctime": "2024-12-20T15:13:49", "msecs": 509.0, "levelname": "INFO", "correlation_id": "-", "name": "integration.services.event_preprocessing_service", "lineno": 75, "message": "Event processed successfully"}
{"asctime": "2024-12-20T15:13:49", "msecs": 514.0, "levelname": "INFO", "correlation_id": "-", "name": "integration.handlers.start_event_handler", "lineno": 19, "message": "Event preprocessing completed successfully"}
{"asctime": "2024-12-20T15:13:49", "msecs": 646.0, "levelname": "INFO", "correlation_id": "-", "name": "integration.handlers.start_event_handler", "lineno": 33, "message": "Start event handled successfully, event saved in database"}
{"asctime": "2024-12-20T15:13:51", "msecs": 243.0, "levelname": "INFO", "correlation_id": "-", "name": "integration.main", "lineno": 25, "message": "Start time --> 2024-12-20 15:13:41.243090"}
{"asctime": "2024-12-20T15:13:51", "msecs": 246.0, "levelname": "INFO", "correlation_id": "-", "name": "integration.handlers.get_events_handler", "lineno": 20, "message": "getting events starting from 2024-12-20 15:13:41.243090"}
{"asctime": "2024-12-20T15:13:51", "msecs": 249.0, "levelname": "DEBUG", "correlation_id": "-", "name": "integration.services.get_events_service", "lineno": 26, "message": "Fetching events with parameters: {'start_at': datetime.datetime(2024, 12, 20, 15, 13, 41, 243090)}"}
{"asctime": "2024-12-20T15:13:53", "msecs": 299.0, "levelname": "DEBUG", "correlation_id": "-", "name": "integration.services.get_events_service", "lineno": 30, "message": "Response received: Status code 200, Headers: {'date': 'Fri, 20 Dec 2024 15:13:52 GMT', 'server': 'uvicorn', 'content-length': '3198', 'content-type': 'application/json'}"}
{"asctime": "2024-12-20T15:13:53", "msecs": 304.0, "levelname": "INFO", "correlation_id": "-", "name": "integration.services.get_events_service", "lineno": 41, "message": "Events fetched successfully: 30 events found starting at 2024-12-20 15:13:41.243090."}
{"asctime": "2024-12-20T15:13:53", "msecs": 309.0, "levelname": "INFO", "correlation_id": "-", "name": "integration.handlers.all_events_handler", "lineno": 31, "message": "Starting to process events"}
{"asctime": "2024-12-20T15:13:53", "msecs": 314.0, "levelname": "INFO", "correlation_id": "-", "name": "integration.handlers.start_event_handler", "lineno": 9, "message": "Starting to handle start event"}
{"asctime": "2024-12-20T15:13:53", "msecs": 319.0, "levelname": "INFO", "correlation_id": "-", "name": "integration.services.event_preprocessing_service", "lineno": 17, "message": "Starting event preprocessing"}
{"asctime": "2024-12-20T15:13:53", "msecs": 324.0, "levelname": "DEBUG", "correlation_id": "-", "name": "integration.services.event_preprocessing_service", "lineno": 18, "message": "event --> {'conversation_id': 36, 'event_name': 'START', 'event_at': 1734707633, 'data': None}"}
{"asctime": "2024-12-20T15:13:53", "msecs": 327.0, "levelname": "INFO", "correlation_id": "-", "name": "integration.services.get_conversation_details_service", "lineno": 26, "message": "Fetching conversation details for conversation_id: 36"}
{"asctime": "2024-12-20T15:13:55", "msecs": 366.0, "levelname": "INFO", "correlation_id": "-", "name": "integration.services.get_conversation_details_service", "lineno": 50, "message": "Conversation details fetched successfully."}
{"asctime": "2024-12-20T15:13:55", "msecs": 370.0, "levelname": "INFO", "correlation_id": "-", "name": "integration.services.get_advisor_service", "lineno": 26, "message": "Fetching advisor details for advisor_id: 5"}
{"asctime": "2024-12-20T15:13:57", "msecs": 425.0, "levelname": "INFO", "correlation_id": "-", "name": "integration.services.get_advisor_service", "lineno": 44, "message": "Advisor details fetched successfully."}
{"asctime": "2024-12-20T15:13:57", "msecs": 427.0, "levelname": "INFO", "correlation_id": "-", "name": "integration.services.is_agent_exist_service", "lineno": 27, "message": "Checking if agent exists for email: josephine_young@company.com"}
{"asctime": "2024-12-20T15:13:59", "msecs": 474.0, "levelname": "INFO", "correlation_id": "-", "name": "integration.services.is_agent_exist_service", "lineno": 45, "message": "Agent fetch successful: 1 agents found."}
{"asctime": "2024-12-20T15:13:59", "msecs": 480.0, "levelname": "DEBUG", "correlation_id": "-", "name": "integration.services.start_event_service", "lineno": 40, "message": "Starting event with payload: {'agent_id': '27a56186-18cd-4624-85b4-bca46ca69789', 'started_at': '2024-12-20T15:13:53.000000', 'external_id': '36'}"}
{"asctime": "2024-12-20T15:14:01", "msecs": 535.0, "levelname": "INFO", "correlation_id": "-", "name": "integration.services.start_event_service", "lineno": 58, "message": "Event started successfully: {'agent_id': '27a56186-18cd-4624-85b4-bca46ca69789', 'started_at': '2024-12-20T15:13:53', 'ended_at': None, 'external_id': '36', 'chat_id': 'f601d6cc-59c0-458c-bdaf-9ce87da233fe'}"}
{"asctime": "2024-12-20T15:14:01", "msecs": 539.0, "levelname": "INFO", "correlation_id": "-", "name": "integration.services.event_preprocessing_service", "lineno": 75, "message": "Event processed successfully"}
{"asctime": "2024-12-20T15:14:01", "msecs": 541.0, "levelname": "INFO", "correlation_id": "-", "name": "integration.handlers.start_event_handler", "lineno": 19, "message": "Event preprocessing completed successfully"}
{"asctime": "2024-12-20T15:14:01", "msecs": 952.0, "levelname": "INFO", "correlation_id": "-", "name": "integration.handlers.start_event_handler", "lineno": 33, "message": "Start event handled successfully, event saved in database"}
{"asctime": "2024-12-20T15:14:03", "msecs": 308.0, "levelname": "INFO", "correlation_id": "-", "name": "integration.main", "lineno": 25, "message": "Start time --> 2024-12-20 15:13:53.308572"}
{"asctime": "2024-12-20T15:14:03", "msecs": 311.0, "levelname": "INFO", "correlation_id": "-", "name": "integration.handlers.get_events_handler", "lineno": 20, "message": "getting events starting from 2024-12-20 15:13:53.308572"}
{"asctime": "2024-12-20T15:14:03", "msecs": 316.0, "levelname": "DEBUG", "correlation_id": "-", "name": "integration.services.get_events_service", "lineno": 26, "message": "Fetching events with parameters: {'start_at': datetime.datetime(2024, 12, 20, 15, 13, 53, 308572)}"}
{"asctime": "2024-12-20T15:14:05", "msecs": 371.0, "levelname": "DEBUG", "correlation_id": "-", "name": "integration.services.get_events_service", "lineno": 30, "message": "Response received: Status code 200, Headers: {'date': 'Fri, 20 Dec 2024 15:14:04 GMT', 'server': 'uvicorn', 'content-length': '3334', 'content-type': 'application/json'}"}
{"asctime": "2024-12-20T15:14:05", "msecs": 377.0, "levelname": "INFO", "correlation_id": "-", "name": "integration.services.get_events_service", "lineno": 41, "message": "Events fetched successfully: 28 events found starting at 2024-12-20 15:13:53.308572."}
{"asctime": "2024-12-20T15:14:05", "msecs": 383.0, "levelname": "INFO", "correlation_id": "-", "name": "integration.handlers.all_events_handler", "lineno": 31, "message": "Starting to process events"}
{"asctime": "2024-12-20T15:14:15", "msecs": 394.0, "levelname": "INFO", "correlation_id": "-", "name": "integration.main", "lineno": 25, "message": "Start time --> 2024-12-20 15:14:05.394521"}
{"asctime": "2024-12-20T15:14:15", "msecs": 398.0, "levelname": "INFO", "correlation_id": "-", "name": "integration.handlers.get_events_handler", "lineno": 20, "message": "getting events starting from 2024-12-20 15:14:05.394521"}
{"asctime": "2024-12-20T15:14:15", "msecs": 402.0, "levelname": "DEBUG", "correlation_id": "-", "name": "integration.services.get_events_service", "lineno": 26, "message": "Fetching events with parameters: {'start_at': datetime.datetime(2024, 12, 20, 15, 14, 5, 394521)}"}
{"asctime": "2024-12-20T15:14:17", "msecs": 471.0, "levelname": "DEBUG", "correlation_id": "-", "name": "integration.services.get_events_service", "lineno": 30, "message": "Response received: Status code 200, Headers: {'date': 'Fri, 20 Dec 2024 15:14:16 GMT', 'server': 'uvicorn', 'content-length': '3253', 'content-type': 'application/json'}"}
{"asctime": "2024-12-20T15:14:17", "msecs": 477.0, "levelname": "INFO", "correlation_id": "-", "name": "integration.services.get_events_service", "lineno": 41, "message": "Events fetched successfully: 30 events found starting at 2024-12-20 15:14:05.394521."}
{"asctime": "2024-12-20T15:14:17", "msecs": 482.0, "levelname": "INFO", "correlation_id": "-", "name": "integration.handlers.all_events_handler", "lineno": 31, "message": "Starting to process events"}
{"asctime": "2024-12-20T15:14:17", "msecs": 484.0, "levelname": "INFO", "correlation_id": "-", "name": "integration.handlers.start_event_handler", "lineno": 9, "message": "Starting to handle start event"}
{"asctime": "2024-12-20T15:14:17", "msecs": 486.0, "levelname": "INFO", "correlation_id": "-", "name": "integration.services.event_preprocessing_service", "lineno": 17, "message": "Starting event preprocessing"}
{"asctime": "2024-12-20T15:14:17", "msecs": 489.0, "levelname": "DEBUG", "correlation_id": "-", "name": "integration.services.event_preprocessing_service", "lineno": 18, "message": "event --> {'conversation_id': 37, 'event_name': 'START', 'event_at': 1734707657, 'data': None}"}
{"asctime": "2024-12-20T15:14:17", "msecs": 493.0, "levelname": "INFO", "correlation_id": "-", "name": "integration.services.get_conversation_details_service", "lineno": 26, "message": "Fetching conversation details for conversation_id: 37"}
{"asctime": "2024-12-20T15:14:19", "msecs": 560.0, "levelname": "INFO", "correlation_id": "-", "name": "integration.services.get_conversation_details_service", "lineno": 50, "message": "Conversation details fetched successfully."}
{"asctime": "2024-12-20T15:14:19", "msecs": 564.0, "levelname": "INFO", "correlation_id": "-", "name": "integration.services.get_advisor_service", "lineno": 26, "message": "Fetching advisor details for advisor_id: 9"}
{"asctime": "2024-12-20T15:14:21", "msecs": 613.0, "levelname": "INFO", "correlation_id": "-", "name": "integration.services.get_advisor_service", "lineno": 44, "message": "Advisor details fetched successfully."}
{"asctime": "2024-12-20T15:14:21", "msecs": 616.0, "levelname": "INFO", "correlation_id": "-", "name": "integration.services.is_agent_exist_service", "lineno": 27, "message": "Checking if agent exists for email: ben_burgess@company.com"}
{"asctime": "2024-12-20T15:14:23", "msecs": 656.0, "levelname": "INFO", "correlation_id": "-", "name": "integration.services.is_agent_exist_service", "lineno": 45, "message": "Agent fetch successful: 1 agents found."}
{"asctime": "2024-12-20T15:14:23", "msecs": 659.0, "levelname": "DEBUG", "correlation_id": "-", "name": "integration.services.start_event_service", "lineno": 40, "message": "Starting event with payload: {'agent_id': 'cdbfff46-4329-44a8-ba63-68dbf6bf97c9', 'started_at': '2024-12-20T15:14:17.000000', 'external_id': '37'}"}
{"asctime": "2024-12-20T15:14:25", "msecs": 724.0, "levelname": "INFO", "correlation_id": "-", "name": "integration.services.start_event_service", "lineno": 58, "message": "Event started successfully: {'agent_id': 'cdbfff46-4329-44a8-ba63-68dbf6bf97c9', 'started_at': '2024-12-20T15:14:17', 'ended_at': None, 'external_id': '37', 'chat_id': '55eb2012-4be7-4d05-8422-df7dadb43321'}"}
{"asctime": "2024-12-20T15:14:25", "msecs": 733.0, "levelname": "INFO", "correlation_id": "-", "name": "integration.services.event_preprocessing_service", "lineno": 75, "message": "Event processed successfully"}
{"asctime": "2024-12-20T15:14:25", "msecs": 737.0, "levelname": "INFO", "correlation_id": "-", "name": "integration.handlers.start_event_handler", "lineno": 19, "message": "Event preprocessing completed successfully"}
{"asctime": "2024-12-20T15:14:26", "msecs": 466.0, "levelname": "INFO", "correlation_id": "-", "name": "integration.handlers.start_event_handler", "lineno": 33, "message": "Start event handled successfully, event saved in database"}
{"asctime": "2024-12-20T15:14:27", "msecs": 486.0, "levelname": "INFO", "correlation_id": "-", "name": "integration.main", "lineno": 25, "message": "Start time --> 2024-12-20 15:14:17.486272"}
{"asctime": "2024-12-20T15:14:27", "msecs": 489.0, "levelname": "INFO", "correlation_id": "-", "name": "integration.handlers.get_events_handler", "lineno": 20, "message": "getting events starting from 2024-12-20 15:14:17.486272"}
{"asctime": "2024-12-20T15:14:27", "msecs": 493.0, "levelname": "DEBUG", "correlation_id": "-", "name": "integration.services.get_events_service", "lineno": 26, "message": "Fetching events with parameters: {'start_at': datetime.datetime(2024, 12, 20, 15, 14, 17, 486272)}"}
{"asctime": "2024-12-20T15:14:29", "msecs": 559.0, "levelname": "DEBUG", "correlation_id": "-", "name": "integration.services.get_events_service", "lineno": 30, "message": "Response received: Status code 200, Headers: {'date': 'Fri, 20 Dec 2024 15:14:28 GMT', 'server': 'uvicorn', 'content-length': '2705', 'content-type': 'application/json'}"}
{"asctime": "2024-12-20T15:14:29", "msecs": 565.0, "levelname": "INFO", "correlation_id": "-", "name": "integration.services.get_events_service", "lineno": 41, "message": "Events fetched successfully: 24 events found starting at 2024-12-20 15:14:17.486272."}
{"asctime": "2024-12-20T15:14:29", "msecs": 575.0, "levelname": "INFO", "correlation_id": "-", "name": "integration.handlers.all_events_handler", "lineno": 31, "message": "Starting to process events"}
{"asctime": "2024-12-20T15:14:39", "msecs": 588.0, "levelname": "INFO", "correlation_id": "-", "name": "integration.main", "lineno": 25, "message": "Start time --> 2024-12-20 15:14:29.588421"}
{"asctime": "2024-12-20T15:14:39", "msecs": 591.0, "levelname": "INFO", "correlation_id": "-", "name": "integration.handlers.get_events_handler", "lineno": 20, "message": "getting events starting from 2024-12-20 15:14:29.588421"}
{"asctime": "2024-12-20T15:14:39", "msecs": 595.0, "levelname": "DEBUG", "correlation_id": "-", "name": "integration.services.get_events_service", "lineno": 26, "message": "Fetching events with parameters: {'start_at': datetime.datetime(2024, 12, 20, 15, 14, 29, 588421)}"}
{"asctime": "2024-12-20T15:14:41", "msecs": 652.0, "levelname": "DEBUG", "correlation_id": "-", "name": "integration.services.get_events_service", "lineno": 30, "message": "Response received: Status code 200, Headers: {'date': 'Fri, 20 Dec 2024 15:14:40 GMT', 'server': 'uvicorn', 'content-length': '3828', 'content-type': 'application/json'}"}
{"asctime": "2024-12-20T15:14:41", "msecs": 656.0, "levelname": "INFO", "correlation_id": "-", "name": "integration.services.get_events_service", "lineno": 41, "message": "Events fetched successfully: 34 events found starting at 2024-12-20 15:14:29.588421."}
{"asctime": "2024-12-20T15:14:41", "msecs": 660.0, "levelname": "INFO", "correlation_id": "-", "name": "integration.handlers.all_events_handler", "lineno": 31, "message": "Starting to process events"}
{"asctime": "2024-12-20T15:14:41", "msecs": 662.0, "levelname": "INFO", "correlation_id": "-", "name": "integration.handlers.start_event_handler", "lineno": 9, "message": "Starting to handle start event"}
{"asctime": "2024-12-20T15:14:41", "msecs": 665.0, "levelname": "INFO", "correlation_id": "-", "name": "integration.services.event_preprocessing_service", "lineno": 17, "message": "Starting event preprocessing"}
{"asctime": "2024-12-20T15:14:41", "msecs": 669.0, "levelname": "DEBUG", "correlation_id": "-", "name": "integration.services.event_preprocessing_service", "lineno": 18, "message": "event --> {'conversation_id': 38, 'event_name': 'START', 'event_at': 1734707681, 'data': None}"}
{"asctime": "2024-12-20T15:14:41", "msecs": 673.0, "levelname": "INFO", "correlation_id": "-", "name": "integration.services.get_conversation_details_service", "lineno": 26, "message": "Fetching conversation details for conversation_id: 38"}
{"asctime": "2024-12-20T15:14:43", "msecs": 719.0, "levelname": "INFO", "correlation_id": "-", "name": "integration.services.get_conversation_details_service", "lineno": 50, "message": "Conversation details fetched successfully."}
{"asctime": "2024-12-20T15:14:43", "msecs": 722.0, "levelname": "INFO", "correlation_id": "-", "name": "integration.services.get_advisor_service", "lineno": 26, "message": "Fetching advisor details for advisor_id: 4"}
{"asctime": "2024-12-20T15:14:45", "msecs": 767.0, "levelname": "INFO", "correlation_id": "-", "name": "integration.services.get_advisor_service", "lineno": 44, "message": "Advisor details fetched successfully."}
{"asctime": "2024-12-20T15:14:45", "msecs": 770.0, "levelname": "INFO", "correlation_id": "-", "name": "integration.services.is_agent_exist_service", "lineno": 27, "message": "Checking if agent exists for email: jacob_jones@company.com"}
{"asctime": "2024-12-20T15:14:47", "msecs": 817.0, "levelname": "INFO", "correlation_id": "-", "name": "integration.services.is_agent_exist_service", "lineno": 45, "message": "Agent fetch successful: 1 agents found."}
{"asctime": "2024-12-20T15:14:47", "msecs": 819.0, "levelname": "DEBUG", "correlation_id": "-", "name": "integration.services.start_event_service", "lineno": 40, "message": "Starting event with payload: {'agent_id': 'ed527412-9923-403e-8890-86849c3ec01f', 'started_at': '2024-12-20T15:14:41.000000', 'external_id': '38'}"}
{"asctime": "2024-12-20T15:14:49", "msecs": 874.0, "levelname": "INFO", "correlation_id": "-", "name": "integration.services.start_event_service", "lineno": 58, "message": "Event started successfully: {'agent_id': 'ed527412-9923-403e-8890-86849c3ec01f', 'started_at': '2024-12-20T15:14:41', 'ended_at': None, 'external_id': '38', 'chat_id': '0fa5d095-8211-410d-b7b8-0ef6e7882922'}"}
{"asctime": "2024-12-20T15:14:49", "msecs": 877.0, "levelname": "INFO", "correlation_id": "-", "name": "integration.services.event_preprocessing_service", "lineno": 75, "message": "Event processed successfully"}
{"asctime": "2024-12-20T15:14:49", "msecs": 879.0, "levelname": "INFO", "correlation_id": "-", "name": "integration.handlers.start_event_handler", "lineno": 19, "message": "Event preprocessing completed successfully"}
{"asctime": "2024-12-20T15:14:50", "msecs": 8.0, "levelname": "INFO", "correlation_id": "-", "name": "integration.handlers.start_event_handler", "lineno": 33, "message": "Start event handled successfully, event saved in database"}
{"asctime": "2024-12-20T15:14:51", "msecs": 685.0, "levelname": "INFO", "correlation_id": "-", "name": "integration.main", "lineno": 25, "message": "Start time --> 2024-12-20 15:14:41.685975"}
{"asctime": "2024-12-20T15:14:51", "msecs": 687.0, "levelname": "INFO", "correlation_id": "-", "name": "integration.handlers.get_events_handler", "lineno": 20, "message": "getting events starting from 2024-12-20 15:14:41.685975"}
{"asctime": "2024-12-20T15:14:51", "msecs": 690.0, "levelname": "DEBUG", "correlation_id": "-", "name": "integration.services.get_events_service", "lineno": 26, "message": "Fetching events with parameters: {'start_at': datetime.datetime(2024, 12, 20, 15, 14, 41, 685975)}"}
{"asctime": "2024-12-20T15:14:53", "msecs": 735.0, "levelname": "DEBUG", "correlation_id": "-", "name": "integration.services.get_events_service", "lineno": 30, "message": "Response received: Status code 200, Headers: {'date': 'Fri, 20 Dec 2024 15:14:52 GMT', 'server': 'uvicorn', 'content-length': '3509', 'content-type': 'application/json'}"}
{"asctime": "2024-12-20T15:14:53", "msecs": 738.0, "levelname": "INFO", "correlation_id": "-", "name": "integration.services.get_events_service", "lineno": 41, "message": "Events fetched successfully: 32 events found starting at 2024-12-20 15:14:41.685975."}
{"asctime": "2024-12-20T15:14:53", "msecs": 743.0, "levelname": "INFO", "correlation_id": "-", "name": "integration.handlers.all_events_handler", "lineno": 31, "message": "Starting to process events"}
{"asctime": "2024-12-20T15:14:53", "msecs": 747.0, "levelname": "INFO", "correlation_id": "-", "name": "integration.handlers.start_event_handler", "lineno": 9, "message": "Starting to handle start event"}
{"asctime": "2024-12-20T15:14:53", "msecs": 751.0, "levelname": "INFO", "correlation_id": "-", "name": "integration.services.event_preprocessing_service", "lineno": 17, "message": "Starting event preprocessing"}
{"asctime": "2024-12-20T15:14:53", "msecs": 754.0, "levelname": "DEBUG", "correlation_id": "-", "name": "integration.services.event_preprocessing_service", "lineno": 18, "message": "event --> {'conversation_id': 39, 'event_name': 'START', 'event_at': 1734707693, 'data': None}"}
{"asctime": "2024-12-20T15:14:53", "msecs": 759.0, "levelname": "INFO", "correlation_id": "-", "name": "integration.services.get_conversation_details_service", "lineno": 26, "message": "Fetching conversation details for conversation_id: 39"}
{"asctime": "2024-12-20T15:14:55", "msecs": 795.0, "levelname": "INFO", "correlation_id": "-", "name": "integration.services.get_conversation_details_service", "lineno": 50, "message": "Conversation details fetched successfully."}
{"asctime": "2024-12-20T15:14:55", "msecs": 798.0, "levelname": "INFO", "correlation_id": "-", "name": "integration.services.get_advisor_service", "lineno": 26, "message": "Fetching advisor details for advisor_id: 2"}
{"asctime": "2024-12-20T15:14:57", "msecs": 844.0, "levelname": "INFO", "correlation_id": "-", "name": "integration.services.get_advisor_service", "lineno": 44, "message": "Advisor details fetched successfully."}
{"asctime": "2024-12-20T15:14:57", "msecs": 846.0, "levelname": "INFO", "correlation_id": "-", "name": "integration.services.is_agent_exist_service", "lineno": 27, "message": "Checking if agent exists for email: nigel_welch@company.com"}
{"asctime": "2024-12-20T15:14:59", "msecs": 874.0, "levelname": "INFO", "correlation_id": "-", "name": "integration.services.is_agent_exist_service", "lineno": 45, "message": "Agent fetch successful: 1 agents found."}
{"asctime": "2024-12-20T15:14:59", "msecs": 877.0, "levelname": "DEBUG", "correlation_id": "-", "name": "integration.services.start_event_service", "lineno": 40, "message": "Starting event with payload: {'agent_id': 'f11b0a0f-0a23-4a05-8b5d-c39555def746', 'started_at': '2024-12-20T15:14:53.000000', 'external_id': '39'}"}
{"asctime": "2024-12-20T15:15:01", "msecs": 938.0, "levelname": "INFO", "correlation_id": "-", "name": "integration.services.start_event_service", "lineno": 58, "message": "Event started successfully: {'agent_id': 'f11b0a0f-0a23-4a05-8b5d-c39555def746', 'started_at': '2024-12-20T15:14:53', 'ended_at': None, 'external_id': '39', 'chat_id': 'be1dd68e-3eb4-4cae-b452-04b55020fcba'}"}
{"asctime": "2024-12-20T15:15:01", "msecs": 941.0, "levelname": "INFO", "correlation_id": "-", "name": "integration.services.event_preprocessing_service", "lineno": 75, "message": "Event processed successfully"}
{"asctime": "2024-12-20T15:15:01", "msecs": 944.0, "levelname": "INFO", "correlation_id": "-", "name": "integration.handlers.start_event_handler", "lineno": 19, "message": "Event preprocessing completed successfully"}
{"asctime": "2024-12-20T15:15:02", "msecs": 97.0, "levelname": "INFO", "correlation_id": "-", "name": "integration.handlers.start_event_handler", "lineno": 33, "message": "Start event handled successfully, event saved in database"}
{"asctime": "2024-12-20T15:15:03", "msecs": 762.0, "levelname": "INFO", "correlation_id": "-", "name": "integration.main", "lineno": 25, "message": "Start time --> 2024-12-20 15:14:53.762835"}
{"asctime": "2024-12-20T15:15:03", "msecs": 766.0, "levelname": "INFO", "correlation_id": "-", "name": "integration.handlers.get_events_handler", "lineno": 20, "message": "getting events starting from 2024-12-20 15:14:53.762835"}
{"asctime": "2024-12-20T15:15:03", "msecs": 771.0, "levelname": "DEBUG", "correlation_id": "-", "name": "integration.services.get_events_service", "lineno": 26, "message": "Fetching events with parameters: {'start_at': datetime.datetime(2024, 12, 20, 15, 14, 53, 762835)}"}
{"asctime": "2024-12-20T15:15:05", "msecs": 854.0, "levelname": "DEBUG", "correlation_id": "-", "name": "integration.services.get_events_service", "lineno": 30, "message": "Response received: Status code 200, Headers: {'date': 'Fri, 20 Dec 2024 15:15:04 GMT', 'server': 'uvicorn', 'content-length': '4386', 'content-type': 'application/json'}"}
{"asctime": "2024-12-20T15:15:05", "msecs": 862.0, "levelname": "INFO", "correlation_id": "-", "name": "integration.services.get_events_service", "lineno": 41, "message": "Events fetched successfully: 36 events found starting at 2024-12-20 15:14:53.762835."}
{"asctime": "2024-12-20T15:15:05", "msecs": 870.0, "levelname": "INFO", "correlation_id": "-", "name": "integration.handlers.all_events_handler", "lineno": 31, "message": "Starting to process events"}
{"asctime": "2024-12-20T15:15:15", "msecs": 876.0, "levelname": "INFO", "correlation_id": "-", "name": "integration.main", "lineno": 25, "message": "Start time --> 2024-12-20 15:15:05.876631"}
{"asctime": "2024-12-20T15:15:15", "msecs": 879.0, "levelname": "INFO", "correlation_id": "-", "name": "integration.handlers.get_events_handler", "lineno": 20, "message": "getting events starting from 2024-12-20 15:15:05.876631"}
{"asctime": "2024-12-20T15:15:15", "msecs": 883.0, "levelname": "DEBUG", "correlation_id": "-", "name": "integration.services.get_events_service", "lineno": 26, "message": "Fetching events with parameters: {'start_at': datetime.datetime(2024, 12, 20, 15, 15, 5, 876631)}"}
{"asctime": "2024-12-20T15:15:17", "msecs": 943.0, "levelname": "DEBUG", "correlation_id": "-", "name": "integration.services.get_events_service", "lineno": 30, "message": "Response received: Status code 200, Headers: {'date': 'Fri, 20 Dec 2024 15:15:17 GMT', 'server': 'uvicorn', 'content-length': '3665', 'content-type': 'application/json'}"}
{"asctime": "2024-12-20T15:15:17", "msecs": 949.0, "levelname": "INFO", "correlation_id": "-", "name": "integration.services.get_events_service", "lineno": 41, "message": "Events fetched successfully: 33 events found starting at 2024-12-20 15:15:05.876631."}
{"asctime": "2024-12-20T15:15:17", "msecs": 956.0, "levelname": "INFO", "correlation_id": "-", "name": "integration.handlers.all_events_handler", "lineno": 31, "message": "Starting to process events"}
{"asctime": "2024-12-20T15:15:17", "msecs": 960.0, "levelname": "INFO", "correlation_id": "-", "name": "integration.handlers.start_event_handler", "lineno": 9, "message": "Starting to handle start event"}
{"asctime": "2024-12-20T15:15:17", "msecs": 964.0, "levelname": "INFO", "correlation_id": "-", "name": "integration.services.event_preprocessing_service", "lineno": 17, "message": "Starting event preprocessing"}
{"asctime": "2024-12-20T15:15:17", "msecs": 966.0, "levelname": "DEBUG", "correlation_id": "-", "name": "integration.services.event_preprocessing_service", "lineno": 18, "message": "event --> {'conversation_id': 40, 'event_name': 'START', 'event_at': 1734707717, 'data': None}"}
{"asctime": "2024-12-20T15:15:17", "msecs": 971.0, "levelname": "INFO", "correlation_id": "-", "name": "integration.services.get_conversation_details_service", "lineno": 26, "message": "Fetching conversation details for conversation_id: 40"}
{"asctime": "2024-12-20T15:15:20", "msecs": 18.0, "levelname": "INFO", "correlation_id": "-", "name": "integration.services.get_conversation_details_service", "lineno": 50, "message": "Conversation details fetched successfully."}
{"asctime": "2024-12-20T15:15:20", "msecs": 23.0, "levelname": "INFO", "correlation_id": "-", "name": "integration.services.get_advisor_service", "lineno": 26, "message": "Fetching advisor details for advisor_id: 9"}
{"asctime": "2024-12-20T15:15:22", "msecs": 68.0, "levelname": "INFO", "correlation_id": "-", "name": "integration.services.get_advisor_service", "lineno": 44, "message": "Advisor details fetched successfully."}
{"asctime": "2024-12-20T15:15:22", "msecs": 72.0, "levelname": "INFO", "correlation_id": "-", "name": "integration.services.is_agent_exist_service", "lineno": 27, "message": "Checking if agent exists for email: ben_burgess@company.com"}
{"asctime": "2024-12-20T15:15:24", "msecs": 131.0, "levelname": "INFO", "correlation_id": "-", "name": "integration.services.is_agent_exist_service", "lineno": 45, "message": "Agent fetch successful: 1 agents found."}
{"asctime": "2024-12-20T15:15:24", "msecs": 136.0, "levelname": "DEBUG", "correlation_id": "-", "name": "integration.services.start_event_service", "lineno": 40, "message": "Starting event with payload: {'agent_id': 'cdbfff46-4329-44a8-ba63-68dbf6bf97c9', 'started_at': '2024-12-20T15:15:17.000000', 'external_id': '40'}"}
{"asctime": "2024-12-20T15:15:26", "msecs": 204.0, "levelname": "INFO", "correlation_id": "-", "name": "integration.services.start_event_service", "lineno": 58, "message": "Event started successfully: {'agent_id': 'cdbfff46-4329-44a8-ba63-68dbf6bf97c9', 'started_at': '2024-12-20T15:15:17', 'ended_at': None, 'external_id': '40', 'chat_id': '6348efe4-1117-4338-a153-9c6b743ffa39'}"}
{"asctime": "2024-12-20T15:15:26", "msecs": 209.0, "levelname": "INFO", "correlation_id": "-", "name": "integration.services.event_preprocessing_service", "lineno": 75, "message": "Event processed successfully"}
{"asctime": "2024-12-20T15:15:26", "msecs": 213.0, "levelname": "INFO", "correlation_id": "-", "name": "integration.handlers.start_event_handler", "lineno": 19, "message": "Event preprocessing completed successfully"}
{"asctime": "2024-12-20T15:15:26", "msecs": 428.0, "levelname": "INFO", "correlation_id": "-", "name": "integration.handlers.start_event_handler", "lineno": 33, "message": "Start event handled successfully, event saved in database"}
{"asctime": "2024-12-20T15:15:27", "msecs": 961.0, "levelname": "INFO", "correlation_id": "-", "name": "integration.main", "lineno": 25, "message": "Start time --> 2024-12-20 15:15:17.961952"}
{"asctime": "2024-12-20T15:15:27", "msecs": 963.0, "levelname": "INFO", "correlation_id": "-", "name": "integration.handlers.get_events_handler", "lineno": 20, "message": "getting events starting from 2024-12-20 15:15:17.961952"}
{"asctime": "2024-12-20T15:15:27", "msecs": 967.0, "levelname": "DEBUG", "correlation_id": "-", "name": "integration.services.get_events_service", "lineno": 26, "message": "Fetching events with parameters: {'start_at': datetime.datetime(2024, 12, 20, 15, 15, 17, 961952)}"}
{"asctime": "2024-12-20T15:15:30", "msecs": 45.0, "levelname": "DEBUG", "correlation_id": "-", "name": "integration.services.get_events_service", "lineno": 30, "message": "Response received: Status code 200, Headers: {'date': 'Fri, 20 Dec 2024 15:15:29 GMT', 'server': 'uvicorn', 'content-length': '3634', 'content-type': 'application/json'}"}
{"asctime": "2024-12-20T15:15:30", "msecs": 48.0, "levelname": "INFO", "correlation_id": "-", "name": "integration.services.get_events_service", "lineno": 41, "message": "Events fetched successfully: 34 events found starting at 2024-12-20 15:15:17.961952."}
{"asctime": "2024-12-20T15:15:30", "msecs": 53.0, "levelname": "INFO", "correlation_id": "-", "name": "integration.handlers.all_events_handler", "lineno": 31, "message": "Starting to process events"}
{"asctime": "2024-12-20T15:15:30", "msecs": 57.0, "levelname": "INFO", "correlation_id": "-", "name": "integration.handlers.start_event_handler", "lineno": 9, "message": "Starting to handle start event"}
{"asctime": "2024-12-20T15:15:30", "msecs": 61.0, "levelname": "INFO", "correlation_id": "-", "name": "integration.services.event_preprocessing_service", "lineno": 17, "message": "Starting event preprocessing"}
{"asctime": "2024-12-20T15:15:30", "msecs": 64.0, "levelname": "DEBUG", "correlation_id": "-", "name": "integration.services.event_preprocessing_service", "lineno": 18, "message": "event --> {'conversation_id': 41, 'event_name': 'START', 'event_at': 1734707730, 'data': None}"}
{"asctime": "2024-12-20T15:15:30", "msecs": 68.0, "levelname": "INFO", "correlation_id": "-", "name": "integration.services.get_conversation_details_service", "lineno": 26, "message": "Fetching conversation details for conversation_id: 41"}
{"asctime": "2024-12-20T15:15:32", "msecs": 114.0, "levelname": "INFO", "correlation_id": "-", "name": "integration.services.get_conversation_details_service", "lineno": 50, "message": "Conversation details fetched successfully."}
{"asctime": "2024-12-20T15:15:32", "msecs": 117.0, "levelname": "INFO", "correlation_id": "-", "name": "integration.services.get_advisor_service", "lineno": 26, "message": "Fetching advisor details for advisor_id: 9"}
{"asctime": "2024-12-20T15:15:34", "msecs": 155.0, "levelname": "INFO", "correlation_id": "-", "name": "integration.services.get_advisor_service", "lineno": 44, "message": "Advisor details fetched successfully."}
{"asctime": "2024-12-20T15:15:34", "msecs": 157.0, "levelname": "INFO", "correlation_id": "-", "name": "integration.services.is_agent_exist_service", "lineno": 27, "message": "Checking if agent exists for email: ben_burgess@company.com"}
{"asctime": "2024-12-20T15:15:36", "msecs": 203.0, "levelname": "INFO", "correlation_id": "-", "name": "integration.services.is_agent_exist_service", "lineno": 45, "message": "Agent fetch successful: 1 agents found."}
{"asctime": "2024-12-20T15:15:36", "msecs": 207.0, "levelname": "DEBUG", "correlation_id": "-", "name": "integration.services.start_event_service", "lineno": 40, "message": "Starting event with payload: {'agent_id': 'cdbfff46-4329-44a8-ba63-68dbf6bf97c9', 'started_at': '2024-12-20T15:15:30.000000', 'external_id': '41'}"}
{"asctime": "2024-12-20T15:15:38", "msecs": 263.0, "levelname": "INFO", "correlation_id": "-", "name": "integration.services.start_event_service", "lineno": 58, "message": "Event started successfully: {'agent_id': 'cdbfff46-4329-44a8-ba63-68dbf6bf97c9', 'started_at': '2024-12-20T15:15:30', 'ended_at': None, 'external_id': '41', 'chat_id': '15b70cdf-66d0-41df-a52a-24ca8e0cd043'}"}
{"asctime": "2024-12-20T15:15:38", "msecs": 267.0, "levelname": "INFO", "correlation_id": "-", "name": "integration.services.event_preprocessing_service", "lineno": 75, "message": "Event processed successfully"}
{"asctime": "2024-12-20T15:15:38", "msecs": 269.0, "levelname": "INFO", "correlation_id": "-", "name": "integration.handlers.start_event_handler", "lineno": 19, "message": "Event preprocessing completed successfully"}
{"asctime": "2024-12-20T15:15:38", "msecs": 312.0, "levelname": "INFO", "correlation_id": "-", "name": "integration.handlers.start_event_handler", "lineno": 33, "message": "Start event handled successfully, event saved in database"}
{"asctime": "2024-12-20T15:15:40", "msecs": 51.0, "levelname": "INFO", "correlation_id": "-", "name": "integration.main", "lineno": 25, "message": "Start time --> 2024-12-20 15:15:30.051952"}
{"asctime": "2024-12-20T15:15:40", "msecs": 55.0, "levelname": "INFO", "correlation_id": "-", "name": "integration.handlers.get_events_handler", "lineno": 20, "message": "getting events starting from 2024-12-20 15:15:30.051952"}
{"asctime": "2024-12-20T15:15:40", "msecs": 59.0, "levelname": "DEBUG", "correlation_id": "-", "name": "integration.services.get_events_service", "lineno": 26, "message": "Fetching events with parameters: {'start_at': datetime.datetime(2024, 12, 20, 15, 15, 30, 51952)}"}
{"asctime": "2024-12-20T15:15:42", "msecs": 117.0, "levelname": "DEBUG", "correlation_id": "-", "name": "integration.services.get_events_service", "lineno": 30, "message": "Response received: Status code 200, Headers: {'date': 'Fri, 20 Dec 2024 15:15:41 GMT', 'server': 'uvicorn', 'content-length': '3823', 'content-type': 'application/json'}"}
{"asctime": "2024-12-20T15:15:42", "msecs": 121.0, "levelname": "INFO", "correlation_id": "-", "name": "integration.services.get_events_service", "lineno": 41, "message": "Events fetched successfully: 32 events found starting at 2024-12-20 15:15:30.051952."}
{"asctime": "2024-12-20T15:15:42", "msecs": 126.0, "levelname": "INFO", "correlation_id": "-", "name": "integration.handlers.all_events_handler", "lineno": 31, "message": "Starting to process events"}
{"asctime": "2024-12-20T15:15:52", "msecs": 129.0, "levelname": "INFO", "correlation_id": "-", "name": "integration.main", "lineno": 25, "message": "Start time --> 2024-12-20 15:15:42.129335"}
{"asctime": "2024-12-20T15:15:52", "msecs": 134.0, "levelname": "INFO", "correlation_id": "-", "name": "integration.handlers.get_events_handler", "lineno": 20, "message": "getting events starting from 2024-12-20 15:15:42.129335"}
{"asctime": "2024-12-20T15:15:52", "msecs": 137.0, "levelname": "DEBUG", "correlation_id": "-", "name": "integration.services.get_events_service", "lineno": 26, "message": "Fetching events with parameters: {'start_at': datetime.datetime(2024, 12, 20, 15, 15, 42, 129335)}"}
{"asctime": "2024-12-20T15:15:54", "msecs": 204.0, "levelname": "DEBUG", "correlation_id": "-", "name": "integration.services.get_events_service", "lineno": 30, "message": "Response received: Status code 200, Headers: {'date': 'Fri, 20 Dec 2024 15:15:53 GMT', 'server': 'uvicorn', 'content-length': '3821', 'content-type': 'application/json'}"}
{"asctime": "2024-12-20T15:15:54", "msecs": 207.0, "levelname": "INFO", "correlation_id": "-", "name": "integration.services.get_events_service", "lineno": 41, "message": "Events fetched successfully: 34 events found starting at 2024-12-20 15:15:42.129335."}
{"asctime": "2024-12-20T15:15:54", "msecs": 212.0, "levelname": "INFO", "correlation_id": "-", "name": "integration.handlers.all_events_handler", "lineno": 31, "message": "Starting to process events"}
{"asctime": "2024-12-20T15:16:04", "msecs": 232.0, "levelname": "INFO", "correlation_id": "-", "name": "integration.main", "lineno": 25, "message": "Start time --> 2024-12-20 15:15:54.232549"}
{"asctime": "2024-12-20T15:16:04", "msecs": 235.0, "levelname": "INFO", "correlation_id": "-", "name": "integration.handlers.get_events_handler", "lineno": 20, "message": "getting events starting from 2024-12-20 15:15:54.232549"}
{"asctime": "2024-12-20T15:16:04", "msecs": 238.0, "levelname": "DEBUG", "correlation_id": "-", "name": "integration.services.get_events_service", "lineno": 26, "message": "Fetching events with parameters: {'start_at': datetime.datetime(2024, 12, 20, 15, 15, 54, 232549)}"}
{"asctime": "2024-12-20T15:16:06", "msecs": 299.0, "levelname": "DEBUG", "correlation_id": "-", "name": "integration.services.get_events_service", "lineno": 30, "message": "Response received: Status code 200, Headers: {'date': 'Fri, 20 Dec 2024 15:16:05 GMT', 'server': 'uvicorn', 'content-length': '3593', 'content-type': 'application/json'}"}
{"asctime": "2024-12-20T15:16:06", "msecs": 307.0, "levelname": "INFO", "correlation_id": "-", "name": "integration.services.get_events_service", "lineno": 41, "message": "Events fetched successfully: 31 events found starting at 2024-12-20 15:15:54.232549."}
{"asctime": "2024-12-20T15:16:06", "msecs": 315.0, "levelname": "INFO", "correlation_id": "-", "name": "integration.handlers.all_events_handler", "lineno": 31, "message": "Starting to process events"}
{"asctime": "2024-12-20T15:16:06", "msecs": 319.0, "levelname": "INFO", "correlation_id": "-", "name": "integration.handlers.start_event_handler", "lineno": 9, "message": "Starting to handle start event"}
{"asctime": "2024-12-20T15:16:06", "msecs": 322.0, "levelname": "INFO", "correlation_id": "-", "name": "integration.services.event_preprocessing_service", "lineno": 17, "message": "Starting event preprocessing"}
{"asctime": "2024-12-20T15:16:06", "msecs": 326.0, "levelname": "DEBUG", "correlation_id": "-", "name": "integration.services.event_preprocessing_service", "lineno": 18, "message": "event --> {'conversation_id': 42, 'event_name': 'START', 'event_at': 1734707766, 'data': None}"}
{"asctime": "2024-12-20T15:16:06", "msecs": 331.0, "levelname": "INFO", "correlation_id": "-", "name": "integration.services.get_conversation_details_service", "lineno": 26, "message": "Fetching conversation details for conversation_id: 42"}
{"asctime": "2024-12-20T15:16:08", "msecs": 381.0, "levelname": "INFO", "correlation_id": "-", "name": "integration.services.get_conversation_details_service", "lineno": 50, "message": "Conversation details fetched successfully."}
{"asctime": "2024-12-20T15:16:08", "msecs": 384.0, "levelname": "INFO", "correlation_id": "-", "name": "integration.services.get_advisor_service", "lineno": 26, "message": "Fetching advisor details for advisor_id: 6"}
{"asctime": "2024-12-20T15:16:10", "msecs": 429.0, "levelname": "INFO", "correlation_id": "-", "name": "integration.services.get_advisor_service", "lineno": 44, "message": "Advisor details fetched successfully."}
{"asctime": "2024-12-20T15:16:10", "msecs": 431.0, "levelname": "INFO", "correlation_id": "-", "name": "integration.services.is_agent_exist_service", "lineno": 27, "message": "Checking if agent exists for email: declan_payne@company.com"}
{"asctime": "2024-12-20T15:16:12", "msecs": 474.0, "levelname": "INFO", "correlation_id": "-", "name": "integration.services.is_agent_exist_service", "lineno": 45, "message": "Agent fetch successful: 1 agents found."}
{"asctime": "2024-12-20T15:16:12", "msecs": 478.0, "levelname": "DEBUG", "correlation_id": "-", "name": "integration.services.start_event_service", "lineno": 40, "message": "Starting event with payload: {'agent_id': '368e03b8-ddbe-4d6e-83c8-a1c6cc272d7b', 'started_at': '2024-12-20T15:16:06.000000', 'external_id': '42'}"}
{"asctime": "2024-12-20T15:16:14", "msecs": 515.0, "levelname": "INFO", "correlation_id": "-", "name": "integration.services.start_event_service", "lineno": 58, "message": "Event started successfully: {'agent_id': '368e03b8-ddbe-4d6e-83c8-a1c6cc272d7b', 'started_at': '2024-12-20T15:16:06', 'ended_at': None, 'external_id': '42', 'chat_id': '80345a79-23c7-4ea5-8b56-217a26bca7d8'}"}
{"asctime": "2024-12-20T15:16:14", "msecs": 519.0, "levelname": "INFO", "correlation_id": "-", "name": "integration.services.event_preprocessing_service", "lineno": 75, "message": "Event processed successfully"}
{"asctime": "2024-12-20T15:16:14", "msecs": 521.0, "levelname": "INFO", "correlation_id": "-", "name": "integration.handlers.start_event_handler", "lineno": 19, "message": "Event preprocessing completed successfully"}
{"asctime": "2024-12-20T15:16:14", "msecs": 652.0, "levelname": "INFO", "correlation_id": "-", "name": "integration.handlers.start_event_handler", "lineno": 33, "message": "Start event handled successfully, event saved in database"}
{"asctime": "2024-12-20T15:16:16", "msecs": 336.0, "levelname": "INFO", "correlation_id": "-", "name": "integration.main", "lineno": 25, "message": "Start time --> 2024-12-20 15:16:06.336826"}
{"asctime": "2024-12-20T15:16:16", "msecs": 340.0, "levelname": "INFO", "correlation_id": "-", "name": "integration.handlers.get_events_handler", "lineno": 20, "message": "getting events starting from 2024-12-20 15:16:06.336826"}
{"asctime": "2024-12-20T15:16:16", "msecs": 343.0, "levelname": "DEBUG", "correlation_id": "-", "name": "integration.services.get_events_service", "lineno": 26, "message": "Fetching events with parameters: {'start_at': datetime.datetime(2024, 12, 20, 15, 16, 6, 336826)}"}
{"asctime": "2024-12-20T15:16:18", "msecs": 416.0, "levelname": "DEBUG", "correlation_id": "-", "name": "integration.services.get_events_service", "lineno": 30, "message": "Response received: Status code 200, Headers: {'date': 'Fri, 20 Dec 2024 15:16:17 GMT', 'server': 'uvicorn', 'content-length': '3905', 'content-type': 'application/json'}"}
{"asctime": "2024-12-20T15:16:18", "msecs": 423.0, "levelname": "INFO", "correlation_id": "-", "name": "integration.services.get_events_service", "lineno": 41, "message": "Events fetched successfully: 34 events found starting at 2024-12-20 15:16:06.336826."}
{"asctime": "2024-12-20T15:16:18", "msecs": 431.0, "levelname": "INFO", "correlation_id": "-", "name": "integration.handlers.all_events_handler", "lineno": 31, "message": "Starting to process events"}
{"asctime": "2024-12-20T15:16:28", "msecs": 410.0, "levelname": "INFO", "correlation_id": "-", "name": "integration.main", "lineno": 25, "message": "Start time --> 2024-12-20 15:16:18.410409"}
{"asctime": "2024-12-20T15:16:28", "msecs": 412.0, "levelname": "INFO", "correlation_id": "-", "name": "integration.handlers.get_events_handler", "lineno": 20, "message": "getting events starting from 2024-12-20 15:16:18.410409"}
{"asctime": "2024-12-20T15:16:28", "msecs": 415.0, "levelname": "DEBUG", "correlation_id": "-", "name": "integration.services.get_events_service", "lineno": 26, "message": "Fetching events with parameters: {'start_at': datetime.datetime(2024, 12, 20, 15, 16, 18, 410409)}"}
{"asctime": "2024-12-20T15:16:30", "msecs": 477.0, "levelname": "DEBUG", "correlation_id": "-", "name": "integration.services.get_events_service", "lineno": 30, "message": "Response received: Status code 200, Headers: {'date': 'Fri, 20 Dec 2024 15:16:29 GMT', 'server': 'uvicorn', 'content-length': '3091', 'content-type': 'application/json'}"}
{"asctime": "2024-12-20T15:16:30", "msecs": 483.0, "levelname": "INFO", "correlation_id": "-", "name": "integration.services.get_events_service", "lineno": 41, "message": "Events fetched successfully: 27 events found starting at 2024-12-20 15:16:18.410409."}
{"asctime": "2024-12-20T15:16:30", "msecs": 488.0, "levelname": "INFO", "correlation_id": "-", "name": "integration.handlers.all_events_handler", "lineno": 31, "message": "Starting to process events"}
{"asctime": "2024-12-20T15:16:40", "msecs": 494.0, "levelname": "INFO", "correlation_id": "-", "name": "integration.main", "lineno": 25, "message": "Start time --> 2024-12-20 15:16:30.494298"}
{"asctime": "2024-12-20T15:16:40", "msecs": 497.0, "levelname": "INFO", "correlation_id": "-", "name": "integration.handlers.get_events_handler", "lineno": 20, "message": "getting events starting from 2024-12-20 15:16:30.494298"}
{"asctime": "2024-12-20T15:16:40", "msecs": 501.0, "levelname": "DEBUG", "correlation_id": "-", "name": "integration.services.get_events_service", "lineno": 26, "message": "Fetching events with parameters: {'start_at': datetime.datetime(2024, 12, 20, 15, 16, 30, 494298)}"}
{"asctime": "2024-12-20T15:16:42", "msecs": 579.0, "levelname": "DEBUG", "correlation_id": "-", "name": "integration.services.get_events_service", "lineno": 30, "message": "Response received: Status code 200, Headers: {'date': 'Fri, 20 Dec 2024 15:16:41 GMT', 'server': 'uvicorn', 'content-length': '4138', 'content-type': 'application/json'}"}
{"asctime": "2024-12-20T15:16:42", "msecs": 583.0, "levelname": "INFO", "correlation_id": "-", "name": "integration.services.get_events_service", "lineno": 41, "message": "Events fetched successfully: 36 events found starting at 2024-12-20 15:16:30.494298."}
{"asctime": "2024-12-20T15:16:42", "msecs": 588.0, "levelname": "INFO", "correlation_id": "-", "name": "integration.handlers.all_events_handler", "lineno": 31, "message": "Starting to process events"}
{"asctime": "2024-12-20T15:16:52", "msecs": 604.0, "levelname": "INFO", "correlation_id": "-", "name": "integration.main", "lineno": 25, "message": "Start time --> 2024-12-20 15:16:42.604851"}
{"asctime": "2024-12-20T15:16:52", "msecs": 607.0, "levelname": "INFO", "correlation_id": "-", "name": "integration.handlers.get_events_handler", "lineno": 20, "message": "getting events starting from 2024-12-20 15:16:42.604851"}
{"asctime": "2024-12-20T15:16:52", "msecs": 611.0, "levelname": "DEBUG", "correlation_id": "-", "name": "integration.services.get_events_service", "lineno": 26, "message": "Fetching events with parameters: {'start_at': datetime.datetime(2024, 12, 20, 15, 16, 42, 604851)}"}
{"asctime": "2024-12-20T15:16:54", "msecs": 667.0, "levelname": "DEBUG", "correlation_id": "-", "name": "integration.services.get_events_service", "lineno": 30, "message": "Response received: Status code 200, Headers: {'date': 'Fri, 20 Dec 2024 15:16:53 GMT', 'server': 'uvicorn', 'content-length': '4164', 'content-type': 'application/json'}"}
{"asctime": "2024-12-20T15:16:54", "msecs": 670.0, "levelname": "INFO", "correlation_id": "-", "name": "integration.services.get_events_service", "lineno": 41, "message": "Events fetched successfully: 35 events found starting at 2024-12-20 15:16:42.604851."}
{"asctime": "2024-12-20T15:16:54", "msecs": 676.0, "levelname": "INFO", "correlation_id": "-", "name": "integration.handlers.all_events_handler", "lineno": 31, "message": "Starting to process events"}
{"asctime": "2024-12-20T15:16:54", "msecs": 678.0, "levelname": "INFO", "correlation_id": "-", "name": "integration.handlers.start_event_handler", "lineno": 9, "message": "Starting to handle start event"}
{"asctime": "2024-12-20T15:16:54", "msecs": 680.0, "levelname": "INFO", "correlation_id": "-", "name": "integration.services.event_preprocessing_service", "lineno": 17, "message": "Starting event preprocessing"}
{"asctime": "2024-12-20T15:16:54", "msecs": 683.0, "levelname": "DEBUG", "correlation_id": "-", "name": "integration.services.event_preprocessing_service", "lineno": 18, "message": "event --> {'conversation_id': 43, 'event_name': 'START', 'event_at': 1734707814, 'data': None}"}
{"asctime": "2024-12-20T15:16:54", "msecs": 685.0, "levelname": "INFO", "correlation_id": "-", "name": "integration.services.get_conversation_details_service", "lineno": 26, "message": "Fetching conversation details for conversation_id: 43"}
{"asctime": "2024-12-20T15:16:56", "msecs": 728.0, "levelname": "INFO", "correlation_id": "-", "name": "integration.services.get_conversation_details_service", "lineno": 50, "message": "Conversation details fetched successfully."}
{"asctime": "2024-12-20T15:16:56", "msecs": 731.0, "levelname": "INFO", "correlation_id": "-", "name": "integration.services.get_advisor_service", "lineno": 26, "message": "Fetching advisor details for advisor_id: 9"}
{"asctime": "2024-12-20T15:16:58", "msecs": 780.0, "levelname": "INFO", "correlation_id": "-", "name": "integration.services.get_advisor_service", "lineno": 44, "message": "Advisor details fetched successfully."}
{"asctime": "2024-12-20T15:16:58", "msecs": 783.0, "levelname": "INFO", "correlation_id": "-", "name": "integration.services.is_agent_exist_service", "lineno": 27, "message": "Checking if agent exists for email: ben_burgess@company.com"}
{"asctime": "2024-12-20T15:17:00", "msecs": 844.0, "levelname": "INFO", "correlation_id": "-", "name": "integration.services.is_agent_exist_service", "lineno": 45, "message": "Agent fetch successful: 1 agents found."}
{"asctime": "2024-12-20T15:17:00", "msecs": 846.0, "levelname": "DEBUG", "correlation_id": "-", "name": "integration.services.start_event_service", "lineno": 40, "message": "Starting event with payload: {'agent_id': 'cdbfff46-4329-44a8-ba63-68dbf6bf97c9', 'started_at': '2024-12-20T15:16:54.000000', 'external_id': '43'}"}
{"asctime": "2024-12-20T15:17:02", "msecs": 911.0, "levelname": "INFO", "correlation_id": "-", "name": "integration.services.start_event_service", "lineno": 58, "message": "Event started successfully: {'agent_id': 'cdbfff46-4329-44a8-ba63-68dbf6bf97c9', 'started_at': '2024-12-20T15:16:54', 'ended_at': None, 'external_id': '43', 'chat_id': 'caf8147e-1b17-4f14-829b-3ffaa2cbd7d4'}"}
{"asctime": "2024-12-20T15:17:02", "msecs": 915.0, "levelname": "INFO", "correlation_id": "-", "name": "integration.services.event_preprocessing_service", "lineno": 75, "message": "Event processed successfully"}
{"asctime": "2024-12-20T15:17:02", "msecs": 917.0, "levelname": "INFO", "correlation_id": "-", "name": "integration.handlers.start_event_handler", "lineno": 19, "message": "Event preprocessing completed successfully"}
{"asctime": "2024-12-20T15:17:03", "msecs": 222.0, "levelname": "INFO", "correlation_id": "-", "name": "integration.handlers.start_event_handler", "lineno": 33, "message": "Start event handled successfully, event saved in database"}
{"asctime": "2024-12-20T15:17:04", "msecs": 689.0, "levelname": "INFO", "correlation_id": "-", "name": "integration.main", "lineno": 25, "message": "Start time --> 2024-12-20 15:16:54.689998"}
{"asctime": "2024-12-20T15:17:04", "msecs": 692.0, "levelname": "INFO", "correlation_id": "-", "name": "integration.handlers.get_events_handler", "lineno": 20, "message": "getting events starting from 2024-12-20 15:16:54.689998"}
{"asctime": "2024-12-20T15:17:04", "msecs": 694.0, "levelname": "DEBUG", "correlation_id": "-", "name": "integration.services.get_events_service", "lineno": 26, "message": "Fetching events with parameters: {'start_at': datetime.datetime(2024, 12, 20, 15, 16, 54, 689998)}"}
{"asctime": "2024-12-20T15:17:06", "msecs": 739.0, "levelname": "DEBUG", "correlation_id": "-", "name": "integration.services.get_events_service", "lineno": 30, "message": "Response received: Status code 200, Headers: {'date': 'Fri, 20 Dec 2024 15:17:06 GMT', 'server': 'uvicorn', 'content-length': '3944', 'content-type': 'application/json'}"}
{"asctime": "2024-12-20T15:17:06", "msecs": 743.0, "levelname": "INFO", "correlation_id": "-", "name": "integration.services.get_events_service", "lineno": 41, "message": "Events fetched successfully: 34 events found starting at 2024-12-20 15:16:54.689998."}
{"asctime": "2024-12-20T15:17:06", "msecs": 748.0, "levelname": "INFO", "correlation_id": "-", "name": "integration.handlers.all_events_handler", "lineno": 31, "message": "Starting to process events"}
{"asctime": "2024-12-20T15:17:16", "msecs": 764.0, "levelname": "INFO", "correlation_id": "-", "name": "integration.main", "lineno": 25, "message": "Start time --> 2024-12-20 15:17:06.764264"}
{"asctime": "2024-12-20T15:17:16", "msecs": 766.0, "levelname": "INFO", "correlation_id": "-", "name": "integration.handlers.get_events_handler", "lineno": 20, "message": "getting events starting from 2024-12-20 15:17:06.764264"}
{"asctime": "2024-12-20T15:17:16", "msecs": 769.0, "levelname": "DEBUG", "correlation_id": "-", "name": "integration.services.get_events_service", "lineno": 26, "message": "Fetching events with parameters: {'start_at': datetime.datetime(2024, 12, 20, 15, 17, 6, 764264)}"}
{"asctime": "2024-12-20T15:17:18", "msecs": 819.0, "levelname": "DEBUG", "correlation_id": "-", "name": "integration.services.get_events_service", "lineno": 30, "message": "Response received: Status code 200, Headers: {'date': 'Fri, 20 Dec 2024 15:17:18 GMT', 'server': 'uvicorn', 'content-length': '4545', 'content-type': 'application/json'}"}
{"asctime": "2024-12-20T15:17:18", "msecs": 822.0, "levelname": "INFO", "correlation_id": "-", "name": "integration.services.get_events_service", "lineno": 41, "message": "Events fetched successfully: 39 events found starting at 2024-12-20 15:17:06.764264."}
{"asctime": "2024-12-20T15:17:18", "msecs": 829.0, "levelname": "INFO", "correlation_id": "-", "name": "integration.handlers.all_events_handler", "lineno": 31, "message": "Starting to process events"}
{"asctime": "2024-12-20T15:17:18", "msecs": 832.0, "levelname": "INFO", "correlation_id": "-", "name": "integration.handlers.start_event_handler", "lineno": 9, "message": "Starting to handle start event"}
{"asctime": "2024-12-20T15:17:18", "msecs": 835.0, "levelname": "INFO", "correlation_id": "-", "name": "integration.services.event_preprocessing_service", "lineno": 17, "message": "Starting event preprocessing"}
{"asctime": "2024-12-20T15:17:18", "msecs": 838.0, "levelname": "DEBUG", "correlation_id": "-", "name": "integration.services.event_preprocessing_service", "lineno": 18, "message": "event --> {'conversation_id': 44, 'event_name': 'START', 'event_at': 1734707838, 'data': None}"}
{"asctime": "2024-12-20T15:17:18", "msecs": 843.0, "levelname": "INFO", "correlation_id": "-", "name": "integration.services.get_conversation_details_service", "lineno": 26, "message": "Fetching conversation details for conversation_id: 44"}
{"asctime": "2024-12-20T15:17:20", "msecs": 867.0, "levelname": "INFO", "correlation_id": "-", "name": "integration.services.get_conversation_details_service", "lineno": 50, "message": "Conversation details fetched successfully."}
{"asctime": "2024-12-20T15:17:20", "msecs": 870.0, "levelname": "INFO", "correlation_id": "-", "name": "integration.services.get_advisor_service", "lineno": 26, "message": "Fetching advisor details for advisor_id: 5"}
{"asctime": "2024-12-20T15:17:22", "msecs": 918.0, "levelname": "INFO", "correlation_id": "-", "name": "integration.services.get_advisor_service", "lineno": 44, "message": "Advisor details fetched successfully."}
{"asctime": "2024-12-20T15:17:22", "msecs": 921.0, "levelname": "INFO", "correlation_id": "-", "name": "integration.services.is_agent_exist_service", "lineno": 27, "message": "Checking if agent exists for email: josephine_young@company.com"}
{"asctime": "2024-12-20T15:17:24", "msecs": 969.0, "levelname": "INFO", "correlation_id": "-", "name": "integration.services.is_agent_exist_service", "lineno": 45, "message": "Agent fetch successful: 1 agents found."}
{"asctime": "2024-12-20T15:17:24", "msecs": 971.0, "levelname": "DEBUG", "correlation_id": "-", "name": "integration.services.start_event_service", "lineno": 40, "message": "Starting event with payload: {'agent_id': '27a56186-18cd-4624-85b4-bca46ca69789', 'started_at': '2024-12-20T15:17:18.000000', 'external_id': '44'}"}
{"asctime": "2024-12-20T15:17:27", "msecs": 11.0, "levelname": "INFO", "correlation_id": "-", "name": "integration.services.start_event_service", "lineno": 58, "message": "Event started successfully: {'agent_id': '27a56186-18cd-4624-85b4-bca46ca69789', 'started_at': '2024-12-20T15:17:18', 'ended_at': None, 'external_id': '44', 'chat_id': '38c40268-5bca-48d7-a07e-1bf41e488acb'}"}
{"asctime": "2024-12-20T15:17:27", "msecs": 14.0, "levelname": "INFO", "correlation_id": "-", "name": "integration.services.event_preprocessing_service", "lineno": 75, "message": "Event processed successfully"}
{"asctime": "2024-12-20T15:17:27", "msecs": 16.0, "levelname": "INFO", "correlation_id": "-", "name": "integration.handlers.start_event_handler", "lineno": 19, "message": "Event preprocessing completed successfully"}
{"asctime": "2024-12-20T15:17:27", "msecs": 173.0, "levelname": "INFO", "correlation_id": "-", "name": "integration.handlers.start_event_handler", "lineno": 33, "message": "Start event handled successfully, event saved in database"}
{"asctime": "2024-12-20T15:17:28", "msecs": 857.0, "levelname": "INFO", "correlation_id": "-", "name": "integration.main", "lineno": 25, "message": "Start time --> 2024-12-20 15:17:18.857444"}
{"asctime": "2024-12-20T15:17:28", "msecs": 859.0, "levelname": "INFO", "correlation_id": "-", "name": "integration.handlers.get_events_handler", "lineno": 20, "message": "getting events starting from 2024-12-20 15:17:18.857444"}
{"asctime": "2024-12-20T15:17:28", "msecs": 862.0, "levelname": "DEBUG", "correlation_id": "-", "name": "integration.services.get_events_service", "lineno": 26, "message": "Fetching events with parameters: {'start_at': datetime.datetime(2024, 12, 20, 15, 17, 18, 857444)}"}
{"asctime": "2024-12-20T15:17:30", "msecs": 924.0, "levelname": "DEBUG", "correlation_id": "-", "name": "integration.services.get_events_service", "lineno": 30, "message": "Response received: Status code 200, Headers: {'date': 'Fri, 20 Dec 2024 15:17:30 GMT', 'server': 'uvicorn', 'content-length': '3989', 'content-type': 'application/json'}"}
{"asctime": "2024-12-20T15:17:30", "msecs": 931.0, "levelname": "INFO", "correlation_id": "-", "name": "integration.services.get_events_service", "lineno": 41, "message": "Events fetched successfully: 36 events found starting at 2024-12-20 15:17:18.857444."}
{"asctime": "2024-12-20T15:17:30", "msecs": 937.0, "levelname": "INFO", "correlation_id": "-", "name": "integration.handlers.all_events_handler", "lineno": 31, "message": "Starting to process events"}
{"asctime": "2024-12-20T15:17:40", "msecs": 941.0, "levelname": "INFO", "correlation_id": "-", "name": "integration.main", "lineno": 25, "message": "Start time --> 2024-12-20 15:17:30.941599"}
{"asctime": "2024-12-20T15:17:40", "msecs": 944.0, "levelname": "INFO", "correlation_id": "-", "name": "integration.handlers.get_events_handler", "lineno": 20, "message": "getting events starting from 2024-12-20 15:17:30.941599"}
{"asctime": "2024-12-20T15:17:40", "msecs": 949.0, "levelname": "DEBUG", "correlation_id": "-", "name": "integration.services.get_events_service", "lineno": 26, "message": "Fetching events with parameters: {'start_at': datetime.datetime(2024, 12, 20, 15, 17, 30, 941599)}"}
{"asctime": "2024-12-20T15:17:43", "msecs": 0.0, "levelname": "DEBUG", "correlation_id": "-", "name": "integration.services.get_events_service", "lineno": 30, "message": "Response received: Status code 200, Headers: {'date': 'Fri, 20 Dec 2024 15:17:42 GMT', 'server': 'uvicorn', 'content-length': '3841', 'content-type': 'application/json'}"}
{"asctime": "2024-12-20T15:17:43", "msecs": 3.0, "levelname": "INFO", "correlation_id": "-", "name": "integration.services.get_events_service", "lineno": 41, "message": "Events fetched successfully: 34 events found starting at 2024-12-20 15:17:30.941599."}
{"asctime": "2024-12-20T15:17:43", "msecs": 7.0, "levelname": "INFO", "correlation_id": "-", "name": "integration.handlers.all_events_handler", "lineno": 31, "message": "Starting to process events"}
{"asctime": "2024-12-20T15:17:53", "msecs": 22.0, "levelname": "INFO", "correlation_id": "-", "name": "integration.main", "lineno": 25, "message": "Start time --> 2024-12-20 15:17:43.022247"}
{"asctime": "2024-12-20T15:17:53", "msecs": 25.0, "levelname": "INFO", "correlation_id": "-", "name": "integration.handlers.get_events_handler", "lineno": 20, "message": "getting events starting from 2024-12-20 15:17:43.022247"}
{"asctime": "2024-12-20T15:17:53", "msecs": 29.0, "levelname": "DEBUG", "correlation_id": "-", "name": "integration.services.get_events_service", "lineno": 26, "message": "Fetching events with parameters: {'start_at': datetime.datetime(2024, 12, 20, 15, 17, 43, 22247)}"}
{"asctime": "2024-12-20T15:17:55", "msecs": 82.0, "levelname": "DEBUG", "correlation_id": "-", "name": "integration.services.get_events_service", "lineno": 30, "message": "Response received: Status code 200, Headers: {'date': 'Fri, 20 Dec 2024 15:17:54 GMT', 'server': 'uvicorn', 'content-length': '4733', 'content-type': 'application/json'}"}
{"asctime": "2024-12-20T15:17:55", "msecs": 86.0, "levelname": "INFO", "correlation_id": "-", "name": "integration.services.get_events_service", "lineno": 41, "message": "Events fetched successfully: 39 events found starting at 2024-12-20 15:17:43.022247."}
{"asctime": "2024-12-20T15:17:55", "msecs": 91.0, "levelname": "INFO", "correlation_id": "-", "name": "integration.handlers.all_events_handler", "lineno": 31, "message": "Starting to process events"}
{"asctime": "2024-12-20T15:18:05", "msecs": 108.0, "levelname": "INFO", "correlation_id": "-", "name": "integration.main", "lineno": 25, "message": "Start time --> 2024-12-20 15:17:55.108428"}
{"asctime": "2024-12-20T15:18:05", "msecs": 112.0, "levelname": "INFO", "correlation_id": "-", "name": "integration.handlers.get_events_handler", "lineno": 20, "message": "getting events starting from 2024-12-20 15:17:55.108428"}
{"asctime": "2024-12-20T15:18:05", "msecs": 115.0, "levelname": "DEBUG", "correlation_id": "-", "name": "integration.services.get_events_service", "lineno": 26, "message": "Fetching events with parameters: {'start_at': datetime.datetime(2024, 12, 20, 15, 17, 55, 108428)}"}
{"asctime": "2024-12-20T15:18:07", "msecs": 190.0, "levelname": "DEBUG", "correlation_id": "-", "name": "integration.services.get_events_service", "lineno": 30, "message": "Response received: Status code 200, Headers: {'date': 'Fri, 20 Dec 2024 15:18:06 GMT', 'server': 'uvicorn', 'content-length': '4390', 'content-type': 'application/json'}"}
{"asctime": "2024-12-20T15:18:07", "msecs": 195.0, "levelname": "INFO", "correlation_id": "-", "name": "integration.services.get_events_service", "lineno": 41, "message": "Events fetched successfully: 37 events found starting at 2024-12-20 15:17:55.108428."}
{"asctime": "2024-12-20T15:18:07", "msecs": 200.0, "levelname": "INFO", "correlation_id": "-", "name": "integration.handlers.all_events_handler", "lineno": 31, "message": "Starting to process events"}
{"asctime": "2024-12-20T15:18:17", "msecs": 211.0, "levelname": "INFO", "correlation_id": "-", "name": "integration.main", "lineno": 25, "message": "Start time --> 2024-12-20 15:18:07.211653"}
{"asctime": "2024-12-20T15:18:17", "msecs": 214.0, "levelname": "INFO", "correlation_id": "-", "name": "integration.handlers.get_events_handler", "lineno": 20, "message": "getting events starting from 2024-12-20 15:18:07.211653"}
{"asctime": "2024-12-20T15:18:17", "msecs": 217.0, "levelname": "DEBUG", "correlation_id": "-", "name": "integration.services.get_events_service", "lineno": 26, "message": "Fetching events with parameters: {'start_at': datetime.datetime(2024, 12, 20, 15, 18, 7, 211653)}"}
{"asctime": "2024-12-20T15:18:19", "msecs": 285.0, "levelname": "DEBUG", "correlation_id": "-", "name": "integration.services.get_events_service", "lineno": 30, "message": "Response received: Status code 200, Headers: {'date': 'Fri, 20 Dec 2024 15:18:18 GMT', 'server': 'uvicorn', 'content-length': '4575', 'content-type': 'application/json'}"}
{"asctime": "2024-12-20T15:18:19", "msecs": 288.0, "levelname": "INFO", "correlation_id": "-", "name": "integration.services.get_events_service", "lineno": 41, "message": "Events fetched successfully: 40 events found starting at 2024-12-20 15:18:07.211653."}
{"asctime": "2024-12-20T15:18:19", "msecs": 293.0, "levelname": "INFO", "correlation_id": "-", "name": "integration.handlers.all_events_handler", "lineno": 31, "message": "Starting to process events"}
{"asctime": "2024-12-20T15:18:29", "msecs": 304.0, "levelname": "INFO", "correlation_id": "-", "name": "integration.main", "lineno": 25, "message": "Start time --> 2024-12-20 15:18:19.304297"}
{"asctime": "2024-12-20T15:18:29", "msecs": 306.0, "levelname": "INFO", "correlation_id": "-", "name": "integration.handlers.get_events_handler", "lineno": 20, "message": "getting events starting from 2024-12-20 15:18:19.304297"}
{"asctime": "2024-12-20T15:18:29", "msecs": 308.0, "levelname": "DEBUG", "correlation_id": "-", "name": "integration.services.get_events_service", "lineno": 26, "message": "Fetching events with parameters: {'start_at': datetime.datetime(2024, 12, 20, 15, 18, 19, 304297)}"}
{"asctime": "2024-12-20T15:18:31", "msecs": 354.0, "levelname": "DEBUG", "correlation_id": "-", "name": "integration.services.get_events_service", "lineno": 30, "message": "Response received: Status code 200, Headers: {'date': 'Fri, 20 Dec 2024 15:18:30 GMT', 'server': 'uvicorn', 'content-length': '3792', 'content-type': 'application/json'}"}
{"asctime": "2024-12-20T15:18:31", "msecs": 357.0, "levelname": "INFO", "correlation_id": "-", "name": "integration.services.get_events_service", "lineno": 41, "message": "Events fetched successfully: 34 events found starting at 2024-12-20 15:18:19.304297."}
{"asctime": "2024-12-20T15:18:31", "msecs": 361.0, "levelname": "INFO", "correlation_id": "-", "name": "integration.handlers.all_events_handler", "lineno": 31, "message": "Starting to process events"}
{"asctime": "2024-12-20T15:18:31", "msecs": 364.0, "levelname": "INFO", "correlation_id": "-", "name": "integration.handlers.start_event_handler", "lineno": 9, "message": "Starting to handle start event"}
{"asctime": "2024-12-20T15:18:31", "msecs": 366.0, "levelname": "INFO", "correlation_id": "-", "name": "integration.services.event_preprocessing_service", "lineno": 17, "message": "Starting event preprocessing"}
{"asctime": "2024-12-20T15:18:31", "msecs": 370.0, "levelname": "DEBUG", "correlation_id": "-", "name": "integration.services.event_preprocessing_service", "lineno": 18, "message": "event --> {'conversation_id': 45, 'event_name': 'START', 'event_at': 1734707911, 'data': None}"}
{"asctime": "2024-12-20T15:18:31", "msecs": 374.0, "levelname": "INFO", "correlation_id": "-", "name": "integration.services.get_conversation_details_service", "lineno": 26, "message": "Fetching conversation details for conversation_id: 45"}
{"asctime": "2024-12-20T15:18:33", "msecs": 435.0, "levelname": "INFO", "correlation_id": "-", "name": "integration.services.get_conversation_details_service", "lineno": 50, "message": "Conversation details fetched successfully."}
{"asctime": "2024-12-20T15:18:33", "msecs": 438.0, "levelname": "INFO", "correlation_id": "-", "name": "integration.services.get_advisor_service", "lineno": 26, "message": "Fetching advisor details for advisor_id: 3"}
{"asctime": "2024-12-20T15:18:35", "msecs": 494.0, "levelname": "INFO", "correlation_id": "-", "name": "integration.services.get_advisor_service", "lineno": 44, "message": "Advisor details fetched successfully."}
{"asctime": "2024-12-20T15:18:35", "msecs": 497.0, "levelname": "INFO", "correlation_id": "-", "name": "integration.services.is_agent_exist_service", "lineno": 27, "message": "Checking if agent exists for email: june_roberts@company.com"}
{"asctime": "2024-12-20T15:18:37", "msecs": 528.0, "levelname": "INFO", "correlation_id": "-", "name": "integration.services.is_agent_exist_service", "lineno": 45, "message": "Agent fetch successful: 1 agents found."}
{"asctime": "2024-12-20T15:18:37", "msecs": 531.0, "levelname": "DEBUG", "correlation_id": "-", "name": "integration.services.start_event_service", "lineno": 40, "message": "Starting event with payload: {'agent_id': '94e51eff-8635-466d-b8f0-14e230286b95', 'started_at': '2024-12-20T15:18:31.000000', 'external_id': '45'}"}
{"asctime": "2024-12-20T15:18:39", "msecs": 578.0, "levelname": "INFO", "correlation_id": "-", "name": "integration.services.start_event_service", "lineno": 58, "message": "Event started successfully: {'agent_id': '94e51eff-8635-466d-b8f0-14e230286b95', 'started_at': '2024-12-20T15:18:31', 'ended_at': None, 'external_id': '45', 'chat_id': '2abeba13-228d-4263-b424-c1921f2d72b7'}"}
{"asctime": "2024-12-20T15:18:39", "msecs": 582.0, "levelname": "INFO", "correlation_id": "-", "name": "integration.services.event_preprocessing_service", "lineno": 75, "message": "Event processed successfully"}
{"asctime": "2024-12-20T15:18:39", "msecs": 585.0, "levelname": "INFO", "correlation_id": "-", "name": "integration.handlers.start_event_handler", "lineno": 19, "message": "Event preprocessing completed successfully"}
{"asctime": "2024-12-20T15:18:39", "msecs": 710.0, "levelname": "INFO", "correlation_id": "-", "name": "integration.handlers.start_event_handler", "lineno": 33, "message": "Start event handled successfully, event saved in database"}
{"asctime": "2024-12-20T15:18:41", "msecs": 385.0, "levelname": "INFO", "correlation_id": "-", "name": "integration.main", "lineno": 25, "message": "Start time --> 2024-12-20 15:18:31.385946"}
{"asctime": "2024-12-20T15:18:41", "msecs": 387.0, "levelname": "INFO", "correlation_id": "-", "name": "integration.handlers.get_events_handler", "lineno": 20, "message": "getting events starting from 2024-12-20 15:18:31.385946"}
{"asctime": "2024-12-20T15:18:41", "msecs": 390.0, "levelname": "DEBUG", "correlation_id": "-", "name": "integration.services.get_events_service", "lineno": 26, "message": "Fetching events with parameters: {'start_at': datetime.datetime(2024, 12, 20, 15, 18, 31, 385946)}"}
{"asctime": "2024-12-20T15:18:43", "msecs": 464.0, "levelname": "DEBUG", "correlation_id": "-", "name": "integration.services.get_events_service", "lineno": 30, "message": "Response received: Status code 200, Headers: {'date': 'Fri, 20 Dec 2024 15:18:42 GMT', 'server': 'uvicorn', 'content-length': '3948', 'content-type': 'application/json'}"}
{"asctime": "2024-12-20T15:18:43", "msecs": 468.0, "levelname": "INFO", "correlation_id": "-", "name": "integration.services.get_events_service", "lineno": 41, "message": "Events fetched successfully: 35 events found starting at 2024-12-20 15:18:31.385946."}
{"asctime": "2024-12-20T15:18:43", "msecs": 473.0, "levelname": "INFO", "correlation_id": "-", "name": "integration.handlers.all_events_handler", "lineno": 31, "message": "Starting to process events"}
{"asctime": "2024-12-20T15:18:43", "msecs": 476.0, "levelname": "INFO", "correlation_id": "-", "name": "integration.handlers.start_event_handler", "lineno": 9, "message": "Starting to handle start event"}
{"asctime": "2024-12-20T15:18:43", "msecs": 479.0, "levelname": "INFO", "correlation_id": "-", "name": "integration.services.event_preprocessing_service", "lineno": 17, "message": "Starting event preprocessing"}
{"asctime": "2024-12-20T15:18:43", "msecs": 481.0, "levelname": "DEBUG", "correlation_id": "-", "name": "integration.services.event_preprocessing_service", "lineno": 18, "message": "event --> {'conversation_id': 46, 'event_name': 'START', 'event_at': 1734707923, 'data': None}"}
{"asctime": "2024-12-20T15:18:43", "msecs": 485.0, "levelname": "INFO", "correlation_id": "-", "name": "integration.services.get_conversation_details_service", "lineno": 26, "message": "Fetching conversation details for conversation_id: 46"}
{"asctime": "2024-12-20T15:18:45", "msecs": 540.0, "levelname": "INFO", "correlation_id": "-", "name": "integration.services.get_conversation_details_service", "lineno": 50, "message": "Conversation details fetched successfully."}
{"asctime": "2024-12-20T15:18:45", "msecs": 543.0, "levelname": "INFO", "correlation_id": "-", "name": "integration.services.get_advisor_service", "lineno": 26, "message": "Fetching advisor details for advisor_id: 7"}
{"asctime": "2024-12-20T15:18:47", "msecs": 583.0, "levelname": "INFO", "correlation_id": "-", "name": "integration.services.get_advisor_service", "lineno": 44, "message": "Advisor details fetched successfully."}
{"asctime": "2024-12-20T15:18:47", "msecs": 585.0, "levelname": "INFO", "correlation_id": "-", "name": "integration.services.is_agent_exist_service", "lineno": 27, "message": "Checking if agent exists for email: raymond_thomas-mason@company.com"}
{"asctime": "2024-12-20T15:18:49", "msecs": 633.0, "levelname": "INFO", "correlation_id": "-", "name": "integration.services.is_agent_exist_service", "lineno": 45, "message": "Agent fetch successful: 1 agents found."}
{"asctime": "2024-12-20T15:18:49", "msecs": 636.0, "levelname": "DEBUG", "correlation_id": "-", "name": "integration.services.start_event_service", "lineno": 40, "message": "Starting event with payload: {'agent_id': 'a79bc63d-f677-4e52-a0cc-0fd5f9ac0f07', 'started_at': '2024-12-20T15:18:43.000000', 'external_id': '46'}"}
{"asctime": "2024-12-20T15:18:51", "msecs": 683.0, "levelname": "INFO", "correlation_id": "-", "name": "integration.services.start_event_service", "lineno": 58, "message": "Event started successfully: {'agent_id': 'a79bc63d-f677-4e52-a0cc-0fd5f9ac0f07', 'started_at': '2024-12-20T15:18:43', 'ended_at': None, 'external_id': '46', 'chat_id': '4b91021f-7797-4072-b44b-c324f07da767'}"}
{"asctime": "2024-12-20T15:18:51", "msecs": 687.0, "levelname": "INFO", "correlation_id": "-", "name": "integration.services.event_preprocessing_service", "lineno": 75, "message": "Event processed successfully"}
{"asctime": "2024-12-20T15:18:51", "msecs": 689.0, "levelname": "INFO", "correlation_id": "-", "name": "integration.handlers.start_event_handler", "lineno": 19, "message": "Event preprocessing completed successfully"}
{"asctime": "2024-12-20T15:18:52", "msecs": 644.0, "levelname": "INFO", "correlation_id": "-", "name": "integration.handlers.start_event_handler", "lineno": 33, "message": "Start event handled successfully, event saved in database"}
{"asctime": "2024-12-20T15:18:53", "msecs": 485.0, "levelname": "INFO", "correlation_id": "-", "name": "integration.main", "lineno": 25, "message": "Start time --> 2024-12-20 15:18:43.485844"}
{"asctime": "2024-12-20T15:18:53", "msecs": 487.0, "levelname": "INFO", "correlation_id": "-", "name": "integration.handlers.get_events_handler", "lineno": 20, "message": "getting events starting from 2024-12-20 15:18:43.485844"}
{"asctime": "2024-12-20T15:18:53", "msecs": 490.0, "levelname": "DEBUG", "correlation_id": "-", "name": "integration.services.get_events_service", "lineno": 26, "message": "Fetching events with parameters: {'start_at': datetime.datetime(2024, 12, 20, 15, 18, 43, 485844)}"}
{"asctime": "2024-12-20T15:18:55", "msecs": 547.0, "levelname": "DEBUG", "correlation_id": "-", "name": "integration.services.get_events_service", "lineno": 30, "message": "Response received: Status code 200, Headers: {'date': 'Fri, 20 Dec 2024 15:18:54 GMT', 'server': 'uvicorn', 'content-length': '3711', 'content-type': 'application/json'}"}
{"asctime": "2024-12-20T15:18:55", "msecs": 553.0, "levelname": "INFO", "correlation_id": "-", "name": "integration.services.get_events_service", "lineno": 41, "message": "Events fetched successfully: 34 events found starting at 2024-12-20 15:18:43.485844."}
{"asctime": "2024-12-20T15:18:55", "msecs": 559.0, "levelname": "INFO", "correlation_id": "-", "name": "integration.handlers.all_events_handler", "lineno": 31, "message": "Starting to process events"}
{"asctime": "2024-12-20T15:18:55", "msecs": 562.0, "levelname": "INFO", "correlation_id": "-", "name": "integration.handlers.start_event_handler", "lineno": 9, "message": "Starting to handle start event"}
{"asctime": "2024-12-20T15:18:55", "msecs": 565.0, "levelname": "INFO", "correlation_id": "-", "name": "integration.services.event_preprocessing_service", "lineno": 17, "message": "Starting event preprocessing"}
{"asctime": "2024-12-20T15:18:55", "msecs": 568.0, "levelname": "DEBUG", "correlation_id": "-", "name": "integration.services.event_preprocessing_service", "lineno": 18, "message": "event --> {'conversation_id': 47, 'event_name': 'START', 'event_at': 1734707935, 'data': None}"}
{"asctime": "2024-12-20T15:18:55", "msecs": 572.0, "levelname": "INFO", "correlation_id": "-", "name": "integration.services.get_conversation_details_service", "lineno": 26, "message": "Fetching conversation details for conversation_id: 47"}
{"asctime": "2024-12-20T15:18:57", "msecs": 628.0, "levelname": "INFO", "correlation_id": "-", "name": "integration.services.get_conversation_details_service", "lineno": 50, "message": "Conversation details fetched successfully."}
{"asctime": "2024-12-20T15:18:57", "msecs": 631.0, "levelname": "INFO", "correlation_id": "-", "name": "integration.services.get_advisor_service", "lineno": 26, "message": "Fetching advisor details for advisor_id: 4"}
{"asctime": "2024-12-20T15:18:59", "msecs": 691.0, "levelname": "INFO", "correlation_id": "-", "name": "integration.services.get_advisor_service", "lineno": 44, "message": "Advisor details fetched successfully."}
{"asctime": "2024-12-20T15:18:59", "msecs": 693.0, "levelname": "INFO", "correlation_id": "-", "name": "integration.services.is_agent_exist_service", "lineno": 27, "message": "Checking if agent exists for email: jacob_jones@company.com"}
{"asctime": "2024-12-20T15:19:01", "msecs": 730.0, "levelname": "INFO", "correlation_id": "-", "name": "integration.services.is_agent_exist_service", "lineno": 45, "message": "Agent fetch successful: 1 agents found."}
{"asctime": "2024-12-20T15:19:01", "msecs": 733.0, "levelname": "DEBUG", "correlation_id": "-", "name": "integration.services.start_event_service", "lineno": 40, "message": "Starting event with payload: {'agent_id': 'ed527412-9923-403e-8890-86849c3ec01f', 'started_at': '2024-12-20T15:18:55.000000', 'external_id': '47'}"}
{"asctime": "2024-12-20T15:19:03", "msecs": 792.0, "levelname": "INFO", "correlation_id": "-", "name": "integration.services.start_event_service", "lineno": 58, "message": "Event started successfully: {'agent_id': 'ed527412-9923-403e-8890-86849c3ec01f', 'started_at': '2024-12-20T15:18:55', 'ended_at': None, 'external_id': '47', 'chat_id': '026732ce-7567-43fb-a887-7f898a707ec3'}"}
{"asctime": "2024-12-20T15:19:03", "msecs": 795.0, "levelname": "INFO", "correlation_id": "-", "name": "integration.services.event_preprocessing_service", "lineno": 75, "message": "Event processed successfully"}
{"asctime": "2024-12-20T15:19:03", "msecs": 797.0, "levelname": "INFO", "correlation_id": "-", "name": "integration.handlers.start_event_handler", "lineno": 19, "message": "Event preprocessing completed successfully"}
{"asctime": "2024-12-20T15:19:03", "msecs": 923.0, "levelname": "INFO", "correlation_id": "-", "name": "integration.handlers.start_event_handler", "lineno": 33, "message": "Start event handled successfully, event saved in database"}
{"asctime": "2024-12-20T15:19:05", "msecs": 558.0, "levelname": "INFO", "correlation_id": "-", "name": "integration.main", "lineno": 25, "message": "Start time --> 2024-12-20 15:18:55.558666"}
{"asctime": "2024-12-20T15:19:05", "msecs": 561.0, "levelname": "INFO", "correlation_id": "-", "name": "integration.handlers.get_events_handler", "lineno": 20, "message": "getting events starting from 2024-12-20 15:18:55.558666"}
{"asctime": "2024-12-20T15:19:05", "msecs": 564.0, "levelname": "DEBUG", "correlation_id": "-", "name": "integration.services.get_events_service", "lineno": 26, "message": "Fetching events with parameters: {'start_at': datetime.datetime(2024, 12, 20, 15, 18, 55, 558666)}"}
{"asctime": "2024-12-20T15:19:07", "msecs": 614.0, "levelname": "DEBUG", "correlation_id": "-", "name": "integration.services.get_events_service", "lineno": 30, "message": "Response received: Status code 200, Headers: {'date': 'Fri, 20 Dec 2024 15:19:06 GMT', 'server': 'uvicorn', 'content-length': '4014', 'content-type': 'application/json'}"}
{"asctime": "2024-12-20T15:19:07", "msecs": 620.0, "levelname": "INFO", "correlation_id": "-", "name": "integration.services.get_events_service", "lineno": 41, "message": "Events fetched successfully: 37 events found starting at 2024-12-20 15:18:55.558666."}
{"asctime": "2024-12-20T15:19:07", "msecs": 626.0, "levelname": "INFO", "correlation_id": "-", "name": "integration.handlers.all_events_handler", "lineno": 31, "message": "Starting to process events"}
{"asctime": "2024-12-20T15:19:07", "msecs": 629.0, "levelname": "INFO", "correlation_id": "-", "name": "integration.handlers.start_event_handler", "lineno": 9, "message": "Starting to handle start event"}
{"asctime": "2024-12-20T15:19:07", "msecs": 633.0, "levelname": "INFO", "correlation_id": "-", "name": "integration.services.event_preprocessing_service", "lineno": 17, "message": "Starting event preprocessing"}
{"asctime": "2024-12-20T15:19:07", "msecs": 638.0, "levelname": "DEBUG", "correlation_id": "-", "name": "integration.services.event_preprocessing_service", "lineno": 18, "message": "event --> {'conversation_id': 48, 'event_name': 'START', 'event_at': 1734707947, 'data': None}"}
{"asctime": "2024-12-20T15:19:07", "msecs": 642.0, "levelname": "INFO", "correlation_id": "-", "name": "integration.services.get_conversation_details_service", "lineno": 26, "message": "Fetching conversation details for conversation_id: 48"}
{"asctime": "2024-12-20T15:19:09", "msecs": 705.0, "levelname": "INFO", "correlation_id": "-", "name": "integration.services.get_conversation_details_service", "lineno": 50, "message": "Conversation details fetched successfully."}
{"asctime": "2024-12-20T15:19:09", "msecs": 709.0, "levelname": "INFO", "correlation_id": "-", "name": "integration.services.get_advisor_service", "lineno": 26, "message": "Fetching advisor details for advisor_id: 4"}
{"asctime": "2024-12-20T15:19:12", "msecs": 480.0, "levelname": "INFO", "correlation_id": "-", "name": "integration.services.get_advisor_service", "lineno": 44, "message": "Advisor details fetched successfully."}
{"asctime": "2024-12-20T15:19:12", "msecs": 482.0, "levelname": "INFO", "correlation_id": "-", "name": "integration.services.is_agent_exist_service", "lineno": 27, "message": "Checking if agent exists for email: jacob_jones@company.com"}
{"asctime": "2024-12-20T15:19:14", "msecs": 517.0, "levelname": "INFO", "correlation_id": "-", "name": "integration.services.is_agent_exist_service", "lineno": 45, "message": "Agent fetch successful: 1 agents found."}
{"asctime": "2024-12-20T15:19:14", "msecs": 520.0, "levelname": "DEBUG", "correlation_id": "-", "name": "integration.services.start_event_service", "lineno": 40, "message": "Starting event with payload: {'agent_id': 'ed527412-9923-403e-8890-86849c3ec01f', 'started_at': '2024-12-20T15:19:07.000000', 'external_id': '48'}"}
{"asctime": "2024-12-20T15:19:16", "msecs": 558.0, "levelname": "INFO", "correlation_id": "-", "name": "integration.services.start_event_service", "lineno": 58, "message": "Event started successfully: {'agent_id': 'ed527412-9923-403e-8890-86849c3ec01f', 'started_at': '2024-12-20T15:19:07', 'ended_at': None, 'external_id': '48', 'chat_id': '52541c7d-d52b-4d7c-b2ec-e1e5455a8393'}"}
{"asctime": "2024-12-20T15:19:16", "msecs": 561.0, "levelname": "INFO", "correlation_id": "-", "name": "integration.services.event_preprocessing_service", "lineno": 75, "message": "Event processed successfully"}
{"asctime": "2024-12-20T15:19:16", "msecs": 564.0, "levelname": "INFO", "correlation_id": "-", "name": "integration.handlers.start_event_handler", "lineno": 19, "message": "Event preprocessing completed successfully"}
{"asctime": "2024-12-20T15:19:17", "msecs": 51.0, "levelname": "INFO", "correlation_id": "-", "name": "integration.handlers.start_event_handler", "lineno": 33, "message": "Start event handled successfully, event saved in database"}
{"asctime": "2024-12-20T15:19:17", "msecs": 626.0, "levelname": "INFO", "correlation_id": "-", "name": "integration.main", "lineno": 25, "message": "Start time --> 2024-12-20 15:19:07.626452"}
{"asctime": "2024-12-20T15:19:17", "msecs": 629.0, "levelname": "INFO", "correlation_id": "-", "name": "integration.handlers.get_events_handler", "lineno": 20, "message": "getting events starting from 2024-12-20 15:19:07.626452"}
{"asctime": "2024-12-20T15:19:17", "msecs": 631.0, "levelname": "DEBUG", "correlation_id": "-", "name": "integration.services.get_events_service", "lineno": 26, "message": "Fetching events with parameters: {'start_at': datetime.datetime(2024, 12, 20, 15, 19, 7, 626452)}"}
{"asctime": "2024-12-20T15:19:19", "msecs": 681.0, "levelname": "DEBUG", "correlation_id": "-", "name": "integration.services.get_events_service", "lineno": 30, "message": "Response received: Status code 200, Headers: {'date': 'Fri, 20 Dec 2024 15:19:18 GMT', 'server': 'uvicorn', 'content-length': '4281', 'content-type': 'application/json'}"}
{"asctime": "2024-12-20T15:19:19", "msecs": 684.0, "levelname": "INFO", "correlation_id": "-", "name": "integration.services.get_events_service", "lineno": 41, "message": "Events fetched successfully: 37 events found starting at 2024-12-20 15:19:07.626452."}
{"asctime": "2024-12-20T15:19:19", "msecs": 688.0, "levelname": "INFO", "correlation_id": "-", "name": "integration.handlers.all_events_handler", "lineno": 31, "message": "Starting to process events"}
{"asctime": "2024-12-20T15:19:29", "msecs": 748.0, "levelname": "INFO", "correlation_id": "-", "name": "integration.main", "lineno": 25, "message": "Start time --> 2024-12-20 15:19:19.748752"}
{"asctime": "2024-12-20T15:19:29", "msecs": 772.0, "levelname": "INFO", "correlation_id": "-", "name": "integration.handlers.get_events_handler", "lineno": 20, "message": "getting events starting from 2024-12-20 15:19:19.748752"}
{"asctime": "2024-12-20T15:19:29", "msecs": 776.0, "levelname": "DEBUG", "correlation_id": "-", "name": "integration.services.get_events_service", "lineno": 26, "message": "Fetching events with parameters: {'start_at': datetime.datetime(2024, 12, 20, 15, 19, 19, 748752)}"}
{"asctime": "2024-12-20T15:19:31", "msecs": 832.0, "levelname": "DEBUG", "correlation_id": "-", "name": "integration.services.get_events_service", "lineno": 30, "message": "Response received: Status code 200, Headers: {'date': 'Fri, 20 Dec 2024 15:19:30 GMT', 'server': 'uvicorn', 'content-length': '4867', 'content-type': 'application/json'}"}
{"asctime": "2024-12-20T15:19:31", "msecs": 836.0, "levelname": "INFO", "correlation_id": "-", "name": "integration.services.get_events_service", "lineno": 41, "message": "Events fetched successfully: 41 events found starting at 2024-12-20 15:19:19.748752."}
{"asctime": "2024-12-20T15:19:31", "msecs": 839.0, "levelname": "INFO", "correlation_id": "-", "name": "integration.handlers.all_events_handler", "lineno": 31, "message": "Starting to process events"}
{"asctime": "2024-12-20T15:19:31", "msecs": 843.0, "levelname": "INFO", "correlation_id": "-", "name": "integration.handlers.start_event_handler", "lineno": 9, "message": "Starting to handle start event"}
{"asctime": "2024-12-20T15:19:31", "msecs": 846.0, "levelname": "INFO", "correlation_id": "-", "name": "integration.services.event_preprocessing_service", "lineno": 17, "message": "Starting event preprocessing"}
{"asctime": "2024-12-20T15:19:31", "msecs": 849.0, "levelname": "DEBUG", "correlation_id": "-", "name": "integration.services.event_preprocessing_service", "lineno": 18, "message": "event --> {'conversation_id': 49, 'event_name': 'START', 'event_at': 1734707971, 'data': None}"}
{"asctime": "2024-12-20T15:19:31", "msecs": 852.0, "levelname": "INFO", "correlation_id": "-", "name": "integration.services.get_conversation_details_service", "lineno": 26, "message": "Fetching conversation details for conversation_id: 49"}
{"asctime": "2024-12-20T15:19:33", "msecs": 897.0, "levelname": "INFO", "correlation_id": "-", "name": "integration.services.get_conversation_details_service", "lineno": 50, "message": "Conversation details fetched successfully."}
{"asctime": "2024-12-20T15:19:33", "msecs": 900.0, "levelname": "INFO", "correlation_id": "-", "name": "integration.services.get_advisor_service", "lineno": 26, "message": "Fetching advisor details for advisor_id: 4"}
{"asctime": "2024-12-20T15:19:35", "msecs": 958.0, "levelname": "INFO", "correlation_id": "-", "name": "integration.services.get_advisor_service", "lineno": 44, "message": "Advisor details fetched successfully."}
{"asctime": "2024-12-20T15:19:35", "msecs": 963.0, "levelname": "INFO", "correlation_id": "-", "name": "integration.services.is_agent_exist_service", "lineno": 27, "message": "Checking if agent exists for email: jacob_jones@company.com"}
{"asctime": "2024-12-20T15:19:38", "msecs": 23.0, "levelname": "INFO", "correlation_id": "-", "name": "integration.services.is_agent_exist_service", "lineno": 45, "message": "Agent fetch successful: 1 agents found."}
{"asctime": "2024-12-20T15:19:38", "msecs": 25.0, "levelname": "DEBUG", "correlation_id": "-", "name": "integration.services.start_event_service", "lineno": 40, "message": "Starting event with payload: {'agent_id': 'ed527412-9923-403e-8890-86849c3ec01f', 'started_at': '2024-12-20T15:19:31.000000', 'external_id': '49'}"}
{"asctime": "2024-12-20T15:19:40", "msecs": 84.0, "levelname": "INFO", "correlation_id": "-", "name": "integration.services.start_event_service", "lineno": 58, "message": "Event started successfully: {'agent_id': 'ed527412-9923-403e-8890-86849c3ec01f', 'started_at': '2024-12-20T15:19:31', 'ended_at': None, 'external_id': '49', 'chat_id': 'cf6fe539-32b4-4fc5-8834-fb77ab6a4173'}"}
{"asctime": "2024-12-20T15:19:40", "msecs": 90.0, "levelname": "INFO", "correlation_id": "-", "name": "integration.services.event_preprocessing_service", "lineno": 75, "message": "Event processed successfully"}
{"asctime": "2024-12-20T15:19:40", "msecs": 94.0, "levelname": "INFO", "correlation_id": "-", "name": "integration.handlers.start_event_handler", "lineno": 19, "message": "Event preprocessing completed successfully"}
{"asctime": "2024-12-20T15:19:40", "msecs": 362.0, "levelname": "INFO", "correlation_id": "-", "name": "integration.handlers.start_event_handler", "lineno": 33, "message": "Start event handled successfully, event saved in database"}
{"asctime": "2024-12-20T15:19:41", "msecs": 854.0, "levelname": "INFO", "correlation_id": "-", "name": "integration.main", "lineno": 25, "message": "Start time --> 2024-12-20 15:19:31.854685"}
{"asctime": "2024-12-20T15:19:41", "msecs": 856.0, "levelname": "INFO", "correlation_id": "-", "name": "integration.handlers.get_events_handler", "lineno": 20, "message": "getting events starting from 2024-12-20 15:19:31.854685"}
{"asctime": "2024-12-20T15:19:41", "msecs": 859.0, "levelname": "DEBUG", "correlation_id": "-", "name": "integration.services.get_events_service", "lineno": 26, "message": "Fetching events with parameters: {'start_at': datetime.datetime(2024, 12, 20, 15, 19, 31, 854685)}"}
{"asctime": "2024-12-20T15:19:43", "msecs": 916.0, "levelname": "DEBUG", "correlation_id": "-", "name": "integration.services.get_events_service", "lineno": 30, "message": "Response received: Status code 200, Headers: {'date': 'Fri, 20 Dec 2024 15:19:42 GMT', 'server': 'uvicorn', 'content-length': '4057', 'content-type': 'application/json'}"}
{"asctime": "2024-12-20T15:19:43", "msecs": 922.0, "levelname": "INFO", "correlation_id": "-", "name": "integration.services.get_events_service", "lineno": 41, "message": "Events fetched successfully: 35 events found starting at 2024-12-20 15:19:31.854685."}
{"asctime": "2024-12-20T15:19:43", "msecs": 929.0, "levelname": "INFO", "correlation_id": "-", "name": "integration.handlers.all_events_handler", "lineno": 31, "message": "Starting to process events"}
{"asctime": "2024-12-20T15:19:43", "msecs": 932.0, "levelname": "INFO", "correlation_id": "-", "name": "integration.handlers.start_event_handler", "lineno": 9, "message": "Starting to handle start event"}
{"asctime": "2024-12-20T15:19:43", "msecs": 935.0, "levelname": "INFO", "correlation_id": "-", "name": "integration.services.event_preprocessing_service", "lineno": 17, "message": "Starting event preprocessing"}
{"asctime": "2024-12-20T15:19:43", "msecs": 938.0, "levelname": "DEBUG", "correlation_id": "-", "name": "integration.services.event_preprocessing_service", "lineno": 18, "message": "event --> {'conversation_id': 50, 'event_name': 'START', 'event_at': 1734707983, 'data': None}"}
{"asctime": "2024-12-20T15:19:43", "msecs": 942.0, "levelname": "INFO", "correlation_id": "-", "name": "integration.services.get_conversation_details_service", "lineno": 26, "message": "Fetching conversation details for conversation_id: 50"}
{"asctime": "2024-12-20T15:19:45", "msecs": 985.0, "levelname": "INFO", "correlation_id": "-", "name": "integration.services.get_conversation_details_service", "lineno": 50, "message": "Conversation details fetched successfully."}
{"asctime": "2024-12-20T15:19:45", "msecs": 988.0, "levelname": "INFO", "correlation_id": "-", "name": "integration.services.get_advisor_service", "lineno": 26, "message": "Fetching advisor details for advisor_id: 3"}
{"asctime": "2024-12-20T15:19:48", "msecs": 23.0, "levelname": "INFO", "correlation_id": "-", "name": "integration.services.get_advisor_service", "lineno": 44, "message": "Advisor details fetched successfully."}
{"asctime": "2024-12-20T15:19:48", "msecs": 27.0, "levelname": "INFO", "correlation_id": "-", "name": "integration.services.is_agent_exist_service", "lineno": 27, "message": "Checking if agent exists for email: june_roberts@company.com"}
{"asctime": "2024-12-20T15:19:50", "msecs": 78.0, "levelname": "INFO", "correlation_id": "-", "name": "integration.services.is_agent_exist_service", "lineno": 45, "message": "Agent fetch successful: 1 agents found."}
{"asctime": "2024-12-20T15:19:50", "msecs": 84.0, "levelname": "DEBUG", "correlation_id": "-", "name": "integration.services.start_event_service", "lineno": 40, "message": "Starting event with payload: {'agent_id': '94e51eff-8635-466d-b8f0-14e230286b95', 'started_at': '2024-12-20T15:19:43.000000', 'external_id': '50'}"}
{"asctime": "2024-12-20T15:19:52", "msecs": 128.0, "levelname": "INFO", "correlation_id": "-", "name": "integration.services.start_event_service", "lineno": 58, "message": "Event started successfully: {'agent_id': '94e51eff-8635-466d-b8f0-14e230286b95', 'started_at': '2024-12-20T15:19:43', 'ended_at': None, 'external_id': '50', 'chat_id': 'df144d40-4e89-4d34-90ff-e19c32713b1d'}"}
{"asctime": "2024-12-20T15:19:52", "msecs": 132.0, "levelname": "INFO", "correlation_id": "-", "name": "integration.services.event_preprocessing_service", "lineno": 75, "message": "Event processed successfully"}
{"asctime": "2024-12-20T15:19:52", "msecs": 135.0, "levelname": "INFO", "correlation_id": "-", "name": "integration.handlers.start_event_handler", "lineno": 19, "message": "Event preprocessing completed successfully"}
{"asctime": "2024-12-20T15:19:52", "msecs": 181.0, "levelname": "INFO", "correlation_id": "-", "name": "integration.handlers.start_event_handler", "lineno": 33, "message": "Start event handled successfully, event saved in database"}
{"asctime": "2024-12-20T15:19:53", "msecs": 929.0, "levelname": "INFO", "correlation_id": "-", "name": "integration.main", "lineno": 25, "message": "Start time --> 2024-12-20 15:19:43.929071"}
{"asctime": "2024-12-20T15:19:53", "msecs": 933.0, "levelname": "INFO", "correlation_id": "-", "name": "integration.handlers.get_events_handler", "lineno": 20, "message": "getting events starting from 2024-12-20 15:19:43.929071"}
{"asctime": "2024-12-20T15:19:53", "msecs": 936.0, "levelname": "DEBUG", "correlation_id": "-", "name": "integration.services.get_events_service", "lineno": 26, "message": "Fetching events with parameters: {'start_at': datetime.datetime(2024, 12, 20, 15, 19, 43, 929071)}"}
{"asctime": "2024-12-20T15:19:55", "msecs": 995.0, "levelname": "DEBUG", "correlation_id": "-", "name": "integration.services.get_events_service", "lineno": 30, "message": "Response received: Status code 200, Headers: {'date': 'Fri, 20 Dec 2024 15:19:55 GMT', 'server': 'uvicorn', 'content-length': '4759', 'content-type': 'application/json'}"}
{"asctime": "2024-12-20T15:19:55", "msecs": 998.0, "levelname": "INFO", "correlation_id": "-", "name": "integration.services.get_events_service", "lineno": 41, "message": "Events fetched successfully: 42 events found starting at 2024-12-20 15:19:43.929071."}
{"asctime": "2024-12-20T15:19:56", "msecs": 3.0, "levelname": "INFO", "correlation_id": "-", "name": "integration.handlers.all_events_handler", "lineno": 31, "message": "Starting to process events"}
{"asctime": "2024-12-20T15:19:56", "msecs": 5.0, "levelname": "INFO", "correlation_id": "-", "name": "integration.handlers.start_event_handler", "lineno": 9, "message": "Starting to handle start event"}
{"asctime": "2024-12-20T15:19:56", "msecs": 8.0, "levelname": "INFO", "correlation_id": "-", "name": "integration.services.event_preprocessing_service", "lineno": 17, "message": "Starting event preprocessing"}
{"asctime": "2024-12-20T15:19:56", "msecs": 12.0, "levelname": "DEBUG", "correlation_id": "-", "name": "integration.services.event_preprocessing_service", "lineno": 18, "message": "event --> {'conversation_id': 51, 'event_name': 'START', 'event_at': 1734707995, 'data': None}"}
{"asctime": "2024-12-20T15:19:56", "msecs": 17.0, "levelname": "INFO", "correlation_id": "-", "name": "integration.services.get_conversation_details_service", "lineno": 26, "message": "Fetching conversation details for conversation_id: 51"}
{"asctime": "2024-12-20T15:19:58", "msecs": 62.0, "levelname": "INFO", "correlation_id": "-", "name": "integration.services.get_conversation_details_service", "lineno": 50, "message": "Conversation details fetched successfully."}
{"asctime": "2024-12-20T15:19:58", "msecs": 66.0, "levelname": "INFO", "correlation_id": "-", "name": "integration.services.get_advisor_service", "lineno": 26, "message": "Fetching advisor details for advisor_id: 3"}
{"asctime": "2024-12-20T15:20:00", "msecs": 121.0, "levelname": "INFO", "correlation_id": "-", "name": "integration.services.get_advisor_service", "lineno": 44, "message": "Advisor details fetched successfully."}
{"asctime": "2024-12-20T15:20:00", "msecs": 124.0, "levelname": "INFO", "correlation_id": "-", "name": "integration.services.is_agent_exist_service", "lineno": 27, "message": "Checking if agent exists for email: june_roberts@company.com"}
{"asctime": "2024-12-20T15:20:02", "msecs": 174.0, "levelname": "INFO", "correlation_id": "-", "name": "integration.services.is_agent_exist_service", "lineno": 45, "message": "Agent fetch successful: 1 agents found."}
{"asctime": "2024-12-20T15:20:02", "msecs": 182.0, "levelname": "DEBUG", "correlation_id": "-", "name": "integration.services.start_event_service", "lineno": 40, "message": "Starting event with payload: {'agent_id': '94e51eff-8635-466d-b8f0-14e230286b95', 'started_at': '2024-12-20T15:19:55.000000', 'external_id': '51'}"}
{"asctime": "2024-12-20T15:20:04", "msecs": 243.0, "levelname": "INFO", "correlation_id": "-", "name": "integration.services.start_event_service", "lineno": 58, "message": "Event started successfully: {'agent_id': '94e51eff-8635-466d-b8f0-14e230286b95', 'started_at': '2024-12-20T15:19:55', 'ended_at': None, 'external_id': '51', 'chat_id': '42daf6eb-4f7a-466f-84ff-5c88ca21f406'}"}
{"asctime": "2024-12-20T15:20:04", "msecs": 246.0, "levelname": "INFO", "correlation_id": "-", "name": "integration.services.event_preprocessing_service", "lineno": 75, "message": "Event processed successfully"}
{"asctime": "2024-12-20T15:20:04", "msecs": 249.0, "levelname": "INFO", "correlation_id": "-", "name": "integration.handlers.start_event_handler", "lineno": 19, "message": "Event preprocessing completed successfully"}
{"asctime": "2024-12-20T15:20:04", "msecs": 604.0, "levelname": "INFO", "correlation_id": "-", "name": "integration.handlers.start_event_handler", "lineno": 33, "message": "Start event handled successfully, event saved in database"}
{"asctime": "2024-12-20T15:20:06", "msecs": 17.0, "levelname": "INFO", "correlation_id": "-", "name": "integration.main", "lineno": 25, "message": "Start time --> 2024-12-20 15:19:56.017479"}
{"asctime": "2024-12-20T15:20:06", "msecs": 20.0, "levelname": "INFO", "correlation_id": "-", "name": "integration.handlers.get_events_handler", "lineno": 20, "message": "getting events starting from 2024-12-20 15:19:56.017479"}
{"asctime": "2024-12-20T15:20:06", "msecs": 23.0, "levelname": "DEBUG", "correlation_id": "-", "name": "integration.services.get_events_service", "lineno": 26, "message": "Fetching events with parameters: {'start_at': datetime.datetime(2024, 12, 20, 15, 19, 56, 17479)}"}
{"asctime": "2024-12-20T15:20:08", "msecs": 84.0, "levelname": "DEBUG", "correlation_id": "-", "name": "integration.services.get_events_service", "lineno": 30, "message": "Response received: Status code 200, Headers: {'date': 'Fri, 20 Dec 2024 15:20:07 GMT', 'server': 'uvicorn', 'content-length': '4625', 'content-type': 'application/json'}"}
{"asctime": "2024-12-20T15:20:08", "msecs": 87.0, "levelname": "INFO", "correlation_id": "-", "name": "integration.services.get_events_service", "lineno": 41, "message": "Events fetched successfully: 41 events found starting at 2024-12-20 15:19:56.017479."}
{"asctime": "2024-12-20T15:20:08", "msecs": 91.0, "levelname": "INFO", "correlation_id": "-", "name": "integration.handlers.all_events_handler", "lineno": 31, "message": "Starting to process events"}
{"asctime": "2024-12-20T15:20:18", "msecs": 107.0, "levelname": "INFO", "correlation_id": "-", "name": "integration.main", "lineno": 25, "message": "Start time --> 2024-12-20 15:20:08.107735"}
{"asctime": "2024-12-20T15:20:18", "msecs": 109.0, "levelname": "INFO", "correlation_id": "-", "name": "integration.handlers.get_events_handler", "lineno": 20, "message": "getting events starting from 2024-12-20 15:20:08.107735"}
{"asctime": "2024-12-20T15:20:18", "msecs": 112.0, "levelname": "DEBUG", "correlation_id": "-", "name": "integration.services.get_events_service", "lineno": 26, "message": "Fetching events with parameters: {'start_at': datetime.datetime(2024, 12, 20, 15, 20, 8, 107735)}"}
{"asctime": "2024-12-20T15:20:20", "msecs": 169.0, "levelname": "DEBUG", "correlation_id": "-", "name": "integration.services.get_events_service", "lineno": 30, "message": "Response received: Status code 200, Headers: {'date': 'Fri, 20 Dec 2024 15:20:19 GMT', 'server': 'uvicorn', 'content-length': '4353', 'content-type': 'application/json'}"}
{"asctime": "2024-12-20T15:20:20", "msecs": 173.0, "levelname": "INFO", "correlation_id": "-", "name": "integration.services.get_events_service", "lineno": 41, "message": "Events fetched successfully: 38 events found starting at 2024-12-20 15:20:08.107735."}
{"asctime": "2024-12-20T15:20:20", "msecs": 179.0, "levelname": "INFO", "correlation_id": "-", "name": "integration.handlers.all_events_handler", "lineno": 31, "message": "Starting to process events"}
{"asctime": "2024-12-20T15:20:30", "msecs": 193.0, "levelname": "INFO", "correlation_id": "-", "name": "integration.main", "lineno": 25, "message": "Start time --> 2024-12-20 15:20:20.193881"}
{"asctime": "2024-12-20T15:20:30", "msecs": 196.0, "levelname": "INFO", "correlation_id": "-", "name": "integration.handlers.get_events_handler", "lineno": 20, "message": "getting events starting from 2024-12-20 15:20:20.193881"}
{"asctime": "2024-12-20T15:20:30", "msecs": 199.0, "levelname": "DEBUG", "correlation_id": "-", "name": "integration.services.get_events_service", "lineno": 26, "message": "Fetching events with parameters: {'start_at': datetime.datetime(2024, 12, 20, 15, 20, 20, 193881)}"}
{"asctime": "2024-12-20T15:20:32", "msecs": 268.0, "levelname": "DEBUG", "correlation_id": "-", "name": "integration.services.get_events_service", "lineno": 30, "message": "Response received: Status code 200, Headers: {'date': 'Fri, 20 Dec 2024 15:20:32 GMT', 'server': 'uvicorn', 'content-length': '4762', 'content-type': 'application/json'}"}
{"asctime": "2024-12-20T15:20:32", "msecs": 274.0, "levelname": "INFO", "correlation_id": "-", "name": "integration.services.get_events_service", "lineno": 41, "message": "Events fetched successfully: 41 events found starting at 2024-12-20 15:20:20.193881."}
{"asctime": "2024-12-20T15:20:32", "msecs": 280.0, "levelname": "INFO", "correlation_id": "-", "name": "integration.handlers.all_events_handler", "lineno": 31, "message": "Starting to process events"}
{"asctime": "2024-12-20T15:20:32", "msecs": 284.0, "levelname": "INFO", "correlation_id": "-", "name": "integration.handlers.start_event_handler", "lineno": 9, "message": "Starting to handle start event"}
{"asctime": "2024-12-20T15:20:32", "msecs": 288.0, "levelname": "INFO", "correlation_id": "-", "name": "integration.services.event_preprocessing_service", "lineno": 17, "message": "Starting event preprocessing"}
{"asctime": "2024-12-20T15:20:32", "msecs": 292.0, "levelname": "DEBUG", "correlation_id": "-", "name": "integration.services.event_preprocessing_service", "lineno": 18, "message": "event --> {'conversation_id': 52, 'event_name': 'START', 'event_at': 1734708032, 'data': None}"}
{"asctime": "2024-12-20T15:20:32", "msecs": 299.0, "levelname": "INFO", "correlation_id": "-", "name": "integration.services.get_conversation_details_service", "lineno": 26, "message": "Fetching conversation details for conversation_id: 52"}
{"asctime": "2024-12-20T15:20:34", "msecs": 349.0, "levelname": "INFO", "correlation_id": "-", "name": "integration.services.get_conversation_details_service", "lineno": 50, "message": "Conversation details fetched successfully."}
{"asctime": "2024-12-20T15:20:34", "msecs": 352.0, "levelname": "INFO", "correlation_id": "-", "name": "integration.services.get_advisor_service", "lineno": 26, "message": "Fetching advisor details for advisor_id: 3"}
{"asctime": "2024-12-20T15:20:36", "msecs": 379.0, "levelname": "INFO", "correlation_id": "-", "name": "integration.services.get_advisor_service", "lineno": 44, "message": "Advisor details fetched successfully."}
{"asctime": "2024-12-20T15:20:36", "msecs": 382.0, "levelname": "INFO", "correlation_id": "-", "name": "integration.services.is_agent_exist_service", "lineno": 27, "message": "Checking if agent exists for email: june_roberts@company.com"}
{"asctime": "2024-12-20T15:20:38", "msecs": 424.0, "levelname": "INFO", "correlation_id": "-", "name": "integration.services.is_agent_exist_service", "lineno": 45, "message": "Agent fetch successful: 1 agents found."}
{"asctime": "2024-12-20T15:20:38", "msecs": 427.0, "levelname": "DEBUG", "correlation_id": "-", "name": "integration.services.start_event_service", "lineno": 40, "message": "Starting event with payload: {'agent_id': '94e51eff-8635-466d-b8f0-14e230286b95', 'started_at': '2024-12-20T15:20:32.000000', 'external_id': '52'}"}
{"asctime": "2024-12-20T15:20:40", "msecs": 496.0, "levelname": "INFO", "correlation_id": "-", "name": "integration.services.start_event_service", "lineno": 58, "message": "Event started successfully: {'agent_id': '94e51eff-8635-466d-b8f0-14e230286b95', 'started_at': '2024-12-20T15:20:32', 'ended_at': None, 'external_id': '52', 'chat_id': '7abd525d-db22-4f4b-9cb2-69cf650aa624'}"}
{"asctime": "2024-12-20T15:20:40", "msecs": 501.0, "levelname": "INFO", "correlation_id": "-", "name": "integration.services.event_preprocessing_service", "lineno": 75, "message": "Event processed successfully"}
{"asctime": "2024-12-20T15:20:40", "msecs": 503.0, "levelname": "INFO", "correlation_id": "-", "name": "integration.handlers.start_event_handler", "lineno": 19, "message": "Event preprocessing completed successfully"}
{"asctime": "2024-12-20T15:20:40", "msecs": 628.0, "levelname": "INFO", "correlation_id": "-", "name": "integration.handlers.start_event_handler", "lineno": 33, "message": "Start event handled successfully, event saved in database"}
{"asctime": "2024-12-20T15:20:42", "msecs": 263.0, "levelname": "INFO", "correlation_id": "-", "name": "integration.main", "lineno": 25, "message": "Start time --> 2024-12-20 15:20:32.263119"}
{"asctime": "2024-12-20T15:20:42", "msecs": 267.0, "levelname": "INFO", "correlation_id": "-", "name": "integration.handlers.get_events_handler", "lineno": 20, "message": "getting events starting from 2024-12-20 15:20:32.263119"}
{"asctime": "2024-12-20T15:20:42", "msecs": 270.0, "levelname": "DEBUG", "correlation_id": "-", "name": "integration.services.get_events_service", "lineno": 26, "message": "Fetching events with parameters: {'start_at': datetime.datetime(2024, 12, 20, 15, 20, 32, 263119)}"}
{"asctime": "2024-12-20T15:20:44", "msecs": 323.0, "levelname": "DEBUG", "correlation_id": "-", "name": "integration.services.get_events_service", "lineno": 30, "message": "Response received: Status code 200, Headers: {'date': 'Fri, 20 Dec 2024 15:20:43 GMT', 'server': 'uvicorn', 'content-length': '4770', 'content-type': 'application/json'}"}
{"asctime": "2024-12-20T15:20:44", "msecs": 327.0, "levelname": "INFO", "correlation_id": "-", "name": "integration.services.get_events_service", "lineno": 41, "message": "Events fetched successfully: 40 events found starting at 2024-12-20 15:20:32.263119."}
{"asctime": "2024-12-20T15:20:44", "msecs": 331.0, "levelname": "INFO", "correlation_id": "-", "name": "integration.handlers.all_events_handler", "lineno": 31, "message": "Starting to process events"}
{"asctime": "2024-12-20T15:20:54", "msecs": 351.0, "levelname": "INFO", "correlation_id": "-", "name": "integration.main", "lineno": 25, "message": "Start time --> 2024-12-20 15:20:44.351948"}
{"asctime": "2024-12-20T15:20:54", "msecs": 353.0, "levelname": "INFO", "correlation_id": "-", "name": "integration.handlers.get_events_handler", "lineno": 20, "message": "getting events starting from 2024-12-20 15:20:44.351948"}
{"asctime": "2024-12-20T15:20:54", "msecs": 356.0, "levelname": "DEBUG", "correlation_id": "-", "name": "integration.services.get_events_service", "lineno": 26, "message": "Fetching events with parameters: {'start_at': datetime.datetime(2024, 12, 20, 15, 20, 44, 351948)}"}
{"asctime": "2024-12-20T15:20:56", "msecs": 429.0, "levelname": "DEBUG", "correlation_id": "-", "name": "integration.services.get_events_service", "lineno": 30, "message": "Response received: Status code 200, Headers: {'date': 'Fri, 20 Dec 2024 15:20:56 GMT', 'server': 'uvicorn', 'content-length': '4883', 'content-type': 'application/json'}"}
{"asctime": "2024-12-20T15:20:56", "msecs": 432.0, "levelname": "INFO", "correlation_id": "-", "name": "integration.services.get_events_service", "lineno": 41, "message": "Events fetched successfully: 43 events found starting at 2024-12-20 15:20:44.351948."}
{"asctime": "2024-12-20T15:20:56", "msecs": 437.0, "levelname": "INFO", "correlation_id": "-", "name": "integration.handlers.all_events_handler", "lineno": 31, "message": "Starting to process events"}
{"asctime": "2024-12-20T15:21:06", "msecs": 411.0, "levelname": "INFO", "correlation_id": "-", "name": "integration.main", "lineno": 25, "message": "Start time --> 2024-12-20 15:20:56.411137"}
{"asctime": "2024-12-20T15:21:06", "msecs": 413.0, "levelname": "INFO", "correlation_id": "-", "name": "integration.handlers.get_events_handler", "lineno": 20, "message": "getting events starting from 2024-12-20 15:20:56.411137"}
{"asctime": "2024-12-20T15:21:06", "msecs": 416.0, "levelname": "DEBUG", "correlation_id": "-", "name": "integration.services.get_events_service", "lineno": 26, "message": "Fetching events with parameters: {'start_at': datetime.datetime(2024, 12, 20, 15, 20, 56, 411137)}"}
{"asctime": "2024-12-20T15:21:08", "msecs": 463.0, "levelname": "DEBUG", "correlation_id": "-", "name": "integration.services.get_events_service", "lineno": 30, "message": "Response received: Status code 200, Headers: {'date': 'Fri, 20 Dec 2024 15:21:08 GMT', 'server': 'uvicorn', 'content-length': '4761', 'content-type': 'application/json'}"}
{"asctime": "2024-12-20T15:21:08", "msecs": 468.0, "levelname": "INFO", "correlation_id": "-", "name": "integration.services.get_events_service", "lineno": 41, "message": "Events fetched successfully: 41 events found starting at 2024-12-20 15:20:56.411137."}
{"asctime": "2024-12-20T15:21:08", "msecs": 474.0, "levelname": "INFO", "correlation_id": "-", "name": "integration.handlers.all_events_handler", "lineno": 31, "message": "Starting to process events"}
{"asctime": "2024-12-20T15:21:18", "msecs": 496.0, "levelname": "INFO", "correlation_id": "-", "name": "integration.main", "lineno": 25, "message": "Start time --> 2024-12-20 15:21:08.496133"}
{"asctime": "2024-12-20T15:21:18", "msecs": 499.0, "levelname": "INFO", "correlation_id": "-", "name": "integration.handlers.get_events_handler", "lineno": 20, "message": "getting events starting from 2024-12-20 15:21:08.496133"}
{"asctime": "2024-12-20T15:21:18", "msecs": 503.0, "levelname": "DEBUG", "correlation_id": "-", "name": "integration.services.get_events_service", "lineno": 26, "message": "Fetching events with parameters: {'start_at': datetime.datetime(2024, 12, 20, 15, 21, 8, 496133)}"}
{"asctime": "2024-12-20T15:21:20", "msecs": 558.0, "levelname": "DEBUG", "correlation_id": "-", "name": "integration.services.get_events_service", "lineno": 30, "message": "Response received: Status code 200, Headers: {'date': 'Fri, 20 Dec 2024 15:21:20 GMT', 'server': 'uvicorn', 'content-length': '5359', 'content-type': 'application/json'}"}
{"asctime": "2024-12-20T15:21:20", "msecs": 563.0, "levelname": "INFO", "correlation_id": "-", "name": "integration.services.get_events_service", "lineno": 41, "message": "Events fetched successfully: 47 events found starting at 2024-12-20 15:21:08.496133."}
{"asctime": "2024-12-20T15:21:20", "msecs": 567.0, "levelname": "INFO", "correlation_id": "-", "name": "integration.handlers.all_events_handler", "lineno": 31, "message": "Starting to process events"}
{"asctime": "2024-12-20T15:21:30", "msecs": 577.0, "levelname": "INFO", "correlation_id": "-", "name": "integration.main", "lineno": 25, "message": "Start time --> 2024-12-20 15:21:20.577547"}
{"asctime": "2024-12-20T15:21:30", "msecs": 580.0, "levelname": "INFO", "correlation_id": "-", "name": "integration.handlers.get_events_handler", "lineno": 20, "message": "getting events starting from 2024-12-20 15:21:20.577547"}
{"asctime": "2024-12-20T15:21:30", "msecs": 583.0, "levelname": "DEBUG", "correlation_id": "-", "name": "integration.services.get_events_service", "lineno": 26, "message": "Fetching events with parameters: {'start_at': datetime.datetime(2024, 12, 20, 15, 21, 20, 577547)}"}
{"asctime": "2024-12-20T15:21:32", "msecs": 642.0, "levelname": "DEBUG", "correlation_id": "-", "name": "integration.services.get_events_service", "lineno": 30, "message": "Response received: Status code 200, Headers: {'date': 'Fri, 20 Dec 2024 15:21:32 GMT', 'server': 'uvicorn', 'content-length': '4182', 'content-type': 'application/json'}"}
{"asctime": "2024-12-20T15:21:32", "msecs": 646.0, "levelname": "INFO", "correlation_id": "-", "name": "integration.services.get_events_service", "lineno": 41, "message": "Events fetched successfully: 37 events found starting at 2024-12-20 15:21:20.577547."}
{"asctime": "2024-12-20T15:21:32", "msecs": 650.0, "levelname": "INFO", "correlation_id": "-", "name": "integration.handlers.all_events_handler", "lineno": 31, "message": "Starting to process events"}
{"asctime": "2024-12-20T15:21:32", "msecs": 652.0, "levelname": "INFO", "correlation_id": "-", "name": "integration.handlers.start_event_handler", "lineno": 9, "message": "Starting to handle start event"}
{"asctime": "2024-12-20T15:21:32", "msecs": 655.0, "levelname": "INFO", "correlation_id": "-", "name": "integration.services.event_preprocessing_service", "lineno": 17, "message": "Starting event preprocessing"}
{"asctime": "2024-12-20T15:21:32", "msecs": 658.0, "levelname": "DEBUG", "correlation_id": "-", "name": "integration.services.event_preprocessing_service", "lineno": 18, "message": "event --> {'conversation_id': 53, 'event_name': 'START', 'event_at': 1734708092, 'data': None}"}
{"asctime": "2024-12-20T15:21:32", "msecs": 661.0, "levelname": "INFO", "correlation_id": "-", "name": "integration.services.get_conversation_details_service", "lineno": 26, "message": "Fetching conversation details for conversation_id: 53"}
{"asctime": "2024-12-20T15:21:34", "msecs": 706.0, "levelname": "INFO", "correlation_id": "-", "name": "integration.services.get_conversation_details_service", "lineno": 50, "message": "Conversation details fetched successfully."}
{"asctime": "2024-12-20T15:21:34", "msecs": 710.0, "levelname": "INFO", "correlation_id": "-", "name": "integration.services.get_advisor_service", "lineno": 26, "message": "Fetching advisor details for advisor_id: 1"}
{"asctime": "2024-12-20T15:21:36", "msecs": 774.0, "levelname": "INFO", "correlation_id": "-", "name": "integration.services.get_advisor_service", "lineno": 44, "message": "Advisor details fetched successfully."}
{"asctime": "2024-12-20T15:21:36", "msecs": 777.0, "levelname": "INFO", "correlation_id": "-", "name": "integration.services.is_agent_exist_service", "lineno": 27, "message": "Checking if agent exists for email: julie_stevens@company.com"}
{"asctime": "2024-12-20T15:21:38", "msecs": 827.0, "levelname": "INFO", "correlation_id": "-", "name": "integration.services.is_agent_exist_service", "lineno": 45, "message": "Agent fetch successful: 1 agents found."}
{"asctime": "2024-12-20T15:21:38", "msecs": 830.0, "levelname": "DEBUG", "correlation_id": "-", "name": "integration.services.start_event_service", "lineno": 40, "message": "Starting event with payload: {'agent_id': '5447ea4c-5465-4503-a178-0d638943df51', 'started_at': '2024-12-20T15:21:32.000000', 'external_id': '53'}"}
{"asctime": "2024-12-20T15:21:40", "msecs": 880.0, "levelname": "INFO", "correlation_id": "-", "name": "integration.services.start_event_service", "lineno": 58, "message": "Event started successfully: {'agent_id': '5447ea4c-5465-4503-a178-0d638943df51', 'started_at': '2024-12-20T15:21:32', 'ended_at': None, 'external_id': '53', 'chat_id': '36d5f51b-5b28-4fcb-8bf7-f0001751a6b0'}"}
{"asctime": "2024-12-20T15:21:40", "msecs": 883.0, "levelname": "INFO", "correlation_id": "-", "name": "integration.services.event_preprocessing_service", "lineno": 75, "message": "Event processed successfully"}
{"asctime": "2024-12-20T15:21:40", "msecs": 885.0, "levelname": "INFO", "correlation_id": "-", "name": "integration.handlers.start_event_handler", "lineno": 19, "message": "Event preprocessing completed successfully"}
{"asctime": "2024-12-20T15:21:40", "msecs": 930.0, "levelname": "INFO", "correlation_id": "-", "name": "integration.handlers.start_event_handler", "lineno": 33, "message": "Start event handled successfully, event saved in database"}
{"asctime": "2024-12-20T15:21:42", "msecs": 670.0, "levelname": "INFO", "correlation_id": "-", "name": "integration.main", "lineno": 25, "message": "Start time --> 2024-12-20 15:21:32.670525"}
{"asctime": "2024-12-20T15:21:42", "msecs": 672.0, "levelname": "INFO", "correlation_id": "-", "name": "integration.handlers.get_events_handler", "lineno": 20, "message": "getting events starting from 2024-12-20 15:21:32.670525"}
{"asctime": "2024-12-20T15:21:42", "msecs": 675.0, "levelname": "DEBUG", "correlation_id": "-", "name": "integration.services.get_events_service", "lineno": 26, "message": "Fetching events with parameters: {'start_at': datetime.datetime(2024, 12, 20, 15, 21, 32, 670525)}"}
{"asctime": "2024-12-20T15:21:44", "msecs": 726.0, "levelname": "DEBUG", "correlation_id": "-", "name": "integration.services.get_events_service", "lineno": 30, "message": "Response received: Status code 200, Headers: {'date': 'Fri, 20 Dec 2024 15:21:44 GMT', 'server': 'uvicorn', 'content-length': '5198', 'content-type': 'application/json'}"}
{"asctime": "2024-12-20T15:21:44", "msecs": 729.0, "levelname": "INFO", "correlation_id": "-", "name": "integration.services.get_events_service", "lineno": 41, "message": "Events fetched successfully: 44 events found starting at 2024-12-20 15:21:32.670525."}
{"asctime": "2024-12-20T15:21:44", "msecs": 733.0, "levelname": "INFO", "correlation_id": "-", "name": "integration.handlers.all_events_handler", "lineno": 31, "message": "Starting to process events"}
{"asctime": "2024-12-20T15:21:44", "msecs": 736.0, "levelname": "INFO", "correlation_id": "-", "name": "integration.handlers.start_event_handler", "lineno": 9, "message": "Starting to handle start event"}
{"asctime": "2024-12-20T15:21:44", "msecs": 738.0, "levelname": "INFO", "correlation_id": "-", "name": "integration.services.event_preprocessing_service", "lineno": 17, "message": "Starting event preprocessing"}
{"asctime": "2024-12-20T15:21:44", "msecs": 741.0, "levelname": "DEBUG", "correlation_id": "-", "name": "integration.services.event_preprocessing_service", "lineno": 18, "message": "event --> {'conversation_id': 54, 'event_name': 'START', 'event_at': 1734708104, 'data': None}"}
{"asctime": "2024-12-20T15:21:44", "msecs": 746.0, "levelname": "INFO", "correlation_id": "-", "name": "integration.services.get_conversation_details_service", "lineno": 26, "message": "Fetching conversation details for conversation_id: 54"}
{"asctime": "2024-12-20T15:21:46", "msecs": 790.0, "levelname": "INFO", "correlation_id": "-", "name": "integration.services.get_conversation_details_service", "lineno": 50, "message": "Conversation details fetched successfully."}
{"asctime": "2024-12-20T15:21:46", "msecs": 793.0, "levelname": "INFO", "correlation_id": "-", "name": "integration.services.get_advisor_service", "lineno": 26, "message": "Fetching advisor details for advisor_id: 4"}
{"asctime": "2024-12-20T15:21:48", "msecs": 829.0, "levelname": "INFO", "correlation_id": "-", "name": "integration.services.get_advisor_service", "lineno": 44, "message": "Advisor details fetched successfully."}
{"asctime": "2024-12-20T15:21:48", "msecs": 831.0, "levelname": "INFO", "correlation_id": "-", "name": "integration.services.is_agent_exist_service", "lineno": 27, "message": "Checking if agent exists for email: jacob_jones@company.com"}
{"asctime": "2024-12-20T15:21:50", "msecs": 884.0, "levelname": "INFO", "correlation_id": "-", "name": "integration.services.is_agent_exist_service", "lineno": 45, "message": "Agent fetch successful: 1 agents found."}
{"asctime": "2024-12-20T15:21:50", "msecs": 887.0, "levelname": "DEBUG", "correlation_id": "-", "name": "integration.services.start_event_service", "lineno": 40, "message": "Starting event with payload: {'agent_id': 'ed527412-9923-403e-8890-86849c3ec01f', 'started_at': '2024-12-20T15:21:44.000000', 'external_id': '54'}"}
{"asctime": "2024-12-20T15:21:52", "msecs": 938.0, "levelname": "INFO", "correlation_id": "-", "name": "integration.services.start_event_service", "lineno": 58, "message": "Event started successfully: {'agent_id': 'ed527412-9923-403e-8890-86849c3ec01f', 'started_at': '2024-12-20T15:21:44', 'ended_at': None, 'external_id': '54', 'chat_id': '085716ae-4090-41a0-8930-fa74dc4d2ae3'}"}
{"asctime": "2024-12-20T15:21:52", "msecs": 945.0, "levelname": "INFO", "correlation_id": "-", "name": "integration.services.event_preprocessing_service", "lineno": 75, "message": "Event processed successfully"}
{"asctime": "2024-12-20T15:21:52", "msecs": 948.0, "levelname": "INFO", "correlation_id": "-", "name": "integration.handlers.start_event_handler", "lineno": 19, "message": "Event preprocessing completed successfully"}
{"asctime": "2024-12-20T15:21:53", "msecs": 289.0, "levelname": "INFO", "correlation_id": "-", "name": "integration.handlers.start_event_handler", "lineno": 33, "message": "Start event handled successfully, event saved in database"}
{"asctime": "2024-12-20T15:21:54", "msecs": 753.0, "levelname": "INFO", "correlation_id": "-", "name": "integration.main", "lineno": 25, "message": "Start time --> 2024-12-20 15:21:44.753447"}
{"asctime": "2024-12-20T15:21:54", "msecs": 784.0, "levelname": "INFO", "correlation_id": "-", "name": "integration.handlers.get_events_handler", "lineno": 20, "message": "getting events starting from 2024-12-20 15:21:44.753447"}
{"asctime": "2024-12-20T15:21:54", "msecs": 789.0, "levelname": "DEBUG", "correlation_id": "-", "name": "integration.services.get_events_service", "lineno": 26, "message": "Fetching events with parameters: {'start_at': datetime.datetime(2024, 12, 20, 15, 21, 44, 753447)}"}
{"asctime": "2024-12-20T15:21:56", "msecs": 838.0, "levelname": "DEBUG", "correlation_id": "-", "name": "integration.services.get_events_service", "lineno": 30, "message": "Response received: Status code 500, Headers: {'date': 'Fri, 20 Dec 2024 15:21:56 GMT', 'server': 'uvicorn', 'content-length': '21', 'content-type': 'text/plain; charset=utf-8'}"}
{"asctime": "2024-12-20T15:21:56", "msecs": 842.0, "levelname": "ERROR", "correlation_id": "-", "name": "integration.services.get_events_service", "lineno": 33, "message": "Unhandled status code: 500. Parameters: {'start_at': datetime.datetime(2024, 12, 20, 15, 21, 44, 753447)}"}
{"asctime": "2024-12-20T15:21:56", "msecs": 847.0, "levelname": "WARNING", "correlation_id": "-", "name": "integration.handlers.all_events_handler", "lineno": 29, "message": "No events found"}
{"asctime": "2024-12-20T15:22:06", "msecs": 854.0, "levelname": "INFO", "correlation_id": "-", "name": "integration.main", "lineno": 25, "message": "Start time --> 2024-12-20 15:21:56.854296"}
{"asctime": "2024-12-20T15:22:06", "msecs": 856.0, "levelname": "INFO", "correlation_id": "-", "name": "integration.handlers.get_events_handler", "lineno": 20, "message": "getting events starting from 2024-12-20 15:21:56.854296"}
{"asctime": "2024-12-20T15:22:06", "msecs": 859.0, "levelname": "DEBUG", "correlation_id": "-", "name": "integration.services.get_events_service", "lineno": 26, "message": "Fetching events with parameters: {'start_at': datetime.datetime(2024, 12, 20, 15, 21, 56, 854296)}"}
{"asctime": "2024-12-20T15:22:08", "msecs": 963.0, "levelname": "DEBUG", "correlation_id": "-", "name": "integration.services.get_events_service", "lineno": 30, "message": "Response received: Status code 200, Headers: {'date': 'Fri, 20 Dec 2024 15:22:08 GMT', 'server': 'uvicorn', 'content-length': '5436', 'content-type': 'application/json'}"}
{"asctime": "2024-12-20T15:22:08", "msecs": 971.0, "levelname": "INFO", "correlation_id": "-", "name": "integration.services.get_events_service", "lineno": 41, "message": "Events fetched successfully: 47 events found starting at 2024-12-20 15:21:56.854296."}
{"asctime": "2024-12-20T15:22:08", "msecs": 977.0, "levelname": "INFO", "correlation_id": "-", "name": "integration.handlers.all_events_handler", "lineno": 31, "message": "Starting to process events"}
{"asctime": "2024-12-20T15:22:08", "msecs": 982.0, "levelname": "INFO", "correlation_id": "-", "name": "integration.handlers.start_event_handler", "lineno": 9, "message": "Starting to handle start event"}
{"asctime": "2024-12-20T15:22:08", "msecs": 985.0, "levelname": "INFO", "correlation_id": "-", "name": "integration.services.event_preprocessing_service", "lineno": 17, "message": "Starting event preprocessing"}
{"asctime": "2024-12-20T15:22:08", "msecs": 990.0, "levelname": "DEBUG", "correlation_id": "-", "name": "integration.services.event_preprocessing_service", "lineno": 18, "message": "event --> {'conversation_id': 55, 'event_name': 'START', 'event_at': 1734708128, 'data': None}"}
{"asctime": "2024-12-20T15:22:08", "msecs": 995.0, "levelname": "INFO", "correlation_id": "-", "name": "integration.services.get_conversation_details_service", "lineno": 26, "message": "Fetching conversation details for conversation_id: 55"}
{"asctime": "2024-12-20T15:22:11", "msecs": 41.0, "levelname": "INFO", "correlation_id": "-", "name": "integration.services.get_conversation_details_service", "lineno": 50, "message": "Conversation details fetched successfully."}
{"asctime": "2024-12-20T15:22:11", "msecs": 44.0, "levelname": "INFO", "correlation_id": "-", "name": "integration.services.get_advisor_service", "lineno": 26, "message": "Fetching advisor details for advisor_id: 7"}
{"asctime": "2024-12-20T15:22:13", "msecs": 84.0, "levelname": "INFO", "correlation_id": "-", "name": "integration.services.get_advisor_service", "lineno": 44, "message": "Advisor details fetched successfully."}
{"asctime": "2024-12-20T15:22:13", "msecs": 86.0, "levelname": "INFO", "correlation_id": "-", "name": "integration.services.is_agent_exist_service", "lineno": 27, "message": "Checking if agent exists for email: raymond_thomas-mason@company.com"}
{"asctime": "2024-12-20T15:22:15", "msecs": 127.0, "levelname": "INFO", "correlation_id": "-", "name": "integration.services.is_agent_exist_service", "lineno": 45, "message": "Agent fetch successful: 1 agents found."}
{"asctime": "2024-12-20T15:22:15", "msecs": 131.0, "levelname": "DEBUG", "correlation_id": "-", "name": "integration.services.start_event_service", "lineno": 40, "message": "Starting event with payload: {'agent_id': 'a79bc63d-f677-4e52-a0cc-0fd5f9ac0f07', 'started_at': '2024-12-20T15:22:08.000000', 'external_id': '55'}"}
{"asctime": "2024-12-20T15:22:17", "msecs": 190.0, "levelname": "INFO", "correlation_id": "-", "name": "integration.services.start_event_service", "lineno": 58, "message": "Event started successfully: {'agent_id': 'a79bc63d-f677-4e52-a0cc-0fd5f9ac0f07', 'started_at': '2024-12-20T15:22:08', 'ended_at': None, 'external_id': '55', 'chat_id': '6c06002b-776a-4b62-a36b-3188ba80da5c'}"}
{"asctime": "2024-12-20T15:22:17", "msecs": 194.0, "levelname": "INFO", "correlation_id": "-", "name": "integration.services.event_preprocessing_service", "lineno": 75, "message": "Event processed successfully"}
{"asctime": "2024-12-20T15:22:17", "msecs": 196.0, "levelname": "INFO", "correlation_id": "-", "name": "integration.handlers.start_event_handler", "lineno": 19, "message": "Event preprocessing completed successfully"}
{"asctime": "2024-12-20T15:22:17", "msecs": 328.0, "levelname": "INFO", "correlation_id": "-", "name": "integration.handlers.start_event_handler", "lineno": 33, "message": "Start event handled successfully, event saved in database"}
{"asctime": "2024-12-20T15:22:18", "msecs": 955.0, "levelname": "INFO", "correlation_id": "-", "name": "integration.main", "lineno": 25, "message": "Start time --> 2024-12-20 15:22:08.955208"}
{"asctime": "2024-12-20T15:22:18", "msecs": 958.0, "levelname": "INFO", "correlation_id": "-", "name": "integration.handlers.get_events_handler", "lineno": 20, "message": "getting events starting from 2024-12-20 15:22:08.955208"}
{"asctime": "2024-12-20T15:22:18", "msecs": 962.0, "levelname": "DEBUG", "correlation_id": "-", "name": "integration.services.get_events_service", "lineno": 26, "message": "Fetching events with parameters: {'start_at': datetime.datetime(2024, 12, 20, 15, 22, 8, 955208)}"}
{"asctime": "2024-12-20T15:22:21", "msecs": 13.0, "levelname": "DEBUG", "correlation_id": "-", "name": "integration.services.get_events_service", "lineno": 30, "message": "Response received: Status code 200, Headers: {'date': 'Fri, 20 Dec 2024 15:22:20 GMT', 'server': 'uvicorn', 'content-length': '5156', 'content-type': 'application/json'}"}
{"asctime": "2024-12-20T15:22:21", "msecs": 18.0, "levelname": "INFO", "correlation_id": "-", "name": "integration.services.get_events_service", "lineno": 41, "message": "Events fetched successfully: 44 events found starting at 2024-12-20 15:22:08.955208."}
{"asctime": "2024-12-20T15:22:21", "msecs": 23.0, "levelname": "INFO", "correlation_id": "-", "name": "integration.handlers.all_events_handler", "lineno": 31, "message": "Starting to process events"}
{"asctime": "2024-12-20T15:22:21", "msecs": 26.0, "levelname": "INFO", "correlation_id": "-", "name": "integration.handlers.start_event_handler", "lineno": 9, "message": "Starting to handle start event"}
{"asctime": "2024-12-20T15:22:21", "msecs": 29.0, "levelname": "INFO", "correlation_id": "-", "name": "integration.services.event_preprocessing_service", "lineno": 17, "message": "Starting event preprocessing"}
{"asctime": "2024-12-20T15:22:21", "msecs": 33.0, "levelname": "DEBUG", "correlation_id": "-", "name": "integration.services.event_preprocessing_service", "lineno": 18, "message": "event --> {'conversation_id': 56, 'event_name': 'START', 'event_at': 1734708141, 'data': None}"}
{"asctime": "2024-12-20T15:22:21", "msecs": 38.0, "levelname": "INFO", "correlation_id": "-", "name": "integration.services.get_conversation_details_service", "lineno": 26, "message": "Fetching conversation details for conversation_id: 56"}
{"asctime": "2024-12-20T15:22:23", "msecs": 73.0, "levelname": "INFO", "correlation_id": "-", "name": "integration.services.get_conversation_details_service", "lineno": 50, "message": "Conversation details fetched successfully."}
{"asctime": "2024-12-20T15:22:23", "msecs": 76.0, "levelname": "INFO", "correlation_id": "-", "name": "integration.services.get_advisor_service", "lineno": 26, "message": "Fetching advisor details for advisor_id: 4"}
{"asctime": "2024-12-20T15:22:25", "msecs": 121.0, "levelname": "INFO", "correlation_id": "-", "name": "integration.services.get_advisor_service", "lineno": 44, "message": "Advisor details fetched successfully."}
{"asctime": "2024-12-20T15:22:25", "msecs": 126.0, "levelname": "INFO", "correlation_id": "-", "name": "integration.services.is_agent_exist_service", "lineno": 27, "message": "Checking if agent exists for email: jacob_jones@company.com"}
{"asctime": "2024-12-20T15:22:27", "msecs": 162.0, "levelname": "INFO", "correlation_id": "-", "name": "integration.services.is_agent_exist_service", "lineno": 45, "message": "Agent fetch successful: 1 agents found."}
{"asctime": "2024-12-20T15:22:27", "msecs": 166.0, "levelname": "DEBUG", "correlation_id": "-", "name": "integration.services.start_event_service", "lineno": 40, "message": "Starting event with payload: {'agent_id': 'ed527412-9923-403e-8890-86849c3ec01f', 'started_at': '2024-12-20T15:22:21.000000', 'external_id': '56'}"}
{"asctime": "2024-12-20T15:22:29", "msecs": 228.0, "levelname": "INFO", "correlation_id": "-", "name": "integration.services.start_event_service", "lineno": 58, "message": "Event started successfully: {'agent_id': 'ed527412-9923-403e-8890-86849c3ec01f', 'started_at': '2024-12-20T15:22:21', 'ended_at': None, 'external_id': '56', 'chat_id': '981f8c90-add4-42ae-afa1-88e847bb026e'}"}
{"asctime": "2024-12-20T15:22:29", "msecs": 233.0, "levelname": "INFO", "correlation_id": "-", "name": "integration.services.event_preprocessing_service", "lineno": 75, "message": "Event processed successfully"}
{"asctime": "2024-12-20T15:22:29", "msecs": 236.0, "levelname": "INFO", "correlation_id": "-", "name": "integration.handlers.start_event_handler", "lineno": 19, "message": "Event preprocessing completed successfully"}
{"asctime": "2024-12-20T15:22:29", "msecs": 311.0, "levelname": "INFO", "correlation_id": "-", "name": "integration.handlers.start_event_handler", "lineno": 33, "message": "Start event handled successfully, event saved in database"}
{"asctime": "2024-12-20T15:22:31", "msecs": 38.0, "levelname": "INFO", "correlation_id": "-", "name": "integration.main", "lineno": 25, "message": "Start time --> 2024-12-20 15:22:21.038496"}
{"asctime": "2024-12-20T15:22:31", "msecs": 41.0, "levelname": "INFO", "correlation_id": "-", "name": "integration.handlers.get_events_handler", "lineno": 20, "message": "getting events starting from 2024-12-20 15:22:21.038496"}
{"asctime": "2024-12-20T15:22:31", "msecs": 45.0, "levelname": "DEBUG", "correlation_id": "-", "name": "integration.services.get_events_service", "lineno": 26, "message": "Fetching events with parameters: {'start_at': datetime.datetime(2024, 12, 20, 15, 22, 21, 38496)}"}
{"asctime": "2024-12-20T15:22:33", "msecs": 124.0, "levelname": "DEBUG", "correlation_id": "-", "name": "integration.services.get_events_service", "lineno": 30, "message": "Response received: Status code 200, Headers: {'date': 'Fri, 20 Dec 2024 15:22:32 GMT', 'server': 'uvicorn', 'content-length': '5572', 'content-type': 'application/json'}"}
{"asctime": "2024-12-20T15:22:33", "msecs": 134.0, "levelname": "INFO", "correlation_id": "-", "name": "integration.services.get_events_service", "lineno": 41, "message": "Events fetched successfully: 49 events found starting at 2024-12-20 15:22:21.038496."}
{"asctime": "2024-12-20T15:22:33", "msecs": 139.0, "levelname": "INFO", "correlation_id": "-", "name": "integration.handlers.all_events_handler", "lineno": 31, "message": "Starting to process events"}
{"asctime": "2024-12-20T15:22:33", "msecs": 143.0, "levelname": "INFO", "correlation_id": "-", "name": "integration.handlers.start_event_handler", "lineno": 9, "message": "Starting to handle start event"}
{"asctime": "2024-12-20T15:22:33", "msecs": 148.0, "levelname": "INFO", "correlation_id": "-", "name": "integration.services.event_preprocessing_service", "lineno": 17, "message": "Starting event preprocessing"}
{"asctime": "2024-12-20T15:22:33", "msecs": 151.0, "levelname": "DEBUG", "correlation_id": "-", "name": "integration.services.event_preprocessing_service", "lineno": 18, "message": "event --> {'conversation_id': 57, 'event_name': 'START', 'event_at': 1734708153, 'data': None}"}
{"asctime": "2024-12-20T15:22:33", "msecs": 155.0, "levelname": "INFO", "correlation_id": "-", "name": "integration.services.get_conversation_details_service", "lineno": 26, "message": "Fetching conversation details for conversation_id: 57"}
{"asctime": "2024-12-20T15:22:35", "msecs": 196.0, "levelname": "INFO", "correlation_id": "-", "name": "integration.services.get_conversation_details_service", "lineno": 50, "message": "Conversation details fetched successfully."}
{"asctime": "2024-12-20T15:22:35", "msecs": 200.0, "levelname": "INFO", "correlation_id": "-", "name": "integration.services.get_advisor_service", "lineno": 26, "message": "Fetching advisor details for advisor_id: 8"}
{"asctime": "2024-12-20T15:22:37", "msecs": 237.0, "levelname": "INFO", "correlation_id": "-", "name": "integration.services.get_advisor_service", "lineno": 44, "message": "Advisor details fetched successfully."}
{"asctime": "2024-12-20T15:22:37", "msecs": 240.0, "levelname": "INFO", "correlation_id": "-", "name": "integration.services.is_agent_exist_service", "lineno": 27, "message": "Checking if agent exists for email: dr_judith_knight@company.com"}
{"asctime": "2024-12-20T15:22:39", "msecs": 276.0, "levelname": "INFO", "correlation_id": "-", "name": "integration.services.is_agent_exist_service", "lineno": 45, "message": "Agent fetch successful: 1 agents found."}
{"asctime": "2024-12-20T15:22:39", "msecs": 279.0, "levelname": "DEBUG", "correlation_id": "-", "name": "integration.services.start_event_service", "lineno": 40, "message": "Starting event with payload: {'agent_id': '09ba5e3a-723a-4e80-9591-e2b88a446986', 'started_at': '2024-12-20T15:22:33.000000', 'external_id': '57'}"}
{"asctime": "2024-12-20T15:22:41", "msecs": 329.0, "levelname": "INFO", "correlation_id": "-", "name": "integration.services.start_event_service", "lineno": 58, "message": "Event started successfully: {'agent_id': '09ba5e3a-723a-4e80-9591-e2b88a446986', 'started_at': '2024-12-20T15:22:33', 'ended_at': None, 'external_id': '57', 'chat_id': '9c0442d3-0e43-4d1c-ae38-2b34afdd7793'}"}
{"asctime": "2024-12-20T15:22:41", "msecs": 332.0, "levelname": "INFO", "correlation_id": "-", "name": "integration.services.event_preprocessing_service", "lineno": 75, "message": "Event processed successfully"}
{"asctime": "2024-12-20T15:22:41", "msecs": 335.0, "levelname": "INFO", "correlation_id": "-", "name": "integration.handlers.start_event_handler", "lineno": 19, "message": "Event preprocessing completed successfully"}
{"asctime": "2024-12-20T15:22:41", "msecs": 636.0, "levelname": "INFO", "correlation_id": "-", "name": "integration.handlers.start_event_handler", "lineno": 33, "message": "Start event handled successfully, event saved in database"}
{"asctime": "2024-12-20T15:22:43", "msecs": 142.0, "levelname": "INFO", "correlation_id": "-", "name": "integration.main", "lineno": 25, "message": "Start time --> 2024-12-20 15:22:33.142853"}
{"asctime": "2024-12-20T15:22:43", "msecs": 145.0, "levelname": "INFO", "correlation_id": "-", "name": "integration.handlers.get_events_handler", "lineno": 20, "message": "getting events starting from 2024-12-20 15:22:33.142853"}
{"asctime": "2024-12-20T15:22:43", "msecs": 148.0, "levelname": "DEBUG", "correlation_id": "-", "name": "integration.services.get_events_service", "lineno": 26, "message": "Fetching events with parameters: {'start_at': datetime.datetime(2024, 12, 20, 15, 22, 33, 142853)}"}
{"asctime": "2024-12-20T15:22:45", "msecs": 215.0, "levelname": "DEBUG", "correlation_id": "-", "name": "integration.services.get_events_service", "lineno": 30, "message": "Response received: Status code 200, Headers: {'date': 'Fri, 20 Dec 2024 15:22:44 GMT', 'server': 'uvicorn', 'content-length': '5159', 'content-type': 'application/json'}"}
{"asctime": "2024-12-20T15:22:45", "msecs": 219.0, "levelname": "INFO", "correlation_id": "-", "name": "integration.services.get_events_service", "lineno": 41, "message": "Events fetched successfully: 45 events found starting at 2024-12-20 15:22:33.142853."}
{"asctime": "2024-12-20T15:22:45", "msecs": 223.0, "levelname": "INFO", "correlation_id": "-", "name": "integration.handlers.all_events_handler", "lineno": 31, "message": "Starting to process events"}
{"asctime": "2024-12-20T15:22:45", "msecs": 226.0, "levelname": "INFO", "correlation_id": "-", "name": "integration.handlers.start_event_handler", "lineno": 9, "message": "Starting to handle start event"}
{"asctime": "2024-12-20T15:22:45", "msecs": 228.0, "levelname": "INFO", "correlation_id": "-", "name": "integration.services.event_preprocessing_service", "lineno": 17, "message": "Starting event preprocessing"}
{"asctime": "2024-12-20T15:22:45", "msecs": 231.0, "levelname": "DEBUG", "correlation_id": "-", "name": "integration.services.event_preprocessing_service", "lineno": 18, "message": "event --> {'conversation_id': 58, 'event_name': 'START', 'event_at': 1734708165, 'data': None}"}
{"asctime": "2024-12-20T15:22:45", "msecs": 236.0, "levelname": "INFO", "correlation_id": "-", "name": "integration.services.get_conversation_details_service", "lineno": 26, "message": "Fetching conversation details for conversation_id: 58"}
{"asctime": "2024-12-20T15:22:47", "msecs": 295.0, "levelname": "INFO", "correlation_id": "-", "name": "integration.services.get_conversation_details_service", "lineno": 50, "message": "Conversation details fetched successfully."}
{"asctime": "2024-12-20T15:22:47", "msecs": 298.0, "levelname": "INFO", "correlation_id": "-", "name": "integration.services.get_advisor_service", "lineno": 26, "message": "Fetching advisor details for advisor_id: 8"}
{"asctime": "2024-12-20T15:22:49", "msecs": 345.0, "levelname": "INFO", "correlation_id": "-", "name": "integration.services.get_advisor_service", "lineno": 44, "message": "Advisor details fetched successfully."}
{"asctime": "2024-12-20T15:22:49", "msecs": 349.0, "levelname": "INFO", "correlation_id": "-", "name": "integration.services.is_agent_exist_service", "lineno": 27, "message": "Checking if agent exists for email: dr_judith_knight@company.com"}
{"asctime": "2024-12-20T15:27:00", "msecs": 919.0, "levelname": "INFO", "correlation_id": "-", "name": "integration.services.is_agent_exist_service", "lineno": 45, "message": "Agent fetch successful: 1 agents found."}
{"asctime": "2024-12-20T15:27:00", "msecs": 924.0, "levelname": "DEBUG", "correlation_id": "-", "name": "integration.services.start_event_service", "lineno": 40, "message": "Starting event with payload: {'agent_id': '09ba5e3a-723a-4e80-9591-e2b88a446986', 'started_at': '2024-12-20T15:22:45.000000', 'external_id': '58'}"}
{"asctime": "2024-12-20T15:27:04", "msecs": 979.0, "levelname": "ERROR", "correlation_id": "-", "name": "integration.services.start_event_service", "lineno": 70, "message": "Request exception occurred while starting the event: HTTPConnectionPool(host='localhost', port=8266): Max retries exceeded with url: /chats (Caused by NewConnectionError('<urllib3.connection.HTTPConnection object at 0x000001461EAB3410>: Failed to establish a new connection: [WinError 10061] No connection could be made because the target machine actively refused it'))", "exc_info": "Traceback (most recent call last):\n  File \"E:\\EdgeTier\\Advance\\EdgeTier-Integration-Challenge\\venv\\Lib\\site-packages\\urllib3\\connection.py\", line 199, in _new_conn\n    sock = connection.create_connection(\n           ^^^^^^^^^^^^^^^^^^^^^^^^^^^^^\n  File \"E:\\EdgeTier\\Advance\\EdgeTier-Integration-Challenge\\venv\\Lib\\site-packages\\urllib3\\util\\connection.py\", line 85, in create_connection\n    raise err\n  File \"E:\\EdgeTier\\Advance\\EdgeTier-Integration-Challenge\\venv\\Lib\\site-packages\\urllib3\\util\\connection.py\", line 73, in create_connection\n    sock.connect(sa)\nConnectionRefusedError: [WinError 10061] No connection could be made because the target machine actively refused it\n\nThe above exception was the direct cause of the following exception:\n\nTraceback (most recent call last):\n  File \"E:\\EdgeTier\\Advance\\EdgeTier-Integration-Challenge\\venv\\Lib\\site-packages\\urllib3\\connectionpool.py\", line 789, in urlopen\n    response = self._make_request(\n               ^^^^^^^^^^^^^^^^^^^\n  File \"E:\\EdgeTier\\Advance\\EdgeTier-Integration-Challenge\\venv\\Lib\\site-packages\\urllib3\\connectionpool.py\", line 495, in _make_request\n    conn.request(\n  File \"E:\\EdgeTier\\Advance\\EdgeTier-Integration-Challenge\\venv\\Lib\\site-packages\\urllib3\\connection.py\", line 441, in request\n    self.endheaders()\n  File \"C:\\Python312\\Lib\\http\\client.py\", line 1314, in endheaders\n    self._send_output(message_body, encode_chunked=encode_chunked)\n  File \"C:\\Python312\\Lib\\http\\client.py\", line 1074, in _send_output\n    self.send(msg)\n  File \"C:\\Python312\\Lib\\http\\client.py\", line 1018, in send\n    self.connect()\n  File \"E:\\EdgeTier\\Advance\\EdgeTier-Integration-Challenge\\venv\\Lib\\site-packages\\urllib3\\connection.py\", line 279, in connect\n    self.sock = self._new_conn()\n                ^^^^^^^^^^^^^^^^\n  File \"E:\\EdgeTier\\Advance\\EdgeTier-Integration-Challenge\\venv\\Lib\\site-packages\\urllib3\\connection.py\", line 214, in _new_conn\n    raise NewConnectionError(\nurllib3.exceptions.NewConnectionError: <urllib3.connection.HTTPConnection object at 0x000001461EAB3410>: Failed to establish a new connection: [WinError 10061] No connection could be made because the target machine actively refused it\n\nThe above exception was the direct cause of the following exception:\n\nTraceback (most recent call last):\n  File \"E:\\EdgeTier\\Advance\\EdgeTier-Integration-Challenge\\venv\\Lib\\site-packages\\requests\\adapters.py\", line 667, in send\n    resp = conn.urlopen(\n           ^^^^^^^^^^^^^\n  File \"E:\\EdgeTier\\Advance\\EdgeTier-Integration-Challenge\\venv\\Lib\\site-packages\\urllib3\\connectionpool.py\", line 843, in urlopen\n    retries = retries.increment(\n              ^^^^^^^^^^^^^^^^^^\n  File \"E:\\EdgeTier\\Advance\\EdgeTier-Integration-Challenge\\venv\\Lib\\site-packages\\urllib3\\util\\retry.py\", line 519, in increment\n    raise MaxRetryError(_pool, url, reason) from reason  # type: ignore[arg-type]\n    ^^^^^^^^^^^^^^^^^^^^^^^^^^^^^^^^^^^^^^^^^^^^^^^^^^^\nurllib3.exceptions.MaxRetryError: HTTPConnectionPool(host='localhost', port=8266): Max retries exceeded with url: /chats (Caused by NewConnectionError('<urllib3.connection.HTTPConnection object at 0x000001461EAB3410>: Failed to establish a new connection: [WinError 10061] No connection could be made because the target machine actively refused it'))\n\nDuring handling of the above exception, another exception occurred:\n\nTraceback (most recent call last):\n  File \"E:\\EdgeTier\\Advance\\EdgeTier-Integration-Challenge\\integration\\services\\start_event_service.py\", line 43, in start_event_service\n    response = requests.post(\n               ^^^^^^^^^^^^^^\n  File \"E:\\EdgeTier\\Advance\\EdgeTier-Integration-Challenge\\venv\\Lib\\site-packages\\requests\\api.py\", line 115, in post\n    return request(\"post\", url, data=data, json=json, **kwargs)\n           ^^^^^^^^^^^^^^^^^^^^^^^^^^^^^^^^^^^^^^^^^^^^^^^^^^^^\n  File \"E:\\EdgeTier\\Advance\\EdgeTier-Integration-Challenge\\venv\\Lib\\site-packages\\requests\\api.py\", line 59, in request\n    return session.request(method=method, url=url, **kwargs)\n           ^^^^^^^^^^^^^^^^^^^^^^^^^^^^^^^^^^^^^^^^^^^^^^^^^\n  File \"E:\\EdgeTier\\Advance\\EdgeTier-Integration-Challenge\\venv\\Lib\\site-packages\\requests\\sessions.py\", line 589, in request\n    resp = self.send(prep, **send_kwargs)\n           ^^^^^^^^^^^^^^^^^^^^^^^^^^^^^^\n  File \"E:\\EdgeTier\\Advance\\EdgeTier-Integration-Challenge\\venv\\Lib\\site-packages\\requests\\sessions.py\", line 703, in send\n    r = adapter.send(request, **kwargs)\n        ^^^^^^^^^^^^^^^^^^^^^^^^^^^^^^^\n  File \"E:\\EdgeTier\\Advance\\EdgeTier-Integration-Challenge\\venv\\Lib\\site-packages\\requests\\adapters.py\", line 700, in send\n    raise ConnectionError(e, request=request)\nrequests.exceptions.ConnectionError: HTTPConnectionPool(host='localhost', port=8266): Max retries exceeded with url: /chats (Caused by NewConnectionError('<urllib3.connection.HTTPConnection object at 0x000001461EAB3410>: Failed to establish a new connection: [WinError 10061] No connection could be made because the target machine actively refused it'))"}
{"asctime": "2024-12-20T15:27:05", "msecs": 252.0, "levelname": "ERROR", "correlation_id": "-", "name": "integration.services.event_preprocessing_service", "lineno": 72, "message": "Failed to process the event"}
{"asctime": "2024-12-20T15:27:05", "msecs": 258.0, "levelname": "ERROR", "correlation_id": "-", "name": "integration.handlers.start_event_handler", "lineno": 16, "message": "Start event preprocessing failed"}
{"asctime": "2024-12-20T15:27:05", "msecs": 263.0, "levelname": "INFO", "correlation_id": "-", "name": "integration.main", "lineno": 25, "message": "Start time --> 2024-12-20 15:26:55.263614"}
{"asctime": "2024-12-20T15:27:05", "msecs": 267.0, "levelname": "INFO", "correlation_id": "-", "name": "integration.handlers.get_events_handler", "lineno": 20, "message": "getting events starting from 2024-12-20 15:26:55.263614"}
{"asctime": "2024-12-20T15:27:05", "msecs": 271.0, "levelname": "DEBUG", "correlation_id": "-", "name": "integration.services.get_events_service", "lineno": 26, "message": "Fetching events with parameters: {'start_at': datetime.datetime(2024, 12, 20, 15, 26, 55, 263614)}"}
{"asctime": "2024-12-20T15:27:07", "msecs": 338.0, "levelname": "DEBUG", "correlation_id": "-", "name": "integration.services.get_events_service", "lineno": 30, "message": "Response received: Status code 200, Headers: {'date': 'Fri, 20 Dec 2024 15:27:06 GMT', 'server': 'uvicorn', 'content-length': '108', 'content-type': 'application/json'}"}
{"asctime": "2024-12-20T15:27:07", "msecs": 341.0, "levelname": "INFO", "correlation_id": "-", "name": "integration.services.get_events_service", "lineno": 41, "message": "Events fetched successfully: 1 events found starting at 2024-12-20 15:26:55.263614."}
{"asctime": "2024-12-20T15:27:07", "msecs": 344.0, "levelname": "INFO", "correlation_id": "-", "name": "integration.handlers.all_events_handler", "lineno": 31, "message": "Starting to process events"}
{"asctime": "2024-12-20T15:27:07", "msecs": 346.0, "levelname": "INFO", "correlation_id": "-", "name": "integration.handlers.start_event_handler", "lineno": 9, "message": "Starting to handle start event"}
{"asctime": "2024-12-20T15:27:07", "msecs": 349.0, "levelname": "INFO", "correlation_id": "-", "name": "integration.services.event_preprocessing_service", "lineno": 17, "message": "Starting event preprocessing"}
{"asctime": "2024-12-20T15:27:07", "msecs": 352.0, "levelname": "DEBUG", "correlation_id": "-", "name": "integration.services.event_preprocessing_service", "lineno": 18, "message": "event --> {'conversation_id': 2, 'event_name': 'START', 'event_at': 1734708427, 'data': None}"}
{"asctime": "2024-12-20T15:27:07", "msecs": 353.0, "levelname": "INFO", "correlation_id": "-", "name": "integration.services.get_conversation_details_service", "lineno": 26, "message": "Fetching conversation details for conversation_id: 2"}
{"asctime": "2024-12-20T15:27:09", "msecs": 410.0, "levelname": "INFO", "correlation_id": "-", "name": "integration.services.get_conversation_details_service", "lineno": 50, "message": "Conversation details fetched successfully."}
{"asctime": "2024-12-20T15:27:09", "msecs": 413.0, "levelname": "INFO", "correlation_id": "-", "name": "integration.services.get_advisor_service", "lineno": 26, "message": "Fetching advisor details for advisor_id: 2"}
{"asctime": "2024-12-20T15:27:11", "msecs": 509.0, "levelname": "INFO", "correlation_id": "-", "name": "integration.services.get_advisor_service", "lineno": 44, "message": "Advisor details fetched successfully."}
{"asctime": "2024-12-20T15:27:11", "msecs": 513.0, "levelname": "INFO", "correlation_id": "-", "name": "integration.services.is_agent_exist_service", "lineno": 27, "message": "Checking if agent exists for email: ms_chloe_stewart@company.com"}
{"asctime": "2024-12-20T15:27:13", "msecs": 558.0, "levelname": "INFO", "correlation_id": "-", "name": "integration.services.is_agent_exist_service", "lineno": 42, "message": "No agents found for email: ms_chloe_stewart@company.com."}
{"asctime": "2024-12-20T15:27:13", "msecs": 561.0, "levelname": "INFO", "correlation_id": "-", "name": "integration.services.event_preprocessing_service", "lineno": 42, "message": "No agent found, creating a new one"}
{"asctime": "2024-12-20T15:27:13", "msecs": 564.0, "levelname": "INFO", "correlation_id": "-", "name": "integration.services.create_agent_service", "lineno": 37, "message": "Creating agent with payload: {'email': 'ms_chloe_stewart@company.com', 'name': 'Bethany Davies'}"}
{"asctime": "2024-12-20T15:27:15", "msecs": 623.0, "levelname": "INFO", "correlation_id": "-", "name": "integration.services.create_agent_service", "lineno": 51, "message": "Agent created successfully: {'name': 'Bethany Davies', 'email': 'ms_chloe_stewart@company.com', 'agent_id': '4376a639-1e01-40c4-b1ac-dbc5c7eed8fd'}"}
{"asctime": "2024-12-20T15:27:15", "msecs": 627.0, "levelname": "INFO", "correlation_id": "-", "name": "integration.services.event_preprocessing_service", "lineno": 47, "message": "New agent created successfully"}
{"asctime": "2024-12-20T15:27:15", "msecs": 628.0, "levelname": "DEBUG", "correlation_id": "-", "name": "integration.services.start_event_service", "lineno": 40, "message": "Starting event with payload: {'agent_id': '4376a639-1e01-40c4-b1ac-dbc5c7eed8fd', 'started_at': '2024-12-20T15:27:07.000000', 'external_id': '2'}"}
{"asctime": "2024-12-20T15:27:17", "msecs": 689.0, "levelname": "INFO", "correlation_id": "-", "name": "integration.services.start_event_service", "lineno": 58, "message": "Event started successfully: {'agent_id': '4376a639-1e01-40c4-b1ac-dbc5c7eed8fd', 'started_at': '2024-12-20T15:27:07', 'ended_at': None, 'external_id': '2', 'chat_id': '84451ec1-92fb-4b00-a4fd-75ccc0a1ab14'}"}
{"asctime": "2024-12-20T15:27:17", "msecs": 693.0, "levelname": "INFO", "correlation_id": "-", "name": "integration.services.event_preprocessing_service", "lineno": 75, "message": "Event processed successfully"}
{"asctime": "2024-12-20T15:27:17", "msecs": 695.0, "levelname": "INFO", "correlation_id": "-", "name": "integration.handlers.start_event_handler", "lineno": 19, "message": "Event preprocessing completed successfully"}
{"asctime": "2024-12-20T15:27:17", "msecs": 818.0, "levelname": "INFO", "correlation_id": "-", "name": "integration.handlers.start_event_handler", "lineno": 33, "message": "Start event handled successfully, event saved in database"}
{"asctime": "2024-12-20T15:27:17", "msecs": 821.0, "levelname": "INFO", "correlation_id": "-", "name": "integration.main", "lineno": 25, "message": "Start time --> 2024-12-20 15:27:07.821667"}
{"asctime": "2024-12-20T15:27:17", "msecs": 824.0, "levelname": "INFO", "correlation_id": "-", "name": "integration.handlers.get_events_handler", "lineno": 20, "message": "getting events starting from 2024-12-20 15:27:07.821667"}
{"asctime": "2024-12-20T15:27:17", "msecs": 827.0, "levelname": "DEBUG", "correlation_id": "-", "name": "integration.services.get_events_service", "lineno": 26, "message": "Fetching events with parameters: {'start_at': datetime.datetime(2024, 12, 20, 15, 27, 7, 821667)}"}
{"asctime": "2024-12-20T15:27:19", "msecs": 869.0, "levelname": "DEBUG", "correlation_id": "-", "name": "integration.services.get_events_service", "lineno": 30, "message": "Response received: Status code 200, Headers: {'date': 'Fri, 20 Dec 2024 15:27:19 GMT', 'server': 'uvicorn', 'content-length': '353', 'content-type': 'application/json'}"}
{"asctime": "2024-12-20T15:27:19", "msecs": 873.0, "levelname": "INFO", "correlation_id": "-", "name": "integration.services.get_events_service", "lineno": 41, "message": "Events fetched successfully: 3 events found starting at 2024-12-20 15:27:07.821667."}
{"asctime": "2024-12-20T15:27:19", "msecs": 877.0, "levelname": "INFO", "correlation_id": "-", "name": "integration.handlers.all_events_handler", "lineno": 31, "message": "Starting to process events"}
{"asctime": "2024-12-20T15:27:19", "msecs": 881.0, "levelname": "INFO", "correlation_id": "-", "name": "integration.handlers.start_event_handler", "lineno": 9, "message": "Starting to handle start event"}
{"asctime": "2024-12-20T15:27:19", "msecs": 885.0, "levelname": "INFO", "correlation_id": "-", "name": "integration.services.event_preprocessing_service", "lineno": 17, "message": "Starting event preprocessing"}
{"asctime": "2024-12-20T15:27:19", "msecs": 887.0, "levelname": "DEBUG", "correlation_id": "-", "name": "integration.services.event_preprocessing_service", "lineno": 18, "message": "event --> {'conversation_id': 3, 'event_name': 'START', 'event_at': 1734708439, 'data': None}"}
{"asctime": "2024-12-20T15:27:19", "msecs": 890.0, "levelname": "INFO", "correlation_id": "-", "name": "integration.services.get_conversation_details_service", "lineno": 26, "message": "Fetching conversation details for conversation_id: 3"}
{"asctime": "2024-12-20T15:27:21", "msecs": 932.0, "levelname": "INFO", "correlation_id": "-", "name": "integration.services.get_conversation_details_service", "lineno": 50, "message": "Conversation details fetched successfully."}
{"asctime": "2024-12-20T15:27:21", "msecs": 936.0, "levelname": "INFO", "correlation_id": "-", "name": "integration.services.get_advisor_service", "lineno": 26, "message": "Fetching advisor details for advisor_id: 2"}
{"asctime": "2024-12-20T15:27:23", "msecs": 983.0, "levelname": "INFO", "correlation_id": "-", "name": "integration.services.get_advisor_service", "lineno": 44, "message": "Advisor details fetched successfully."}
{"asctime": "2024-12-20T15:27:23", "msecs": 986.0, "levelname": "INFO", "correlation_id": "-", "name": "integration.services.is_agent_exist_service", "lineno": 27, "message": "Checking if agent exists for email: ms_chloe_stewart@company.com"}
{"asctime": "2024-12-20T15:27:26", "msecs": 30.0, "levelname": "INFO", "correlation_id": "-", "name": "integration.services.is_agent_exist_service", "lineno": 45, "message": "Agent fetch successful: 1 agents found."}
{"asctime": "2024-12-20T15:27:26", "msecs": 34.0, "levelname": "DEBUG", "correlation_id": "-", "name": "integration.services.start_event_service", "lineno": 40, "message": "Starting event with payload: {'agent_id': '4376a639-1e01-40c4-b1ac-dbc5c7eed8fd', 'started_at': '2024-12-20T15:27:19.000000', 'external_id': '3'}"}
{"asctime": "2024-12-20T15:27:28", "msecs": 98.0, "levelname": "INFO", "correlation_id": "-", "name": "integration.services.start_event_service", "lineno": 58, "message": "Event started successfully: {'agent_id': '4376a639-1e01-40c4-b1ac-dbc5c7eed8fd', 'started_at': '2024-12-20T15:27:19', 'ended_at': None, 'external_id': '3', 'chat_id': 'e5901d80-9cbe-4355-b8e5-ba292a3ac360'}"}
{"asctime": "2024-12-20T15:27:28", "msecs": 101.0, "levelname": "INFO", "correlation_id": "-", "name": "integration.services.event_preprocessing_service", "lineno": 75, "message": "Event processed successfully"}
{"asctime": "2024-12-20T15:27:28", "msecs": 104.0, "levelname": "INFO", "correlation_id": "-", "name": "integration.handlers.start_event_handler", "lineno": 19, "message": "Event preprocessing completed successfully"}
{"asctime": "2024-12-20T15:27:28", "msecs": 496.0, "levelname": "INFO", "correlation_id": "-", "name": "integration.handlers.start_event_handler", "lineno": 33, "message": "Start event handled successfully, event saved in database"}
{"asctime": "2024-12-20T15:27:29", "msecs": 896.0, "levelname": "INFO", "correlation_id": "-", "name": "integration.main", "lineno": 25, "message": "Start time --> 2024-12-20 15:27:19.896956"}
{"asctime": "2024-12-20T15:27:29", "msecs": 899.0, "levelname": "INFO", "correlation_id": "-", "name": "integration.handlers.get_events_handler", "lineno": 20, "message": "getting events starting from 2024-12-20 15:27:19.896956"}
{"asctime": "2024-12-20T15:27:29", "msecs": 902.0, "levelname": "DEBUG", "correlation_id": "-", "name": "integration.services.get_events_service", "lineno": 26, "message": "Fetching events with parameters: {'start_at': datetime.datetime(2024, 12, 20, 15, 27, 19, 896956)}"}
{"asctime": "2024-12-20T15:27:31", "msecs": 943.0, "levelname": "DEBUG", "correlation_id": "-", "name": "integration.services.get_events_service", "lineno": 30, "message": "Response received: Status code 200, Headers: {'date': 'Fri, 20 Dec 2024 15:27:31 GMT', 'server': 'uvicorn', 'content-length': '174', 'content-type': 'application/json'}"}
{"asctime": "2024-12-20T15:27:31", "msecs": 947.0, "levelname": "INFO", "correlation_id": "-", "name": "integration.services.get_events_service", "lineno": 41, "message": "Events fetched successfully: 1 events found starting at 2024-12-20 15:27:19.896956."}
{"asctime": "2024-12-20T15:27:31", "msecs": 952.0, "levelname": "INFO", "correlation_id": "-", "name": "integration.handlers.all_events_handler", "lineno": 31, "message": "Starting to process events"}
{"asctime": "2024-12-20T15:27:41", "msecs": 959.0, "levelname": "INFO", "correlation_id": "-", "name": "integration.main", "lineno": 25, "message": "Start time --> 2024-12-20 15:27:31.959025"}
{"asctime": "2024-12-20T15:27:41", "msecs": 961.0, "levelname": "INFO", "correlation_id": "-", "name": "integration.handlers.get_events_handler", "lineno": 20, "message": "getting events starting from 2024-12-20 15:27:31.959025"}
{"asctime": "2024-12-20T15:27:41", "msecs": 964.0, "levelname": "DEBUG", "correlation_id": "-", "name": "integration.services.get_events_service", "lineno": 26, "message": "Fetching events with parameters: {'start_at': datetime.datetime(2024, 12, 20, 15, 27, 31, 959025)}"}
{"asctime": "2024-12-20T15:27:44", "msecs": 14.0, "levelname": "DEBUG", "correlation_id": "-", "name": "integration.services.get_events_service", "lineno": 30, "message": "Response received: Status code 200, Headers: {'date': 'Fri, 20 Dec 2024 15:27:43 GMT', 'server': 'uvicorn', 'content-length': '518', 'content-type': 'application/json'}"}
{"asctime": "2024-12-20T15:27:44", "msecs": 17.0, "levelname": "INFO", "correlation_id": "-", "name": "integration.services.get_events_service", "lineno": 41, "message": "Events fetched successfully: 4 events found starting at 2024-12-20 15:27:31.959025."}
{"asctime": "2024-12-20T15:27:44", "msecs": 21.0, "levelname": "INFO", "correlation_id": "-", "name": "integration.handlers.all_events_handler", "lineno": 31, "message": "Starting to process events"}
{"asctime": "2024-12-20T15:27:54", "msecs": 16.0, "levelname": "INFO", "correlation_id": "-", "name": "integration.main", "lineno": 25, "message": "Start time --> 2024-12-20 15:27:44.016483"}
{"asctime": "2024-12-20T15:27:54", "msecs": 18.0, "levelname": "INFO", "correlation_id": "-", "name": "integration.handlers.get_events_handler", "lineno": 20, "message": "getting events starting from 2024-12-20 15:27:44.016483"}
{"asctime": "2024-12-20T15:27:54", "msecs": 21.0, "levelname": "DEBUG", "correlation_id": "-", "name": "integration.services.get_events_service", "lineno": 26, "message": "Fetching events with parameters: {'start_at': datetime.datetime(2024, 12, 20, 15, 27, 44, 16483)}"}
{"asctime": "2024-12-20T15:27:56", "msecs": 68.0, "levelname": "DEBUG", "correlation_id": "-", "name": "integration.services.get_events_service", "lineno": 30, "message": "Response received: Status code 200, Headers: {'date': 'Fri, 20 Dec 2024 15:27:55 GMT', 'server': 'uvicorn', 'content-length': '619', 'content-type': 'application/json'}"}
{"asctime": "2024-12-20T15:27:56", "msecs": 72.0, "levelname": "INFO", "correlation_id": "-", "name": "integration.services.get_events_service", "lineno": 41, "message": "Events fetched successfully: 5 events found starting at 2024-12-20 15:27:44.016483."}
{"asctime": "2024-12-20T15:27:56", "msecs": 76.0, "levelname": "INFO", "correlation_id": "-", "name": "integration.handlers.all_events_handler", "lineno": 31, "message": "Starting to process events"}
{"asctime": "2024-12-20T15:27:56", "msecs": 78.0, "levelname": "INFO", "correlation_id": "-", "name": "integration.handlers.start_event_handler", "lineno": 9, "message": "Starting to handle start event"}
{"asctime": "2024-12-20T15:27:56", "msecs": 81.0, "levelname": "INFO", "correlation_id": "-", "name": "integration.services.event_preprocessing_service", "lineno": 17, "message": "Starting event preprocessing"}
{"asctime": "2024-12-20T15:27:56", "msecs": 84.0, "levelname": "DEBUG", "correlation_id": "-", "name": "integration.services.event_preprocessing_service", "lineno": 18, "message": "event --> {'conversation_id': 5, 'event_name': 'START', 'event_at': 1734708476, 'data': None}"}
{"asctime": "2024-12-20T15:27:56", "msecs": 87.0, "levelname": "INFO", "correlation_id": "-", "name": "integration.services.get_conversation_details_service", "lineno": 26, "message": "Fetching conversation details for conversation_id: 5"}
{"asctime": "2024-12-20T15:27:58", "msecs": 165.0, "levelname": "INFO", "correlation_id": "-", "name": "integration.services.get_conversation_details_service", "lineno": 50, "message": "Conversation details fetched successfully."}
{"asctime": "2024-12-20T15:27:58", "msecs": 172.0, "levelname": "INFO", "correlation_id": "-", "name": "integration.services.get_advisor_service", "lineno": 26, "message": "Fetching advisor details for advisor_id: 1"}
{"asctime": "2024-12-20T15:28:00", "msecs": 233.0, "levelname": "INFO", "correlation_id": "-", "name": "integration.services.get_advisor_service", "lineno": 44, "message": "Advisor details fetched successfully."}
{"asctime": "2024-12-20T15:28:00", "msecs": 236.0, "levelname": "INFO", "correlation_id": "-", "name": "integration.services.is_agent_exist_service", "lineno": 27, "message": "Checking if agent exists for email: anna_jones@company.com"}
